instance_id,answer_pred_bespoke,answer_pred_str_bespoke,id,answer_pred_qwen,answer_pred_str_qwen,image_file,figure_id,caption,figure_type,compound,figs_numb,qa_pair_type,question,answer_options,venue,categories,source_dataset,paper_id,pdf_url
a73335d8352c93f9ac1956c190bd8cbe,"1, 2, 3, 4, 5","1, 2, 3, 4, 5",a73335d8352c93f9ac1956c190bd8cbe,"not humor, 1, 2, 3, 4, 5","not humor, 1, 2, 3, 4, 5",2020.lrec-1.628.pdf-figure2.png,2020.lrec-1.628.pdf-figure2,figure 2: distribution of votes in the final version of the corpus. the numbers 1 to 5 are the different scores the annotators could assign to the humorous tweets.,pie chart,False,1,closed-ended infinite answer set non-visual,what are all the labels for the slices of the pie chart?,,acl,nan,aclfig,2020.lrec-1.628,https://aclanthology.org/2020.lrec-1.628.pdf
99f7e8687723b3f3a8c6d4a2867f935c,workers per expert,workers per expert,99f7e8687723b3f3a8c6d4a2867f935c,"workers per ""expert""","workers per ""expert""",1708.01425v4-figure3-1.png,1708.01425v4-figure3-1,"figure 3: cohen’s κ agreement for stance annotation on 98 comments. as a trade-off between reducing costs (i.e., discarding fewer instances) and increasing reliability, we chose 5 annotators and a threshold of 0.95 for this task, which resulted in κ = 0.58 (moderate to substantial agreement).",line chart,False,1,closed-ended infinite answer set non-visual,what is the macro-label of the x-axis?,,arxiv,['cs.cl cs.ai'],scigraphqa,1708.01425,https://arxiv.org/pdf/1708.01425v4
724c348e5cd3acde6c28a7f725d072db,-1.0 to 1.0,-1.0 to 1.0,724c348e5cd3acde6c28a7f725d072db,"[-1.0, 1.0]","[-1.0, 1.0]",1201.5484v2-figure7-1.png,1201.5484v2-figure7-1,fig. 7. average number of discussions (threads) initiated by websites (squares) and users (circles) that have received a specific average emotional response. all threads with a threshold ncomments ≥ 8.,line chart,False,1,closed-ended infinite answer set non-visual,what is the range of the average emotional response?,,arxiv,['physics.soc-ph cs.cl cs.si physics.data-an'],scigraphqa,1201.5484,https://arxiv.org/pdf/1201.5484v2
debd0c30b110da746611d682795742df,24,24,debd0c30b110da746611d682795742df,23.5,23.5,2020.acl-main.36.pdf-figure1.png,2020.acl-main.36.pdf-figure1,"figure 1: (a) the convergence speed of the encoder and the decoder. (b) the performance when adding noise to the encoder input, encoder output and decoder input in the inference stage of a basic nat model.",line chart,True,2,closed-ended infinite answer set non-visual,"in subplot (a), what is the bleu score for the decoder at 2m steps?",,acl,nan,aclfig,2020.acl-main.36,https://aclanthology.org/2020.acl-main.36.pdf
93c7ddf0b89769104858abd6b24839e6,57.45%,57.45%,93c7ddf0b89769104858abd6b24839e6,0.57,0.57,1904.05542v1-figure5-1.png,1904.05542v1-figure5-1,"figure 5: nearest neighbor translation accuracy as a function of (log) parallel corpus size. (sent) to sentence-level mapping, and (dict) refers to the baseline (using a static dictionary for mapping). the legend shows the average accuracies of each model using 1m parallel sentences.",line chart,True,6,closed-ended infinite answer set non-visual,what is the accuracy of the fasttext(dict) model in the de-->es plot with all parallel sentences?,,arxiv,['cs.cl'],scigraphqa,1904.05542,https://arxiv.org/pdf/1904.05542v1
166763d548cb4de537a42d0b6772f6eb,10,10,166763d548cb4de537a42d0b6772f6eb,14,14,1609.07033v1-figure5-1.png,1609.07033v1-figure5-1,figure 5: comparison of performance obtained by text segmentation algorithms: bayesian segmentation (bayesseg) and lcseg. “default” setting does not require the number of segments to be explicitly stated when computing segment boundaries using lcseg.,line chart,False,1,closed-ended infinite answer set non-visual,what is the number of segments for 'bayesseg' with an average f-measure of 0.73?,,arxiv,['cs.cl'],scigraphqa,1609.07033,https://arxiv.org/pdf/1609.07033v1
3cb278da87db98fabb80b787795f157c,cross-entropy loss,cross-entropy loss,3cb278da87db98fabb80b787795f157c,loss,loss,1912.07421v1-figure2-1.png,1912.07421v1-figure2-1,fig. 2. accuracies and losses of cnn submodels,line chart,True,4,closed-ended infinite answer set non-visual,what is the type of loss measured in the plots?,,arxiv,['cs.cl cs.ai cs.cy'],scigraphqa,1912.07421,https://arxiv.org/pdf/1912.07421v1
0424ecfcd61a9a6c7aa7299249bbcdf0,german and english,german and english,0424ecfcd61a9a6c7aa7299249bbcdf0,german (de) and english (en),german (de) and english (en),1802.03116v1-figure4-1.png,1802.03116v1-figure4-1,figure 4: comparison with oracle that uses direct source-target parallel or comparable corpora. the joint model corresponds to horizontal lines.,line chart,True,2,closed-ended infinite answer set non-visual,which languages are presented in the plot?,,arxiv,['cs.cl'],scigraphqa,1802.03116,https://arxiv.org/pdf/1802.03116v1
3d687574fd3fae78a9c33d5f54d5f98b,33,33,3d687574fd3fae78a9c33d5f54d5f98b,35,35,1909.12375v1-figure1-1.png,1909.12375v1-figure1-1,"figure 1: test performance (accuracy) in the fget task for different segmentation methods in data scarcity simulation experiments across 4 languages representing 4 broad morphological types, averaged over 5 runs. some data points with chinese (zh) are not shown as in those cases the subword model is reduced to single characters only.",line chart,True,12,closed-ended infinite answer set non-visual,"in the tr subplot with fget training size=2000, what is the we value of the 'bpe1e3' at 35?",,arxiv,['cs.cl'],scigraphqa,1909.12375,https://arxiv.org/pdf/1909.12375v1
0d49d0582f80632c85c7aaa0ef5adf7d,30,30,0d49d0582f80632c85c7aaa0ef5adf7d,30%,30%,1801.04354v5-figure8-1.png,1801.04354v5-figure8-1,figure 8: comparing different token transformer strategies: each curve represents the result of attacking the model with one transformer functions. xaxis: maximum edit distance difference y-axis: model accuracy,line chart,False,1,closed-ended infinite answer set non-visual,what is the model's accuracy when using the 'swapping' strategy with an edit distance of 30?,,arxiv,['cs.cl cs.cr cs.ir cs.lg'],scigraphqa,1801.04354,https://arxiv.org/pdf/1801.04354v5
bbe18f2ff9b9a71b53ebd0aa841b3f72,"i-loc weights, i-misc weights","i-loc weights, i-misc weights",bbe18f2ff9b9a71b53ebd0aa841b3f72,"i-loc weights (true tag), i-misc weights (false tag)","i-loc weights (true tag), i-misc weights (false tag)",1709.00659v2-figure2-1.png,1709.00659v2-figure2-1,figure 2: visualization of hidden representation of a loc entity word “rangoon” and weight parameters corresponding to true and false tags.,line chart,False,1,closed-ended infinite answer set non-visual,what are the two types of weights represented in this figure?,,arxiv,['cs.cl'],scigraphqa,1709.00659,https://arxiv.org/pdf/1709.00659v2
63055f3434144f7f488c1e1954e757c2,350,350,63055f3434144f7f488c1e1954e757c2,0.05,0.05,2020.acl-main.6.pdf-figure2.png,2020.acl-main.6.pdf-figure2,figure 2: bleu improvements on wizard-of-wikipedia.,line chart,False,1,closed-ended infinite answer set non-visual,what is the maximum relative improvement for unseen data?,,acl,nan,aclfig,2020.acl-main.6,https://aclanthology.org/2020.acl-main.6.pdf
e2b25aa9a85854b40126c3a5b8bdd7e4,1,1,e2b25aa9a85854b40126c3a5b8bdd7e4,1.000,1.000,2020.acl-main.31.pdf-figure2.png,2020.acl-main.31.pdf-figure2,"figure 2: test performance and gain with different percent of training data ranging from 0.005 to 1 on mr. the less data in training, the more new words in test.",line chart,False,1,closed-ended infinite answer set non-visual,what is the maximum value in the x-axis?,,acl,nan,aclfig,2020.acl-main.31,https://aclanthology.org/2020.acl-main.31.pdf
ee099191dd8bcc8c0e1c4ff0e4cef15b,sigmoidal,sigmoidal,ee099191dd8bcc8c0e1c4ff0e4cef15b,sigmoid,sigmoid,1703.01619v1-figure9-1.png,1703.01619v1-figure9-1,figure 9: types of non-linearities.,line chart,True,3,closed-ended infinite answer set non-visual,what type of non-linearity is represented by the function tanh(x)?,,arxiv,['cs.cl cs.lg stat.ml'],scigraphqa,1703.01619,https://arxiv.org/pdf/1703.01619v1
a8aed3e23bcbc70c946462f43aba13d9,bioasq7,bioasq7,a8aed3e23bcbc70c946462f43aba13d9,test set 7.4,test set 7.4,2006.09174v1-figure1-1.png,2006.09174v1-figure1-1,"fig. 1. the micro f-measure achieved by systems across different years of the bioasq challenge. for each test set the micro f-measure is presented for the best performing system (top) and the mti, as well as the average micro f-measure of all the participating systems (avg).",line chart,True,7,closed-ended infinite answer set non-visual,which bioasq test set has the highest micro f-measure for the average of all participating systems?,,arxiv,['cs.cl cs.ir cs.lg'],scigraphqa,2006.09174,https://arxiv.org/pdf/2006.09174v1
03f0563f66c43a7d3aafd02915628fef,1.5,1.5,03f0563f66c43a7d3aafd02915628fef,3.5,3.5,2002.01065v2-figure2-1.png,2002.01065v2-figure2-1,fig. 2. prior (left) and posterior (right) distribution of a synthetic causal relation. the new knowledge that we want to validate is represented by the figure of the center. this relation is rejected due to the fact that it is very different from the learned knowledge.,line chart,True,3,closed-ended infinite answer set non-visual,what is the pdf value  in the 'usually adverb representation' plot at a casual probability of 0.2? ,,arxiv,['cs.ai cs.cl'],scigraphqa,2002.01065,https://arxiv.org/pdf/2002.01065v2
36b9e52b016fc3c8846a4b4783be5730,55,55,36b9e52b016fc3c8846a4b4783be5730,50,50,2001.01000v1-figure17-1.png,2001.01000v1-figure17-1,"fig. 17. evolution of the identification rate as a function of α and β, when the first and second eigenresiduals (µ1(n) and µ2(n)) are combined according to equations (5) and (6).",line chart,True,2,closed-ended infinite answer set non-visual,what is the identification rate when beta is 0.2?,,arxiv,['cs.sd cs.cl eess.as'],scigraphqa,2001.01000,https://arxiv.org/pdf/2001.01000v1
2a098613af241b6f0e40bf8ffd7df21d,0.5 to 1.0,0.5 to 1.0,2a098613af241b6f0e40bf8ffd7df21d,"[0.5, 1.0]","[0.5, 1.0]",1909.05023v2-figure5-1.png,1909.05023v2-figure5-1,"figure 5: ratios of rt/rt1 for various power law exponents k. left: {0.2, 0.4, 0.6, 0.8} from top to bottom, middle: {1.2, 1.4, 1.6, 1.8} from top to bottom, right: {2.5, 3.0, 3.5, 4.0} from bottom to top. in all cases the runtime ratos approach 1 exponentially fast with growing n.",line chart,True,3,closed-ended infinite answer set non-visual,what is the range of the values presented in the y-axis?,,arxiv,['quant-ph cs.cl cs.ds cs.lg'],scigraphqa,1909.05023,https://arxiv.org/pdf/1909.05023v2
7b4e359bc9b986a898a32a46186b7f02,72%,72%,7b4e359bc9b986a898a32a46186b7f02,72,72,1504.07225v3-figure6-1.png,1504.07225v3-figure6-1,figure 6: cross-lingual classification accuracy results for de→ en,line chart,False,1,closed-ended infinite answer set non-visual,what is the accuracy of the 'klementiev et al.' method when the number of documents in the training set is 1000?,,arxiv,['cs.cl cs.lg cs.ne stat.ml'],scigraphqa,1504.07225,https://arxiv.org/pdf/1504.07225v3
99096d270a5a93995e14903727e9d2d7,0.82,0.82,99096d270a5a93995e14903727e9d2d7,0.81,0.81,2005.12246v1-figure1-1.png,2005.12246v1-figure1-1,"figure 1: accuracy of the entire development set of fdcl18 (top), and fpr rate for abusive (middle) and hate (bottom) speech detection for tweets inferred as aae in the development set. x axis denotes the number of epochs. 0th epoch is the best checkpoint for pretraining step, which is also the baseline model.",line chart,True,3,closed-ended infinite answer set non-visual,"in the accuracy plot, what it the maximum value presented in the y-axis?",,arxiv,['cs.cl'],scigraphqa,2005.12246,https://arxiv.org/pdf/2005.12246v1
e12eb617b1f8648c93fc229a95aa85cf,0 to 6×10^-5,0 to 6×10^-5,e12eb617b1f8648c93fc229a95aa85cf,"[6e-05, 1e-05]","[6e-05, 1e-05]",1911.11756v1-figure2-1.png,1911.11756v1-figure2-1,fig. 2: the schedule of w(t) with max value 10. we use the same scheduling function as in [3].,line chart,True,2,closed-ended infinite answer set non-visual,what is the learning rate range?,,arxiv,['cs.lg cs.cl stat.ml'],scigraphqa,1911.11756,https://arxiv.org/pdf/1911.11756v1
a08bebe764fcfe089fb481c42dffe553,500,500,a08bebe764fcfe089fb481c42dffe553,400,400,1810.06645v1-figure1-1.png,1810.06645v1-figure1-1,fig. 1. sentiment polarity probability difference between male and female.,line chart,False,1,closed-ended infinite answer set non-visual,what is the maximum number of people presented in the y-axis?,,arxiv,['cs.cl cs.ai'],scigraphqa,1810.06645,https://arxiv.org/pdf/1810.06645v1
68472d369f9b9dc3092d45706fa236fe,2000,2000,68472d369f9b9dc3092d45706fa236fe,20000,20000,1606.07287v1-figure4-1.png,1606.07287v1-figure4-1,"figure 4: validation loss for lv and lt, optimizing on a linear combination of losses (blue) or using two optimizers with stochastic loss selection (sl, red).",line chart,True,2,closed-ended infinite answer set non-visual,what is the number of iterations for the 'aggregated loss' when the y-axis value is 13.5?,,arxiv,['cs.ir cs.cl cs.cv cs.ne'],scigraphqa,1606.07287,https://arxiv.org/pdf/1606.07287v1
8dc3c1c9cfa6bbfc1f9b84eaba7b61d1,85,85,8dc3c1c9cfa6bbfc1f9b84eaba7b61d1,80%,80%,1805.01070v2-figure1-1.png,1805.01070v2-figure1-1,"figure 1: probing task scores after each training epoch, for nmt and skipthought. we also report training score evolution: bleu for nmt; perplexity (ppl) for skipthought.",line chart,True,4,closed-ended infinite answer set non-visual,what is the accuracy value for 'tense' in 'nmt en-de - bilstm-max' at epoxh 10?,,arxiv,['cs.cl'],scigraphqa,1805.01070,https://arxiv.org/pdf/1805.01070v2
10332c8718a9a42e48d57c61b21ba713,2% to 100%,2% to 100%,10332c8718a9a42e48d57c61b21ba713,98%,98%,1904.13258v1-figure1-1.png,1904.13258v1-figure1-1,fig. 1. the nist stt benchmark test history - may’09 [7],line chart,False,1,closed-ended infinite answer set non-visual,what is the range of wer values?,,arxiv,['cs.cl cs.sd eess.as'],scigraphqa,1904.13258,https://arxiv.org/pdf/1904.13258v1
4f3a6fe120fd15440575631d9f25056d,0.5,0.5,4f3a6fe120fd15440575631d9f25056d,0,0,1909.01559v2-figure3-1.png,1909.01559v2-figure3-1,figure 3: learning curves averaged over four independent training runs on de→en direction. the x-axis represents training steps (× 50).,line chart,True,2,closed-ended infinite answer set non-visual,what is the al value of 'rl training; with 10 training steps?,,arxiv,['cs.cl'],scigraphqa,1909.01559,https://arxiv.org/pdf/1909.01559v2
21a7f3aae83254a65f276895347de60e,3,3,21a7f3aae83254a65f276895347de60e,three,three,1811.02549v6-figure6-1.png,1811.02549v6-figure6-1,"figure 6: analysis of decoding methods. (lower is better for all metrics). left: less biased methods provided a better quality/diversity trade-off. right: however, they are computationally much more expensive.",line chart,True,2,closed-ended infinite answer set non-visual,how many methods are presented in the plots?,,arxiv,['cs.cl cs.lg'],scigraphqa,1811.02549,https://arxiv.org/pdf/1811.02549v6
ad2c45d2510bcaca53421d4e26ec24df,20 to 140,20 to 140,ad2c45d2510bcaca53421d4e26ec24df,0 to 150,0 to 150,1609.06686v1-figure2-1.png,1609.06686v1-figure2-1,figure 2: f1 scores on emails dataset figure 3: f1 scores on blogs dataset,line chart,True,2,closed-ended infinite answer set non-visual,what is the range of the number of authors presented in the first plot?,,arxiv,['cs.cl cs.lg'],scigraphqa,1609.06686,https://arxiv.org/pdf/1609.06686v1
2e7b2d03e0f4891dce92bc2a95322a4c,-6 to -0.5,-6 to -0.5,2e7b2d03e0f4891dce92bc2a95322a4c,-5,-5,1805.00462v1-figure3-1.png,1805.00462v1-figure3-1,figure 3: evolution of reward during training for the word-level task without image variations.,line chart,False,1,closed-ended infinite answer set non-visual,what is the reward value of 'reinforce' at all number of games?,,arxiv,['cs.cl cs.ai'],scigraphqa,1805.00462,https://arxiv.org/pdf/1805.00462v1
5260902527948856d2164c012396cd66,98,98,5260902527948856d2164c012396cd66,95,95,1704.07050v2-figure3-1.png,1704.07050v2-figure3-1,figure 3: precision-recall curves for spanish-english. baseline denotes state of the art performance.,line chart,False,1,closed-ended infinite answer set non-visual,what is the maximum value of precision?,,arxiv,['cs.cl cs.lg stat.ml'],scigraphqa,1704.07050,https://arxiv.org/pdf/1704.07050v2
da9a103b47f8da8f5e7c2d8289de8962,not explicitly stated,not explicitly stated,da9a103b47f8da8f5e7c2d8289de8962,f0,f0,1704.02565v2-figure17-1.png,1704.02565v2-figure17-1,"figure 17: english question-answer interview sequence extracted from aix-marsec corpus, item j0104g (male voices).",line chart,True,3,closed-ended infinite answer set non-visual,what is the label of y-axis?,,arxiv,['cs.cl'],scigraphqa,1704.02565,https://arxiv.org/pdf/1704.02565v2
9d745950211725e3606b125e738389f6,normal classifier and embedded classifier,normal classifier and embedded classifier,9d745950211725e3606b125e738389f6,"normal classifier, embedded classifier","normal classifier, embedded classifier",2009.13826v1-figure6-1.png,2009.13826v1-figure6-1,figure 6: blogcatalog classify result1,line chart,True,2,closed-ended infinite answer set non-visual,what are the two types of classifiers being compared in the figure?,,arxiv,['cs.lg cs.cl stat.ml'],scigraphqa,2009.13826,https://arxiv.org/pdf/2009.13826v1
c5941515af46fd93260fb2c139f32651,75,75,c5941515af46fd93260fb2c139f32651,0.75,0.75,1702.02052v1-figure3-1.png,1702.02052v1-figure3-1,figure 3: accuracy of the teacher’s predictions on the top n target domain examples with the highest mcd value for the k->d domain pair.,line chart,False,1,closed-ended infinite answer set non-visual,what is the accuracy of the teacher's predictions on the top 2000 target domain examples with the highest mcd value?,,arxiv,['cs.cl cs.lg'],scigraphqa,1702.02052,https://arxiv.org/pdf/1702.02052v1
0e374c0703320c40ef9d61e097276686,20,20,0e374c0703320c40ef9d61e097276686,9905,9905,w12-0203.pdf-figure4.png,w12-0203.pdf-figure4,figure 4: screencap of motion chart for collision,scatter plot,False,1,closed-ended infinite answer set non-visual,how many words are presented in the figure?,,acl,nan,aclfig,w12-0203,https://aclanthology.org/w12-0203.pdf
4519a732a5ae41969808c0ec06d93847,quality^-1,quality^-1,4519a732a5ae41969808c0ec06d93847,quality⁻¹,quality⁻¹,1811.02549v6-figure1-1.png,1811.02549v6-figure1-1,"figure 1: the importance of temperature for evaluating nlg models on quality and diversity. each sub-figure plots inverse quality against inverse diversity (lower is better for both metrics). left: current way of comparing nlg models. in this case, it is impossible to come to any meaningful conclusions about which model (red or blue) dominates the other. middle: with our proposed nlg evaluation framework, the temperature sweep shines a light on the relative performance of the models: the red model should be used for high-diversity samples and the blue model for high-quality samples. right: a second simulated scenario (consistent with the left figure) where the temperature sweep reveals that the blue model dominates the red. that is, for any desired diversity-level, there is a temperature for which the blue model outperforms the red in terms of quality (and vice versa).",scatter plot,True,3,closed-ended infinite answer set non-visual,what is the label of the x-axis?,,arxiv,['cs.cl cs.lg'],scigraphqa,1811.02549,https://arxiv.org/pdf/1811.02549v6
054098e79d7a0818bbbf942beac301ee,machine learning paper,machine learning paper,054098e79d7a0818bbbf942beac301ee,machine learning,machine learning,2020.acl-main.447.pdf-figure3.png,2020.acl-main.447.pdf-figure3,"figure 3: word2vec embeddings associated with 20k papers in six ai-related arxiv categories visualized using t-sne (van der maaten and hinton, 2008). example papers from two randomly selected sub-regions a and b are given in table 7.",scatter plot,False,1,closed-ended infinite answer set non-visual,which element is located in the a region?,,acl,nan,aclfig,2020.acl-main.447,https://aclanthology.org/2020.acl-main.447.pdf
af8a8ea51c74de70445c95fb70ce9f2b,e_i^c,e_i^c,af8a8ea51c74de70445c95fb70ce9f2b,\( e_i^c \),\( e_i^c \),n18-1151.pdf-figure2.png,n18-1151.pdf-figure2,figure 2: the structure of attention-based conversation context encoder.,neural networks,False,1,closed-ended infinite answer set non-visual,what is the final output of the attention-based conversation context encoder?,,acl,nan,aclfig,n18-1151,https://aclanthology.org/n18-1151.pdf
99ccce63f6fe8dabc4866149540081a9,1 + 2 + 2 + n = 5 + n,1 + 2 + 2 + n = 5 + n,99ccce63f6fe8dabc4866149540081a9,14,14,2020.acl-main.97.pdf-figure2.png,2020.acl-main.97.pdf-figure2,"figure 2: overview of dte. dte consists of two parts: tree comment network (the left) and decision tree model (the right), which is used to evaluate the credibility of each node in the tree comment network for discovering evidence.",tree,True,2,closed-ended infinite answer set non-visual,how many nodes are on the tree comments figure?,,acl,nan,aclfig,2020.acl-main.97,https://aclanthology.org/2020.acl-main.97.pdf
7dbc54453767473b33c3c81604387f36,preference,preference,7dbc54453767473b33c3c81604387f36,precedence,precedence,w12-4701.pdf-figure6.png,w12-4701.pdf-figure6,figure 6: purvakalkatvam,tree,False,1,closed-ended infinite answer set non-visual,what does the term 'pūrvakālikatvam' represent?,,acl,nan,aclfig,w12-4701,https://aclanthology.org/w12-4701.pdf
ad51fb7f820887fcee500db0a57bb126,5,5,ad51fb7f820887fcee500db0a57bb126,3,3,y09-1038.pdf-figure2.png,y09-1038.pdf-figure2,"figure 2: a syntactic parse tree with aapdist and argdist example. there is a simultaenous temporal relation between (move, resign) event pair in this parse tree.",tree,False,1,closed-ended infinite answer set non-visual,"what is the value of argdist(np, resigned)?",,acl,nan,aclfig,y09-1038,https://aclanthology.org/y09-1038.pdf
b72feb9d48aaec9f9ec8e4653369d890,6,6,b72feb9d48aaec9f9ec8e4653369d890,7,7,2020.acl-main.67.pdf-figure2.png,2020.acl-main.67.pdf-figure2,figure 2: neighborhood information in different orders.,graph,False,1,closed-ended infinite answer set non-visual,how many nodes are in the figure?,,acl,nan,aclfig,2020.acl-main.67,https://aclanthology.org/2020.acl-main.67.pdf
9fa4435b8f1c77ff8bf0f19f64e22e03,c-dsr engine and diagnostic center dc,c-dsr engine and diagnostic center dc,9fa4435b8f1c77ff8bf0f19f64e22e03,"c-dsr client (mobile device i), c-dsr client (mobile device ii), c-dsr engine","c-dsr client (mobile device i), c-dsr client (mobile device ii), c-dsr engine",o04-3006.pdf-figure2.png,o04-3006.pdf-figure2,figure 2. the function blocks of the c-dsr platform.,architecture diagram,False,1,closed-ended infinite answer set non-visual,what is the label of the elements connected to parser?,,acl,nan,aclfig,o04-3006,https://aclanthology.org/o04-3006.pdf
d24a326b987ab169099815bc9daa30b6,0.60 and 0.70,0.60 and 0.70,d24a326b987ab169099815bc9daa30b6,0.6 to 0.75,0.6 to 0.75,1611.02590v2-figure4-1.png,1611.02590v2-figure4-1,"figure 4: significant differences for resolving tweets in claims validated as true vs false. in verified claims, resolving tweets show higher certainty cue (crt) related values than non-resolving tweets. in falsified claims, resolving tweets show higher doubt cue (dcr) related values than non-resolving tweets.",box plot,True,7,closed-ended infinite answer set non-visual,"what is are the two values presented in y-axis of plot labeled 'crt""?",,arxiv,['cs.cl'],scigraphqa,1611.02590,https://arxiv.org/pdf/1611.02590v2
d84d60e601499ea1b4a503a663531bfb,upper left portion,upper left portion,d84d60e601499ea1b4a503a663531bfb,300x300 matrix,300x300 matrix,u15-1009.pdf-figure2.png,u15-1009.pdf-figure2,figure 2: motifs in 300-dimension lex plot of domestic violence report,confusion matrix,False,1,closed-ended infinite answer set non-visual,where is the information located in the figure?,,acl,nan,aclfig,u15-1009,https://aclanthology.org/u15-1009.pdf
92d770511152ef3488ae0835be3a0626,85,85,92d770511152ef3488ae0835be3a0626,85%,85%,2020.acl-main.622.pdf-figure3.png,2020.acl-main.622.pdf-figure3,figure 3: performance on the development set of the conll-2012 dataset with various number of speakers. f1(speaker as feature): f1 score for the strategy that treats speaker information as a mention-pair feature. f1(speaker as input): f1 score for our strategy that treats speaker names as token input. frequency: percentage of documents with specific number of speakers.,bar chart,False,1,closed-ended infinite answer set non-visual,what is the f1 score when speaker information is treated as a mention-pair feature for documents with one speaker?,,acl,nan,aclfig,2020.acl-main.622,https://aclanthology.org/2020.acl-main.622.pdf
856cdb0c4e3c2cb070543563c7e6c905,10,10,856cdb0c4e3c2cb070543563c7e6c905,2,2,2020.lrec-1.114.pdf-figure2.png,2020.lrec-1.114.pdf-figure2,figure 2: distribution of metalinguistic labels in vgg.,pie chart,False,1,closed-ended infinite answer set non-visual,what is the percentage of 'err' labels in vgg?,,acl,nan,aclfig,2020.lrec-1.114,https://aclanthology.org/2020.lrec-1.114.pdf
40401485419737974a823d1ed939d6f8,54,54,40401485419737974a823d1ed939d6f8,54%,54%,2020.ngt-1.24.pdf-figure1.png,2020.ngt-1.24.pdf-figure1,figure 1: profiling of the throughput during inference on newstest2018 using a 35-6 model.,pie chart,False,1,closed-ended infinite answer set non-visual,what percentage of the inference time is dedicated to the decoder?,,acl,nan,aclfig,2020.ngt-1.24,https://aclanthology.org/2020.ngt-1.24.pdf
73d228fb978616239f4f01823b9e4a01,"info deletion
```","info deletion
```",73d228fb978616239f4f01823b9e4a01,info deletion,info deletion,2002.08307v2-figure1-1.png,2002.08307v2-figure1-1,"figure 1: (blue) the best glue dev accuracy and training losses for models pruned during pre-training, averaged over 5 tasks. also shown are models with information deletion during pre-training (orange), models pruned after downstream fine-tuning (green), and models pruned randomly during pre-training instead of by lowest magnitude (red). 30-40% of weights can be pruned using magnitude weight pruning without decreasing dowsntream accuracy. notice that information deletion fits the training data better than un-pruned models at all sparsity levels but does not fully recover evaluation accuracy. also, models pruned after downstream fine-tuning have the same or worse development accuracy, despite achieving lower training losses. note: none of the pruned models are overfitting because un-pruned models have the lowest training loss and the highest development accuracy. while the results for individual tasks are in table 1, each task does not vary much from the average trend, with an exception discussed in section 4.3.",line chart,True,2,closed-ended infinite answer set non-visual,which pruning method achieves the highest development accuracy at a prune percentage of 0.8?,,arxiv,['cs.cl'],scigraphqa,2002.08307,https://arxiv.org/pdf/2002.08307v2
58134ae6ec07421be35d21b3117ba403,60,60,58134ae6ec07421be35d21b3117ba403,65,65,1802.07420v2-figure3-1.png,1802.07420v2-figure3-1,fig. 3. cross-lingual training of kurmanji and swahili systems.,line chart,True,2,closed-ended infinite answer set non-visual,what is the highest phoneme error rate recorded in 'softmax adaptation'?,,arxiv,['cs.cl cs.sd eess.as'],scigraphqa,1802.07420,https://arxiv.org/pdf/1802.07420v2
5831b80705b2047aef137c112510f8f0,linzen's supervised model,linzen's supervised model,5831b80705b2047aef137c112510f8f0,linzen's supervised,linzen's supervised,1803.11138v1-figure3-1.png,1803.11138v1-figure3-1,figure 3: linzen’s attractor set. our lm-trained lstm (blue; “median” model) compared to their lstm with explicit number supervision (green) and their best lm-trained lstm (red).,line chart,False,1,closed-ended infinite answer set non-visual,which model achieved the highest accuracy at zero attractors?,,arxiv,['cs.cl'],scigraphqa,1803.11138,https://arxiv.org/pdf/1803.11138v1
2c6b28bd80b3e623c656e8db14482f33,4,4,2c6b28bd80b3e623c656e8db14482f33,four,four,2020.acl-main.94.pdf-figure5.png,2020.acl-main.94.pdf-figure5,figure 5: bli performance for each pos in the different domain setting.,line chart,True,4,closed-ended infinite answer set non-visual,how many languages are compared in figure 5?,,acl,nan,aclfig,2020.acl-main.94,https://aclanthology.org/2020.acl-main.94.pdf
6e2d477e1d18646079b1d4507af425c4,60%,60%,6e2d477e1d18646079b1d4507af425c4,50%,50%,1701.08340v2-figure3-1.png,1701.08340v2-figure3-1,figure 3: effect of using different corpora in with different comparability degree,line chart,False,1,closed-ended infinite answer set non-visual,what is the accuracy of using gencorpus with top-10 when dicpi-wo is used?,,arxiv,['cs.cl'],scigraphqa,1701.08340,https://arxiv.org/pdf/1701.08340v2
7e9555b063c7079388582909e5f29078,93.5,93.5,7e9555b063c7079388582909e5f29078,94,94,1910.04176v1-figure2-1.png,1910.04176v1-figure2-1,"figure 2: ic accuracy on snips’s addtoplaylist intent with varying number of seed examples. 100 examples are generated using different fda techniques. as indicated by the accuracy trend, increasing the seed examples leads to better performance.",line chart,False,1,closed-ended infinite answer set non-visual,what is the intent accuracy for the 'deltas' method when the number of seed examples is 15?,,arxiv,['cs.cl cs.ir cs.lg'],scigraphqa,1910.04176,https://arxiv.org/pdf/1910.04176v1
a6f118970c97f291a46ec6bf6900126e,4,4,a6f118970c97f291a46ec6bf6900126e,2,2,1907.00820v1-figure3-1.png,1907.00820v1-figure3-1,figure 3: averaged visualization about (a and c) controller gate and (b and d) read-write policy for tann and sann on mirror task. note that all the plots are derived from being averaging over 500 random samples. the x-axis shows each time step represented by input xi or output yi. the 〈eos〉 represent the input delimiter.,line chart,True,4,closed-ended infinite answer set non-visual,how many methods are compared in plot 'c'?,,arxiv,['cs.lg cs.cl cs.ne'],scigraphqa,1907.00820,https://arxiv.org/pdf/1907.00820v1
ad66d2e7d5ccec1a9213d5d714e1ae6c,8.0,8.0,ad66d2e7d5ccec1a9213d5d714e1ae6c,8,8,1508.03601v1-figure4-1.png,1508.03601v1-figure4-1,figure 4: impact of topic1,line chart,False,1,closed-ended infinite answer set non-visual,what is the impact of topic1 in month 5?,,arxiv,['cs.si cs.cl'],scigraphqa,1508.03601,https://arxiv.org/pdf/1508.03601v1
71f0e9dd68b43e1f9cea0a1fd00f3247,"r2l, r2h, cnn+att, hoffmann, pcnn+att, mimlre, mintz","r2l, r2h, cnn+att, hoffmann, pcnn+att, mimlre, mintz",71f0e9dd68b43e1f9cea0a1fd00f3247,"r²₂₄ (linear), r²₄ₕ (quadratic), cnn+att, hoffmann, pcnn+att, mimlre, mintz","r²₂₄ (linear), r²₄ₕ (quadratic), cnn+att, hoffmann, pcnn+att, mimlre, mintz",1711.05294v1-figure2-1.png,1711.05294v1-figure2-1,figure 2: results for the relation extraction from the nyt corpus: comparison with state-of-the-art neural network models.,line chart,False,1,closed-ended infinite answer set non-visual,what are the models compared in this figure?,,arxiv,['cs.cl'],scigraphqa,1711.05294,https://arxiv.org/pdf/1711.05294v1
9d91192e981dd08cac843daf7f4317d0,2,2,9d91192e981dd08cac843daf7f4317d0,two,two,2007.02540v1-figure4-1.png,2007.02540v1-figure4-1,figure 4: learning curve on the training dataset.,line chart,True,2,closed-ended infinite answer set non-visual,how many methods are compared in figure 4?,,arxiv,['cs.cl cs.ai'],scigraphqa,2007.02540,https://arxiv.org/pdf/2007.02540v1
6a214291823abd143772eebc7badc121,"baseline, wd_source, wd_target, mrt","baseline, wd_source, wd_target, mrt",6a214291823abd143772eebc7badc121,"baseline, wd, source, wd, target, mrt","baseline, wd, source, wd, target, mrt",2010.10907v1-figure5-1.png,2010.10907v1-figure5-1,"figure 5: results for random prefixes. for each generation step, the figure shows (a) contribution of source, (b) entropy of source contributions.",line chart,True,2,closed-ended infinite answer set non-visual,what are the different models compared in figure 5?,,arxiv,['cs.cl'],scigraphqa,2010.10907,https://arxiv.org/pdf/2010.10907v1
25b4667fb877ea1c762ce275c0ac4b45,92.7%,92.7%,25b4667fb877ea1c762ce275c0ac4b45,96.6%,96.6%,1705.03633v1-figure5-1.png,1705.03633v1-figure5-1,"figure 5. question answering accuracy on the clevr-cogent dataset (higher is better). top: we train models on condition a, then test them on both condition a and condition b. we then finetune these models on condition b using 3k images and 30k questions, and again test on both conditions. our model uses 18k programs during training on condition a, and does not use any programs during finetuning on condition b. bottom: we investigate the effects of using different amounts of data when finetuning on condition b. we show overall accuracy as well as accuracy on color-query and shape-query questions.",line chart,True,3,closed-ended infinite answer set non-visual,what is the highest accuracy achieved by 'ours' in the table?,,arxiv,['cs.cv cs.cl cs.lg'],scigraphqa,1705.03633,https://arxiv.org/pdf/1705.03633v1
c14aabc4716bb8753ccd0dddefad75d1,50,50,c14aabc4716bb8753ccd0dddefad75d1,900,900,1605.04569v2-figure1-1.png,1605.04569v2-figure1-1,figure 1: performance with nplm over beam size on english-german news-test2015. a beam of 12 corresponds to row 15 in tab. 3.,line chart,False,1,closed-ended infinite answer set non-visual,what is the highest number of node expansions shown in figure 1's x-axis?,,arxiv,['cs.cl'],scigraphqa,1605.04569,https://arxiv.org/pdf/1605.04569v2
978c47ec8d888657cc6aa98b861f75d9,95,95,978c47ec8d888657cc6aa98b861f75d9,90,90,1905.12065v1-figure2-1.png,1905.12065v1-figure2-1,"figure 2: smoothed distances (abscissa) plotted against radial bins (ordinate) over 360 degrees, for bass (top panel, ) versus oxidation (bottom panel, ), as computed over grolier’s encyclopedia, with the following parameter settings: , , , .",line chart,True,2,closed-ended infinite answer set non-visual,what is the highest smoothed distance recorded for bass?,,arxiv,['cs.cl'],scigraphqa,1905.12065,https://arxiv.org/pdf/1905.12065v1
d6319b5bf6ed310c592eaa164c2e6c98,"september-oklahoma, nurse-lawyer","september-oklahoma, nurse-lawyer",d6319b5bf6ed310c592eaa164c2e6c98,"september, oklahoma","september, oklahoma",1909.01459v1-figure2-1.png,1909.01459v1-figure2-1,figure 2: gender and sentiment trajectories in the senate corpus.,line chart,True,2,closed-ended infinite answer set non-visual,what are the two entities being compared for sentiment trajectory?,,arxiv,['cs.cl cs.lg stat.ml'],scigraphqa,1909.01459,https://arxiv.org/pdf/1909.01459v1
2662ba9b3737545c53454a829e989e20,31.5,31.5,2662ba9b3737545c53454a829e989e20,32.5,32.5,1911.10768v2-figure4-1.png,1911.10768v2-figure4-1,figure 4: performance (f1) of the proposed model in adaptation from squad and newsqa to duorc versus number of source training data.,line chart,False,1,closed-ended infinite answer set non-visual,"what is the approximate performance (f1) of the model adapted from newsqa with 80,000 source training data?",,arxiv,['cs.cl'],scigraphqa,1911.10768,https://arxiv.org/pdf/1911.10768v2
7a744dd0c935ea58869f091cd57e9451,lstm and bert,lstm and bert,7a744dd0c935ea58869f091cd57e9451,"lstm, bert","lstm, bert",2009.07494v1-figure4-1.png,2009.07494v1-figure4-1,figure 4: parameter analysis of integrad on sst2.,line chart,True,2,closed-ended infinite answer set non-visual,what are the two models shown in figure 4?,,arxiv,['cs.cl cs.lg'],scigraphqa,2009.07494,https://arxiv.org/pdf/2009.07494v1
52c4a44c8369cf1ee52e119171afc95b,3,3,52c4a44c8369cf1ee52e119171afc95b,"100, 200, 500","100, 200, 500",1401.5390v1-figure12-1.png,1401.5390v1-figure12-1,"figure 12: win rate as a function of computation time per game step. for each montecarlo search method, win rate and computation time were measured for 100, 200 and 500 roll-outs per game step, respectively.",line chart,False,1,closed-ended infinite answer set non-visual,how many different roll-outs per game step were tested for each montecarlo search method and is plotted in figure 12?,,arxiv,['cs.cl cs.ai cs.lg'],scigraphqa,1401.5390,https://arxiv.org/pdf/1401.5390v1
6b505f90bdb183f76e26c2752bccffc9,1m,1m,6b505f90bdb183f76e26c2752bccffc9,+1m,+1m,1907.08889v1-figure1-1.png,1907.08889v1-figure1-1,figure 1: (exp1) models trained on the artificial data generated by the corresponding aeg model. the xaxis represents the amount of artificial data added to nucle-clc during training.,line chart,False,1,closed-ended infinite answer set non-visual,what is the amount of artificial data added to nucle-clc during training when the f0.5 score for the on lstm model is approximately 20?,,arxiv,['cs.cl'],scigraphqa,1907.08889,https://arxiv.org/pdf/1907.08889v1
1dcc7fddab05cc5df014a491241b5e98,3,3,1dcc7fddab05cc5df014a491241b5e98,three,three,1910.03506v2-figure3-1.png,1910.03506v2-figure3-1,figure 3: verification of heap’s law,line chart,False,1,closed-ended infinite answer set non-visual,how many methods are compared in figure 3?,,arxiv,['cs.cl cs.lg stat.ml'],scigraphqa,1910.03506,https://arxiv.org/pdf/1910.03506v2
079b253cbda827b66c1c4c54570d8369,0.58,0.58,079b253cbda827b66c1c4c54570d8369,0.53,0.53,1804.00084v1-figure4.1-1.png,1804.00084v1-figure4.1-1,"figure 4.1: distribution of the fraction of females (in blue color) and males (in green color) in the rank of users with most followers. the intersection point happens in the top 14%, meaning the fraction of females became higher than males from this point.",line chart,False,1,closed-ended infinite answer set non-visual,what is the highest fraction of male users?,,arxiv,['cs.si cs.cl'],scigraphqa,1804.00084,https://arxiv.org/pdf/1804.00084v1
bc2aed7ee5344e23e22c64084e5ccf11,0.98,0.98,bc2aed7ee5344e23e22c64084e5ccf11,0.9,0.9,1510.08418v1-figure3-1.png,1510.08418v1-figure3-1,"figure 3: per-edge precision, recall and f1-score using different thresholds on the prediction values of maxent.",line chart,False,1,closed-ended infinite answer set non-visual,what is the approximate highest recall achieved?,,arxiv,['cs.cl'],scigraphqa,1510.08418,https://arxiv.org/pdf/1510.08418v1
9f9f0fc2cfdd967839bd3521e8157da7,lexrank,lexrank,9f9f0fc2cfdd967839bd3521e8157da7,centroid-word2vec-balanced,centroid-word2vec-balanced,2007.07860v1-figure4-1.png,2007.07860v1-figure4-1,figure 4: crowdflower-gender evaluation 1. fraction of non-brand posts by male user accounts in summaries generated by standard summarization algorithms (a) and our framework (b).,line chart,True,2,closed-ended infinite answer set non-visual,which summarization algorithm is associated with the line labeled 'centroid-word2vec-balanced'?,,arxiv,['cs.cy cs.cl'],scigraphqa,2007.07860,https://arxiv.org/pdf/2007.07860v1
d1a0943432c4d3a6ad1a1efd61e1251e,3,3,d1a0943432c4d3a6ad1a1efd61e1251e,three,three,1205.4387v1-figure1-1.png,1205.4387v1-figure1-1,figure 1: precision-biased results on the dev-set.,line chart,True,3,closed-ended infinite answer set non-visual,how many different entities are compared in graph (a) in figure 1?,,arxiv,['cs.cl'],scigraphqa,1205.4387,https://arxiv.org/pdf/1205.4387v1
d859645027936f56bce8072820474f1c,2,2,d859645027936f56bce8072820474f1c,two,two,1909.00923v1-figure3-1.png,1909.00923v1-figure3-1,fig. 3 distribution of repetition rate of ten-fold cross-validation,line chart,False,1,closed-ended infinite answer set non-visual,how many methods are compared in figure 3?,,arxiv,['cs.cl cs.ai'],scigraphqa,1909.00923,https://arxiv.org/pdf/1909.00923v1
19e0ef6fa4a74b4bf3440b3c777cf8e5,10,10,19e0ef6fa4a74b4bf3440b3c777cf8e5,9,9,1801.06146v5-figure4-1.png,1801.06146v5-figure4-1,"figure 4: validation error rate curves for finetuning the classifier with ulmfit and ‘full’ on imdb, trec-6, and ag (top to bottom).",line chart,True,3,closed-ended infinite answer set non-visual,what is the highest validation error rate of 'full' on the imdb dataset?,,arxiv,['cs.cl cs.lg stat.ml'],scigraphqa,1801.06146,https://arxiv.org/pdf/1801.06146v5
31bc588efe795087d5957c25b559ad08,"syso
30
26
22","syso
30
26
22",31bc588efe795087d5957c25b559ad08,syso,syso,1706.07238v1-figure4-1.png,1706.07238v1-figure4-1,figure 4: performance as function of hypothesis diversity in chime-3.,line chart,False,1,closed-ended infinite answer set non-visual,which method reaches the highest wer value in figure 4?,,arxiv,['cs.cl'],scigraphqa,1706.07238,https://arxiv.org/pdf/1706.07238v1
ce653785464959cfaf93865a3b7ec602,15,15,ce653785464959cfaf93865a3b7ec602,5,5,2006.01210v1-figure6-1.png,2006.01210v1-figure6-1,figure 6. frequency of chinese character constructive parts.,line chart,False,1,closed-ended infinite answer set non-visual,how many different corpora are represented in figure 6?,,arxiv,['cs.cl'],scigraphqa,2006.01210,https://arxiv.org/pdf/2006.01210v1
bd82216b045becd27c79d313c82952e5,three,three,bd82216b045becd27c79d313c82952e5,two,two,2007.03988v1-figure4-1.png,2007.03988v1-figure4-1,figure 4:mrr (left) and number of parameters (right) under different embedding sizes. evaluated on wikipeople-4.,line chart,True,2,closed-ended infinite answer set non-visual,how many methods are compared in graph (b)?,,arxiv,['cs.cl'],scigraphqa,2007.03988,https://arxiv.org/pdf/2007.03988v1
1862b3ef4baeb2006044ef8027f936ca,25.0,25.0,1862b3ef4baeb2006044ef8027f936ca,25,25,1808.09943v1-figure1-1.png,1808.09943v1-figure1-1,figure 1: test bleu for character and bpe translation as architectures scale from 1 bilstm encoder layer and 2 lstm decoder layers (1×2+2) to our standard 6×2+8. the y-axis spans 6 bleu points for each language pair.,line chart,True,4,closed-ended infinite answer set non-visual,what is the maximum bleu score for character translation for the language pair csen?,,arxiv,['cs.cl'],scigraphqa,1808.09943,https://arxiv.org/pdf/1808.09943v1
8be6adf538fcb5370eab14985b5d515c,56,56,8be6adf538fcb5370eab14985b5d515c,55,55,1812.00235v3-figure10-1.png,1812.00235v3-figure10-1,"figure 10. changes to collected captions over rounds. model trained with 10% warmup, h = 70%, 3 chunks.",line chart,False,1,closed-ended infinite answer set non-visual,what is the percentage of captions asked for in round 1?,,arxiv,['cs.cv cs.cl'],scigraphqa,1812.00235,https://arxiv.org/pdf/1812.00235v3
d26fdc83f1fdce050073085868046108,first corpus,first corpus,d26fdc83f1fdce050073085868046108,corpus duc'04,corpus duc'04,1209.3126v1-figure4-1.png,1209.3126v1-figure4-1,figure 4: scatter plot of mean length of words for two english corpora (heterogeneous and summarization raw corpora after filtering).,line chart,False,1,closed-ended infinite answer set non-visual,which corpus has a higher mean length of words for words with 9 letters?,,arxiv,['cs.ir cs.cl'],scigraphqa,1209.3126,https://arxiv.org/pdf/1209.3126v1
44fe8e43e3cec49f5fd89e1f2d517288,0.4,0.4,44fe8e43e3cec49f5fd89e1f2d517288,0.8,0.8,1601.06755v1-figure11-1.png,1601.06755v1-figure11-1,"figure 11. contraction hedges slightly reduce high levels of alo. at pp = 0.57, alo is reduced from 0.92 to 0.89. expansion hedges reduce minimum alo from 0.1 for unhedged assertions to 0.02 for expansion hedged assertions, at pp = 0.45.",line chart,False,1,closed-ended infinite answer set non-visual,what is the approximate alo value for unhedged assertions at pp = 0.5?,,arxiv,['cs.ai cs.cl cs.ma'],scigraphqa,1601.06755,https://arxiv.org/pdf/1601.06755v1
e8faef992b5990b3b771cac8691b026a,1.35,1.35,e8faef992b5990b3b771cac8691b026a,0.75,0.75,1908.01968v1-figure3-1.png,1908.01968v1-figure3-1,"figure 3: changes in the ‖w‖/‖x‖ and ||xmask|| during training in two experiments. figure 3(a), figure 3(b) are ”cnn-hidden-layer” in mr and ”idcnnhidden-layer” in conll-2003 respectively.",line chart,True,2,closed-ended infinite answer set non-visual,what is the value of ||xmask|| at epoch 100 in graph (b)?,,arxiv,['cs.cl cs.lg'],scigraphqa,1908.01968,https://arxiv.org/pdf/1908.01968v1
122d82a9434b6eeb857e43367e446fd3,0,0,122d82a9434b6eeb857e43367e446fd3,5,5,2005.00048v1-figure6-1.png,2005.00048v1-figure6-1,figure 6: optimum training period obtained from evaluation,line chart,False,1,closed-ended infinite answer set non-visual,at which epoch does the training accuracy reach its lowest?,,arxiv,['cs.cl cs.lg'],scigraphqa,2005.00048,https://arxiv.org/pdf/2005.00048v1
e661843a406777e526283298c666c74f,"100%
```","100%
```",e661843a406777e526283298c666c74f,100% training set,100% training set,1711.04289v3-figure3-1.png,1711.04289v3-figure3-1,figure 3: accuracies of models under different sizes of external knowledge. more external knowledge corresponds to higher accuracies.,line chart,False,1,closed-ended infinite answer set non-visual,which training set results in the highest accuracy when the ratio of external knowledge is 1?,,arxiv,['cs.cl'],scigraphqa,1711.04289,https://arxiv.org/pdf/1711.04289v3
6dd732c9df86d5ca782314f8620083c1,3,3,6dd732c9df86d5ca782314f8620083c1,2,2,1608.00929v1-figure2-1.png,1608.00929v1-figure2-1,figure 2: left: densities versus oracle error rates of lattices generated by different pruning methods.right: time spent on generating the lattices with different pruning methods.,line chart,True,2,closed-ended infinite answer set non-visual,how many pruning methods are compared in figure 2?,,arxiv,['cs.cl'],scigraphqa,1608.00929,https://arxiv.org/pdf/1608.00929v1
0a8a459562d89e58531f0ef5093af440,3,3,0a8a459562d89e58531f0ef5093af440,three,three,1709.07758v1-figure6-1.png,1709.07758v1-figure6-1,figure 6: high learning rate (lr) to increase the initial softmax perplexity (a). nce and softmax initial perplexities in the first epoch; only training perplexity is available within one epoch (b).,line chart,True,2,closed-ended infinite answer set non-visual,how many learning rates are compared in graph (a)?,,arxiv,['cs.cl'],scigraphqa,1709.07758,https://arxiv.org/pdf/1709.07758v1
45137682f08418c6f3e6bd6d0d4711cb,lenemb,lenemb,45137682f08418c6f3e6bd6d0d4711cb,marker,marker,2005.14386v1-figure2-1.png,2005.14386v1-figure2-1,figure 2: the performance of models with different desired length. att2in+bsx is att2in+fixlen with beam size x.,line chart,True,4,closed-ended infinite answer set non-visual,what is the name of the model with the highest performance for spice?,,arxiv,['cs.cv cs.cl'],scigraphqa,2005.14386,https://arxiv.org/pdf/2005.14386v1
f82995e2510e53eae03e6ee397ef6f57,cntxt,cntxt,f82995e2510e53eae03e6ee397ef6f57,mwe,mwe,d11-1077.pdf-figure1.png,d11-1077.pdf-figure1,figure 1: bayesian network for mwe identification,graph,False,1,closed-ended infinite answer set non-visual,which variable is directly influenced by both 'hist' and 'mwe'?,,acl,nan,aclfig,d11-1077,https://aclanthology.org/d11-1077.pdf
9958e06afd26325311fff0f52e5ef257,1,1,9958e06afd26325311fff0f52e5ef257,3,3,2020.scil-1.21.pdf-figure2.png,2020.scil-1.21.pdf-figure2,figure 2: the factor oxyn under multiple relations.,graph,True,2,closed-ended infinite answer set non-visual,how many self-loops are in figure 2?,,acl,nan,aclfig,2020.scil-1.21,https://aclanthology.org/2020.scil-1.21.pdf
0ba93e880e846f52634fded8330205c3,3,3,0ba93e880e846f52634fded8330205c3,three,three,2015.lilt-12.3.pdf-figure2.png,2015.lilt-12.3.pdf-figure2,"figure 2 scatter plot of concreteness score vs. publication year for 88 19th century poems, 71 imagist poems, and 100 contemporary poems. poems published after the the imagist movement have significantly higher concreteness scores; however, within each group of poems, there is no positive correlation between publication year and concreteness.",scatter plot,False,1,closed-ended infinite answer set non-visual,how many different entities are compared in figure 2?,,acl,nan,aclfig,2015.lilt-12.3,https://aclanthology.org/2015.lilt-12.3.pdf
747f3af68d00cefc4b8e9e38d6893850,bb msd,bb msd,747f3af68d00cefc4b8e9e38d6893850,"bb, msd","bb, msd",1907.07818v1-figure4-1.png,1907.07818v1-figure4-1,"figure 4: comparison of length, duration, and speed of songs","line chart,scatter plot",True,3,closed-ended infinite answer set non-visual,what are the labels used to represent the data on the average duration of songs?,,arxiv,['cs.ir cs.cl'],scigraphqa,1907.07818,https://arxiv.org/pdf/1907.07818v1
543baa2d0e2c564eadfe4ecdf9d9b897,b-weather,b-weather,543baa2d0e2c564eadfe4ecdf9d9b897,[b-weather],[b-weather],2020.acl-main.128.pdf-figure1.png,2020.acl-main.128.pdf-figure1,figure 1: our few-shot crf framework for slot tagging.,architecture diagram,True,1,closed-ended infinite answer set non-visual,what is the label for 'rain' in the few-shot crf framework?,,acl,nan,aclfig,2020.acl-main.128,https://aclanthology.org/2020.acl-main.128.pdf
734bceeb66467c17f49d24b7dbba4e04,9,9,734bceeb66467c17f49d24b7dbba4e04,10,10,c00-2092.pdf-figure3.png,c00-2092.pdf-figure3,figure 3: the composition operation,tree,True,1,closed-ended infinite answer set non-visual,how many nodes are in the tree that contains 2 'anne' nodes as leaves?,,acl,nan,aclfig,c00-2092,https://aclanthology.org/c00-2092.pdf
1483223b4fabbbc3690f21aee83bbc39,not off,not off,1483223b4fabbbc3690f21aee83bbc39,"not, off","not, off",s19-2116.pdf-figure1.png,s19-2116.pdf-figure1,"figure 1: sub-task a,rnn method",confusion matrix,False,1,closed-ended infinite answer set non-visual,what are the labels shown in figure 1?,,acl,nan,aclfig,s19-2116,https://aclanthology.org/s19-2116.pdf
67d8256c0d605fe618db77c78ca764d2,tin and unt,tin and unt,67d8256c0d605fe618db77c78ca764d2,"tin, unt","tin, unt",s19-2116.pdf-figure4.png,s19-2116.pdf-figure4,"figure 4: sub-task b,msoc method",confusion matrix,False,1,closed-ended infinite answer set non-visual,what are the labels shown in figure 4?,,acl,nan,aclfig,s19-2116,https://aclanthology.org/s19-2116.pdf
2f30f721995d31482de706703c6f064c,newtest2016 ittest2016,newtest2016 ittest2016,2f30f721995d31482de706703c6f064c,"newstest2016, ittest2016","newstest2016, ittest2016",w16-2302.pdf-figure4.png,w16-2302.pdf-figure4,figure 4: english-to-czech (en-cs) system-level metric significance test results; a green cell corresponds to a significant increase in correlation for the metric in a given row over the metric in a given column according to williams test; rr = standard wmt relative ranking; rr + tt = standard wmt relative ranking for translation and tuning task systems.,confusion matrix,True,2,closed-ended infinite answer set non-visual,what are the different test sets depicted in figure 4?,,acl,nan,aclfig,w16-2302,https://aclanthology.org/w16-2302.pdf
cfce512981bae7107a479de83f8b6487,78,78,cfce512981bae7107a479de83f8b6487,80,80,2020.acl-main.117.pdf-figure2.png,2020.acl-main.117.pdf-figure2,figure 2: number of white space separated tokens in training questions (title plus body.) and answers (for answerable questions only). the bin at 200 also contains all questions longer than 200 tokens.,bar chart,True,2,closed-ended infinite answer set non-visual,"what is the highest count recorded in the graph titled 'length of answer, training set'?",,acl,nan,aclfig,2020.acl-main.117,https://aclanthology.org/2020.acl-main.117.pdf
10d8cf3a5e5b129b3f0791f1933b7b12,where,where,10d8cf3a5e5b129b3f0791f1933b7b12,"when, who, where","when, who, where",2020.lrec-1.141.pdf-figure4.png,2020.lrec-1.141.pdf-figure4,figure 4: distribution of question types based on initial word (and some multi-word expressions).,pie chart,False,1,closed-ended infinite answer set non-visual,what is the least common initial word used to start a question?,,acl,nan,aclfig,2020.lrec-1.141,https://aclanthology.org/2020.lrec-1.141.pdf
8c5db11e90296150b9552428749c858f,0.75,0.75,8c5db11e90296150b9552428749c858f,0.7,0.7,2010.12487v1-figure8-1.png,2010.12487v1-figure8-1,"figure 8: the function ψ defined by eq. (15) with bandwidth parameter ν = 0.25. in orange (resp. blue), one can see the upper (resp. lower) bound given by eq. (16).",line chart,False,1,closed-ended infinite answer set non-visual,what is the approximate value of the function ψ when x-axis value is 0.2?,,arxiv,['stat.ml cs.cl cs.lg'],scigraphqa,2010.12487,https://arxiv.org/pdf/2010.12487v1
97ebef7420a208fe138cc919a1060a49,std.sd,std.sd,97ebef7420a208fe138cc919a1060a49,std.max,std.max,1805.11564v1-figure6-1.png,1805.11564v1-figure6-1,figure 6: entrainment profiles for the feature set gnl f0 for proximity (left) and synchrony (right). for this feature set these two entrainment measures behave very differently. for details please see the caption of figure 5.,line chart,True,2,closed-ended infinite answer set non-visual,what is represented at the highest point on the y-axis?,,arxiv,['cs.cl'],scigraphqa,1805.11564,https://arxiv.org/pdf/1805.11564v1
c2ae9b028fa9984897904b5ac1e68160,effect of visibility matrix,effect of visibility matrix,c2ae9b028fa9984897904b5ac1e68160,(a) effect of visibility matrix.,(a) effect of visibility matrix.,2006.14806v1-figure7-1.png,2006.14806v1-figure7-1,figure 7: ablation study results.,line chart,True,2,closed-ended infinite answer set non-visual,what is the title of graph (a)?,,arxiv,['cs.ir cs.cl'],scigraphqa,2006.14806,https://arxiv.org/pdf/2006.14806v1
b2d1de685ec1871b09e1d1a1bd8af5c1,video and text,video and text,b2d1de685ec1871b09e1d1a1bd8af5c1,"video, text","video, text",2011.00597v1-figure4-1.png,2011.00597v1-figure4-1,figure 4: noise vs performance study on activitynet-captions dataset (val1),line chart,False,1,closed-ended infinite answer set non-visual,which modalities are represented in the graph?,,arxiv,['cs.cv cs.ai cs.cl cs.lg'],scigraphqa,2011.00597,https://arxiv.org/pdf/2011.00597v1
5b6cf7789fb74b4100504cb6197c30cc,high and low,high and low,5b6cf7789fb74b4100504cb6197c30cc,"high, authority, low","high, authority, low",1810.12646v1-figure5-1.png,1810.12646v1-figure5-1,figure 5: interaction plot for authority and support in cooperative (left) and competitive (right) dialogs.,line chart,True,2,closed-ended infinite answer set non-visual,what are the two levels of authority shown on the x-axis in figure 5?,,arxiv,['cs.cl'],scigraphqa,1810.12646,https://arxiv.org/pdf/1810.12646v1
45daaf0ed9c168cc3da9fec1311945af,number of batches,number of batches,45daaf0ed9c168cc3da9fec1311945af,num. of batches,num. of batches,1808.09367v1-figure11-1.png,1808.09367v1-figure11-1,figure 11: domain transfer from beer review to hotel review. overall loss l of r2a on the source development set during training.,line chart,False,1,closed-ended infinite answer set non-visual,what does the x-axis represent?,,arxiv,['cs.cl'],scigraphqa,1808.09367,https://arxiv.org/pdf/1808.09367v1
594378d0c558d3d892f7767ecf45f583,2,2,594378d0c558d3d892f7767ecf45f583,4,4,1910.05389v1-figure4-1.png,1910.05389v1-figure4-1,figure 4: comparison of probability- and dropoutbased error detection.,line chart,True,4,closed-ended infinite answer set non-visual,how many datasets are represented in the graph?,,arxiv,['cs.cl cs.ai'],scigraphqa,1910.05389,https://arxiv.org/pdf/1910.05389v1
7710124f8189f7ec3444723e363419c7,two,two,7710124f8189f7ec3444723e363419c7,2,2,1711.09645v2-figure6-1.png,1711.09645v2-figure6-1,figure 6: distribution of predicted polarity scores across three classes (yelp’13 sentences).,line chart,True,6,closed-ended infinite answer set non-visual,how many models are represented in the graph?,,arxiv,['cs.cl cs.ir cs.lg'],scigraphqa,1711.09645,https://arxiv.org/pdf/1711.09645v2
e5a74211f9defe7b688928df65150c22,71,71,e5a74211f9defe7b688928df65150c22,70,70,1808.03731v2-figure3-1.png,1808.03731v2-figure3-1,figure 3 las (f1) scores by dependency distance.,line chart,True,2,closed-ended infinite answer set non-visual,what is the approximate las (f1) score for stanford-nndep at a dependency distance of '>5' in graph (b)?,,arxiv,['cs.cl'],scigraphqa,1808.03731,https://arxiv.org/pdf/1808.03731v2
b7be98bbf3170707736adc0ab9bd9b86,0.45,0.45,b7be98bbf3170707736adc0ab9bd9b86,0.46,0.46,1705.03389v1-figure2-1.png,1705.03389v1-figure2-1,fig. 2. the percentage of correct logical form returned for training as the number of epoch increases.,line chart,False,1,closed-ended infinite answer set non-visual,what is approximately the highest percentage of correct logical form returned for training with brackets?,,arxiv,['cs.cl'],scigraphqa,1705.03389,https://arxiv.org/pdf/1705.03389v1
f2afd0566ab782be60585408169eb4d9,evaluation loss,evaluation loss,f2afd0566ab782be60585408169eb4d9,cross-entropy,cross-entropy,1910.03678v1-figure17-1.png,1910.03678v1-figure17-1,fig. 17: loss for sequence-to-sequence textsum model,line chart,True,2,closed-ended infinite answer set non-visual,what type of loss is shown in (b)?,,arxiv,['cs.cl cs.lg stat.ml'],scigraphqa,1910.03678,https://arxiv.org/pdf/1910.03678v1
08073635423dfcd955620eb2d689d930,couch/sofa,couch/sofa,08073635423dfcd955620eb2d689d930,carpet/rug,carpet/rug,1706.03815v2-figure6-1.png,1706.03815v2-figure6-1,"figure 6: synonym discrimination error rates, per representation and synonym pair.",line chart,False,1,closed-ended infinite answer set non-visual,which pair has the lowest error rate at 'emb'?,,arxiv,['cs.cl cs.lg cs.sd'],scigraphqa,1706.03815,https://arxiv.org/pdf/1706.03815v2
7227e98fb3698079ead342efa31b77c6,100000,100000,7227e98fb3698079ead342efa31b77c6,10000,10000,1608.01238v1-figure5.2-1.png,1608.01238v1-figure5.2-1,figure 5.2: frequencies of the most frequent 100 words in a corpus of length 1 000 000 and vocabulary of size 56 000. a wider step means more words with the same frequency.,line chart,False,1,closed-ended infinite answer set non-visual,what is the maximum value shown on the y-axis?,,arxiv,['cs.cl cs.lg'],scigraphqa,1608.01238,https://arxiv.org/pdf/1608.01238v1
07417cf30d8c4c809761c14e1da10e0f,the iwslt14 dataset for the translation task from german to english.,the iwslt14 dataset for the translation task from german to english.,07417cf30d8c4c809761c14e1da10e0f,machine translation quality evaluation using bleu score.,machine translation quality evaluation using bleu score.,2007.10681v1-figure3-1.png,2007.10681v1-figure3-1,figure 3: results on iwslt14 de→en and wmt14 en→de with different λ.,line chart,True,2,closed-ended infinite answer set non-visual,what does the graph (a) represent?,,arxiv,['cs.cl'],scigraphqa,2007.10681,https://arxiv.org/pdf/2007.10681v1
b34b3470f6c3e6c8efc375b2834823da,40,40,b34b3470f6c3e6c8efc375b2834823da,42,42,1110.2215v1-figure5-1.png,1110.2215v1-figure5-1,figure 5: the accuracy of mars when the different animacy filters are applied,line chart,False,1,closed-ended infinite answer set non-visual,what is the highest success rate achieved using the semcor method?,,arxiv,['cs.cl'],scigraphqa,1110.2215,https://arxiv.org/pdf/1110.2215v1
e4ae81eef15a0251e622b9050a7a4a3b,100000,100000,e4ae81eef15a0251e622b9050a7a4a3b,100k,100k,1909.01145v2-figure1-1.png,1909.01145v2-figure1-1,fig. 1. loss curves for training and validation set. the x- and y-axis are training step and reconstruction error. training curves are orange solid lines and validation curves are blue dashed lines. (a) is the plot for a model trained without mmi and (b) is for one with mmi.,line chart,True,2,closed-ended infinite answer set non-visual,what is the maximum training step displayed on the x-axis?,,arxiv,['eess.as cs.cl cs.lg cs.sd'],scigraphqa,1909.01145,https://arxiv.org/pdf/1909.01145v2
f24282d402daaddfc83bdabd55bc7a60,16,16,f24282d402daaddfc83bdabd55bc7a60,16%,16%,1705.04400v1-figure4-1.png,1705.04400v1-figure4-1,"figure 4. 4a and 4b plot cer and serving latency respectively on a dev-set as a function of lookahead, and the number of lcbgru layers. the models are trained on a sampled subset (10 %) of the complete training data. the green and blue baselines are the performance of models where all the 3 gru layers are bidirectional and forward-only correspondingly.",line chart,True,2,closed-ended infinite answer set non-visual,"in plot (a), what is the percentage of cer for the 2xlc-bgru model with a lookahead of 5 timesteps?",,arxiv,['cs.cl'],scigraphqa,1705.04400,https://arxiv.org/pdf/1705.04400v1
6e5be9580d7a3f65e1f0ee9871371ba1,lasertaggerar,lasertaggerar,6e5be9580d7a3f65e1f0ee9871371ba1,seq2seq_bert,seq2seq_bert,1909.01187v1-figure5-1.png,1909.01187v1-figure5-1,"figure 5: sari score as a function of the training-data size for three models. unless we have tens of thousands of training examples, the tagging approach clearly outperforms the seq2seq baseline.",line chart,True,2,closed-ended infinite answer set non-visual,for which model does the sari score increase the most when increasing the number of training examples?,,arxiv,['cs.cl'],scigraphqa,1909.01187,https://arxiv.org/pdf/1909.01187v1
5bd32b1c072a83ef2679f22fce5ac1a7,34,34,5bd32b1c072a83ef2679f22fce5ac1a7,34%,34%,1904.11942v1-figure4-1.png,1904.11942v1-figure4-1,figure 4: nn model (with glove embedding) performance with different negative sample ratio for red.,line chart,False,1,closed-ended infinite answer set non-visual,what is the maximum performance of the nn model on the test set?,,arxiv,['cs.cl'],scigraphqa,1904.11942,https://arxiv.org/pdf/1904.11942v1
c4246f92e13099f07f49daf50da790f5,65,65,c4246f92e13099f07f49daf50da790f5,65%,65%,2006.13253v1-figure3-1.png,2006.13253v1-figure3-1,"fig. 3. average retrieval accuracies (with unseen object classes from the held-out object set) of models trained on different data sizes, represented by the solid lines, with vertical bars denoting standard errors. models trained on larger data sizes usually perform better. all our models significantly outperform a random model, represented by the dashed lines. the dotted line represents the human object retrieval baseline.",line chart,True,2,closed-ended infinite answer set non-visual,what is the approximate 'top-1 retrieval accuracy' of 'our model' at data size of 3000?,,arxiv,['cs.ro cs.ai cs.cl cs.cv'],scigraphqa,2006.13253,https://arxiv.org/pdf/2006.13253v1
f2736c6c6f3ffa90614a7236038f27e2,100,100,f2736c6c6f3ffa90614a7236038f27e2,98,98,2010.12563v1-figure7-1.png,2010.12563v1-figure7-1,figure 7: the attack success rate when poisoning sentiment analysis models to make the phrase “the despicable donald j. trump” positive.,line chart,False,1,closed-ended infinite answer set non-visual,what is the attack success rate when 50 poison examples are used for poisoning with overlap?,,arxiv,['cs.cl'],scigraphqa,2010.12563,https://arxiv.org/pdf/2010.12563v1
b333cb1dee4e5054e6207461e5151379,1.8,1.8,b333cb1dee4e5054e6207461e5151379,0.5,0.5,1809.00120v2-figure1-1.png,1809.00120v2-figure1-1,figure 1: accuracy drop (the gap between the left/right bleu score) with respect to the ∆rf3 and ∆rp3 from table 5 and 6 in the four translation tasks. the x-axis ∆rf3 and ∆rp3 represent the gap of between the left and right ratio of the 3-gram frequency/conditional probability defined in table 5 and 6. the y-axis represents the accuracy drop in terms of bleu score calculated by the teacher forcing decoding.,line chart,True,2,closed-ended infinite answer set non-visual,what is the approximate accuracy drop in bleu score for the de-en (en) translation task based on the ∆rf3 in graph(a)?,,arxiv,['cs.cl'],scigraphqa,1809.00120,https://arxiv.org/pdf/1809.00120v2
924f37ea5e55ed09d89075f19433d1b8,1980 to 1999,1980 to 1999,924f37ea5e55ed09d89075f19433d1b8,1980 to 1993,1980 to 1993,1612.08504v1-figure8-1.png,1612.08504v1-figure8-1,figure 8: distribution of relative overlaps between classifications. (left) distribution of overlaps at all time steps; (right) corresponding mean time-series. the decreasing trend starting around 1996 confirms a qualitative regime shift in that period.,line chart,True,2,closed-ended infinite answer set non-visual,what time period is represented in the first plot based on the legend?,,arxiv,['physics.soc-ph cs.cl'],scigraphqa,1612.08504,https://arxiv.org/pdf/1612.08504v1
1650a3a760e9d07ac577b5da5ab1503e,23.8,23.8,1650a3a760e9d07ac577b5da5ab1503e,13.20%,13.20%,2005.07920v2-figure5-1.png,2005.07920v2-figure5-1,fig. 5. performance comparison between ctc and ctcc using different size of beam for lm rescoring,line chart,True,2,closed-ended infinite answer set non-visual,what is the approximate wer value for ctcc at a beam width of 1024 in the th-cs model?,,arxiv,['eess.as cs.cl cs.sd'],scigraphqa,2005.07920,https://arxiv.org/pdf/2005.07920v2
20b095ce7a492f5c3815ac2681d5430d,39.5,39.5,20b095ce7a492f5c3815ac2681d5430d,38,38,1606.04199v3-figure3-1.png,1606.04199v3-figure3-1,"figure 3: bleu scores vs. source sequence length. five lines are our deep-att single model, deep-att ensemble model, our deep-ed model, previous enc-dec model with four layers and smt model.",line chart,False,1,closed-ended infinite answer set non-visual,what is the maximum blue score achieved by the deep-att ensemble model?,,arxiv,['cs.cl cs.lg'],scigraphqa,1606.04199,https://arxiv.org/pdf/1606.04199v3
0ac763ab43eae93febfab46d2e5ce108,6,6,0ac763ab43eae93febfab46d2e5ce108,7,7,1911.04088v1-figure4-1.png,1911.04088v1-figure4-1,figure 4: top@k performance for utterance prediction task.,line chart,False,1,closed-ended infinite answer set non-visual,how many different models are represented in the graph?,,arxiv,['cs.cl'],scigraphqa,1911.04088,https://arxiv.org/pdf/1911.04088v1
c2b4b0c5258d02dfd81ef25b7782e2bb,-5e-08,-5e-08,c2b4b0c5258d02dfd81ef25b7782e2bb,-45,-45,1705.02518v1-figure2-1.png,1705.02518v1-figure2-1,figure 2: increase in log-likelihood (scaled by 10e+ 07) of the data per-iteration in the five domains.,line chart,True,5,closed-ended infinite answer set non-visual,what is the approximate value of the log-likelihood at iteration 12 for the 'food' domain?,,arxiv,['cs.ai cs.cl cs.ir cs.si stat.ml'],scigraphqa,1705.02518,https://arxiv.org/pdf/1705.02518v1
c4e3a8fed16d27ff3ca7171837bc3299,0.54,0.54,c4e3a8fed16d27ff3ca7171837bc3299,0.55,0.55,2009.08065v4-figure6-1.png,2009.08065v4-figure6-1,figure 6: reweighted training accuracy of different weight matrix block division on cola dataset with distilbert model.,line chart,False,1,closed-ended infinite answer set non-visual,what is the approximate maximum accuracy achieved according to the graph?,,arxiv,['cs.cl cs.ai cs.lg'],scigraphqa,2009.08065,https://arxiv.org/pdf/2009.08065v4
364d6237cb58fad01df799eaea594572,restaurant and laptop,restaurant and laptop,364d6237cb58fad01df799eaea594572,"restaurant, laptop","restaurant, laptop",1906.04501v1-figure5-1.png,1906.04501v1-figure5-1,fig. 5. comparisons with different depths of gcn in our model.,line chart,True,2,closed-ended infinite answer set non-visual,what are the two categories being compared in the graph?,,arxiv,['cs.cl cs.lg'],scigraphqa,1906.04501,https://arxiv.org/pdf/1906.04501v1
051573b3248fe0718a937e05c6dda995,65%,65%,051573b3248fe0718a937e05c6dda995,67%,67%,1703.07713v2-figure2-1.png,1703.07713v2-figure2-1,"figure 2: effect of the context size and different attention mechanisms. the context size is the number of utterances, excluding the critical sentence, on each side of the decision point; a size of 0 refers to no context.",line chart,False,1,closed-ended infinite answer set non-visual,what is the approximate f1 score for the rnn without attention at a context size of 1?,,arxiv,['cs.cl'],scigraphqa,1703.07713,https://arxiv.org/pdf/1703.07713v2
59856692db769534819719c2663b517a,50,50,59856692db769534819719c2663b517a,30,30,1603.08594v1-figure8-1.png,1603.08594v1-figure8-1,figure 8: iterations vs. correct pp-attachments,line chart,False,1,closed-ended infinite answer set non-visual,what is the maximum number of iterations shown in the graph?,,arxiv,['cs.cl'],scigraphqa,1603.08594,https://arxiv.org/pdf/1603.08594v1
390a3047ba5bbd5f494d282228789f26,n-grams,n-grams,390a3047ba5bbd5f494d282228789f26,"character frequency features (n-grams, n > 1)","character frequency features (n-grams, n > 1)",2008.01533v1-figure6-1.png,2008.01533v1-figure6-1,"fig. 6. identification accuracy of character frequency features (n-grams, n > 1) for a different of training and test tweets. best in colour.",line chart,True,4,closed-ended infinite answer set non-visual,what is the name of the feature used in the study?,,arxiv,['cs.cl cs.ir'],scigraphqa,2008.01533,https://arxiv.org/pdf/2008.01533v1
6857f9650fbcb77553898e4c7d0ae6e3,47.5,47.5,6857f9650fbcb77553898e4c7d0ae6e3,47.5%,47.5%,2010.10743v2-figure2-1.png,2010.10743v2-figure2-1,figure 2: the effect on the number of units: (a) bleu scores (%) against number of units used in the mute model. (b) inference speed (tokens per second) on gpu against number of units used in the mute model. experiments are conducted on the valid set of nist zhen with decoding batch size = 30 and beam size = 4.,line chart,True,2,closed-ended infinite answer set non-visual,what is the approximate bleu score of multi-unit model at 6 units?,,arxiv,['cs.cl'],scigraphqa,2010.10743,https://arxiv.org/pdf/2010.10743v2
e3ad22437daf21ce94faeefdf289de7d,3,3,e3ad22437daf21ce94faeefdf289de7d,three,three,2010.01677v1-figure3-1.png,2010.01677v1-figure3-1,"figure 3: loss (y axis) on development set, trained with 5% labeled data, over different epochs (x axis).",line chart,True,2,closed-ended infinite answer set non-visual,how many different models are represented in the figure?,,arxiv,['cs.cl'],scigraphqa,2010.01677,https://arxiv.org/pdf/2010.01677v1
218a48e0664092868107a1316372e1a9,"k=1, k=3, and k=5","k=1, k=3, and k=5",218a48e0664092868107a1316372e1a9,"k=1, k=3, k=5","k=1, k=3, k=5",1907.11889v1-figure2-1.png,1907.11889v1-figure2-1,figure 2: precision-recall curves for the top-3 claim matching configurations (all using hm) on test.,line chart,False,1,closed-ended infinite answer set non-visual,what are the three claim matching configurations represented in the figure?,,arxiv,['cs.cl cs.ai cs.lg'],scigraphqa,1907.11889,https://arxiv.org/pdf/1907.11889v1
77203e0a480e7de0b5a4b0081106600f,83,83,77203e0a480e7de0b5a4b0081106600f,80,80,1911.08522v2-figure5-1.png,1911.08522v2-figure5-1,figure 5: entity f1 scores on the testing dataset given different memory sizes. higher values are preferred.,line chart,True,2,closed-ended infinite answer set non-visual,what is the maximum value of the entity f1 score for mann+md when the memory size is 4000 camrest dataset?,,arxiv,['cs.cl cs.ai cs.lg'],scigraphqa,1911.08522,https://arxiv.org/pdf/1911.08522v2
ca883752272cb93e9e64b91e3770f59f,u_2,u_2,ca883752272cb93e9e64b91e3770f59f,u_3,u_3,2020.sigdial-1.32.pdf-figure1.png,2020.sigdial-1.32.pdf-figure1,figure 1: a dialogue graph using a state machine approach with natex to dialogue management.,graph,False,1,closed-ended infinite answer set non-visual,"from state c, which user intent can lead to state e?",,acl,nan,aclfig,2020.sigdial-1.32,https://aclanthology.org/2020.sigdial-1.32.pdf
80a23f0d61f3731afa98c246d43921ab,sent #410,sent #410,80a23f0d61f3731afa98c246d43921ab,sent #2061,sent #2061,1803.00047v4-figure10-1.png,1803.00047v4-figure10-1,"figure 10. scatter plot showing log-probability and bleu of samples drawn from the model for four sentences taken from the test set of wmt’14 en-fr (each color corresponds to a different test sentence). (1) shows samples where the model copied the source sentence, yielding very large likelihood but low bleu. (2) and (3) are valid translations of the same source sentence, except that (2) is a cluster of samples using different choice of words.",scatter plot,False,1,closed-ended infinite answer set non-visual,which sentence has the highest bleu score?,,arxiv,['cs.cl'],scigraphqa,1803.00047,https://arxiv.org/pdf/1803.00047v4
fd1f30a045ed38e0ddc6c2f0f2a3e85e,c^t,c^t,fd1f30a045ed38e0ddc6c2f0f2a3e85e,c^s,c^s,2020.acl-main.83.pdf-figure4.png,2020.acl-main.83.pdf-figure4,figure 4: frame integration representation model.,neural networks,False,1,closed-ended infinite answer set non-visual,what is the final vector c^s derived from?,,acl,nan,aclfig,2020.acl-main.83,https://aclanthology.org/2020.acl-main.83.pdf
68f0fca86d67dc3c61dd562fa780895f,10,10,68f0fca86d67dc3c61dd562fa780895f,3,3,n18-1044.pdf-figure2.png,n18-1044.pdf-figure2,"figure 2: diagram of difftime. timevec(t) encodes temporal information as a vector. mw encodes lexical information as a matrix. the target vector for w at time t, usew (w, t), is found by combining transw and timevec(t). context version usec(c, t) is the same except that it has its own embedding layer.",neural networks,False,1,closed-ended infinite answer set non-visual,how many components are represented in the graph?,,acl,nan,aclfig,n18-1044,https://aclanthology.org/n18-1044.pdf
df598ae808fa925aaad00f79b3cc2561,5,5,df598ae808fa925aaad00f79b3cc2561,2,2,c00-2092.pdf-figure2.png,c00-2092.pdf-figure2,figure 2: the bag of linked subtree pairs of hts;tti,tree,True,6,closed-ended infinite answer set non-visual,in how many trees does the verb 'likes' appear?,,acl,nan,aclfig,c00-2092,https://aclanthology.org/c00-2092.pdf
70b4f3b58a1c4af4f93eddbc759cea34,"pat, rstr, disj, act, cond, rhem, app","pat, rstr, disj, act, cond, rhem, app",70b4f3b58a1c4af4f93eddbc759cea34,"disj, rstr, rhem, cond, pat","disj, rstr, rhem, cond, pat",y17-1032.pdf-figure1.png,y17-1032.pdf-figure1,figure 1: annotation of discourse relations in pdit 2.0. the relations are represented by two orange arrows connecting roots of the arguments. information about the discourse types and connectives is given at the starting node of the relations.,tree,False,1,closed-ended infinite answer set non-visual,what are the types of discourse relations shown in the figure?,,acl,nan,aclfig,y17-1032,https://aclanthology.org/y17-1032.pdf
81df888e493ae09450044d1a87b6767d,10,10,81df888e493ae09450044d1a87b6767d,11,11,1603.00423v1-figure6-1.png,1603.00423v1-figure6-1,figure 6: ratios at depth 10 in each epoch of training the rnn (a) and the rlstm (b).,box plot,True,2,closed-ended infinite answer set non-visual,how many epochs are used in training the rnn?,,arxiv,['cs.ai cs.cl cs.ne'],scigraphqa,1603.00423,https://arxiv.org/pdf/1603.00423v1
be8d4b842fc6321f2d0c37fbab847114,3,3,be8d4b842fc6321f2d0c37fbab847114,three,three,2005.07174v1-figure6-1.png,2005.07174v1-figure6-1,figure 6: effect of class labels on uncertainty estimates.,box plot,True,3,closed-ended infinite answer set non-visual,how many labels are represented in the graph (a)?,,arxiv,['cs.cl cs.lg'],scigraphqa,2005.07174,https://arxiv.org/pdf/2005.07174v1
4d94812aae6efcf1b9e1ec018990d3cd,0.609,0.609,4d94812aae6efcf1b9e1ec018990d3cd,0.509,0.509,1910.10832v1-figure6-1.png,1910.10832v1-figure6-1,figure 6: histograms of accuracy scores when selecting individual neurons from the 768-dimensional [cls] embeddings from finetuned models on individual datasets.,histogram,True,3,closed-ended infinite answer set non-visual,what is the approximate maximum accuracy score for the dbpedia dataset?,,arxiv,['cs.cl cs.lg'],scigraphqa,1910.10832,https://arxiv.org/pdf/1910.10832v1
99c0741fbaf7e049592291cc9239108c,"[0, 0.9]","[0, 0.9]",99c0741fbaf7e049592291cc9239108c,0 to 0.9,0 to 0.9,1510.06646v2-figure13-1.png,1510.06646v2-figure13-1,"figure 13: enron corpus, lda and lda-gn spam filtering precision and recall scores using different threshold settings",line chart,True,2,closed-ended infinite answer set non-visual,what is the range of the threshold in the two graphs of figure 13?,,arxiv,['cs.lg cs.cl stat.ml'],scigraphqa,1510.06646,https://arxiv.org/pdf/1510.06646v2
259151916626482ce8de0a9b4ee00d21,3,3,259151916626482ce8de0a9b4ee00d21,3.5,3.5,1707.00110v1-figure4-1.png,1707.00110v1-figure4-1,figure 4: comparing training curves for en-fi and en-tr with sigmoid encoder scoring and softmax decoder scoring and position encoding. note that en-tr curves converged very quickly.,line chart,True,2,closed-ended infinite answer set non-visual,what approximate value does the log perplexity of attention reach for 'en-fi' after 1000 k steps?,,arxiv,['cs.cl'],scigraphqa,1707.00110,https://arxiv.org/pdf/1707.00110v1
537bede08d881d2293eff62e3517299d,sa,sa,537bede08d881d2293eff62e3517299d,sa_p0.2,sa_p0.2,2002.07106v2-figure11-1.png,2002.07106v2-figure11-1,"figure 11. comparing the fraction of gl = 1.0 (equivalent to the fraction of times a particular sub-network was active) for all layers in the encoder and decoder at different budgets. sa, ff and ca correspond to the self-attention, feed-forward (averaged over m ) and cross-attention sub-networks respectively, while p0.2 and p0.5 indicate the computation budget.",line chart,True,2,closed-ended infinite answer set non-visual,which subnetwork had highest fraction of compute used per layer at decoder layer 3?,,arxiv,['cs.lg cs.cl stat.ml'],scigraphqa,2002.07106,https://arxiv.org/pdf/2002.07106v2
f76f3b2a3bf088fbe46691e7f12633fd,"1.0, 0.1, 0.01, 0.001","1.0, 0.1, 0.01, 0.001",f76f3b2a3bf088fbe46691e7f12633fd,"1.0, 0.01, 0.1, 0.001","1.0, 0.01, 0.1, 0.001",1806.08462v2-figure3-1.png,1806.08462v2-figure3-1,"figure 3: learning curves of the kl term in the vae loss function (λ ·kl) for different values of λ, and the variant where λ is annealed.",line chart,False,1,closed-ended infinite answer set non-visual,what are the different values of λ used in the experiment?,,arxiv,['cs.cl cs.lg stat.ml'],scigraphqa,1806.08462,https://arxiv.org/pdf/1806.08462v2
fa5bb8b37797eac4f22e8f4f9f30a0b4,0.6,0.6,fa5bb8b37797eac4f22e8f4f9f30a0b4,0.65,0.65,2010.03763v2-figure3-1.png,2010.03763v2-figure3-1,figure 3: correlation on bird dataset with phrases embedded in sentence context (context-available input setting).,line chart,True,10,closed-ended infinite answer set non-visual,what is the highest correlation value for cls in the 'xlm-roberta' graph?,,arxiv,['cs.cl'],scigraphqa,2010.03763,https://arxiv.org/pdf/2010.03763v2
dfb5677ccb226ceb266a8688e0c568c6,27,27,dfb5677ccb226ceb266a8688e0c568c6,45,45,1306.4890v1-figure2-1.png,1306.4890v1-figure2-1,"fig. 2. the percentage of the original text in x-axis vs. ake metrics in y-axis. the evaluation performed in the test set used the manhattan metric, 10% and 20% ssc obtained the precision and recall extracting: (a) 10, (b) 20 and (c) 30 key phrases.",line chart,True,6,closed-ended infinite answer set non-visual,what is the maximum recall reported in figure 2?,,arxiv,['cs.cl cs.ir'],scigraphqa,1306.4890,https://arxiv.org/pdf/1306.4890v1
c8ef85d69cf45e473d5da3c9318b4a9b,-1953.5,-1953.5,c8ef85d69cf45e473d5da3c9318b4a9b,-1954,-1954,1907.00488v1-figure4.7-1.png,1907.00488v1-figure4.7-1,"figure 4.7: two-epoch model likelihoods. fisher maximum-likelihood estimation for a 2-epoch bee model over the text-to-text and text-to-past k = 80 models of 647 of darwin’s readings. the darker line indicates the window of the 5-year minimum epoch length. note the phase transition at the 325th volume in the text-to-past case (bottom) and the 548th volume in the text-to-text case (top). note also that the text-topast case comes close to transition at the 548th volume as well, indicating the strength of the transition to exploration in the third epoch on both local and global scales.",line chart,True,2,closed-ended infinite answer set non-visual,what is the minimum logl of split for the two-epoch text-to-text model?,,arxiv,['cs.cl cs.cy cs.dl cs.ir'],scigraphqa,1907.00488,https://arxiv.org/pdf/1907.00488v1
70cbe12d1f4e181296f7ff76e378cb46,197,197,70cbe12d1f4e181296f7ff76e378cb46,200,200,2011.04640v1-figure3-1.png,2011.04640v1-figure3-1,figure 3: perplexity on ptb by state size |z| (λ = 0.5 and m = 128).,line chart,False,1,closed-ended infinite answer set non-visual,what is the value of ppl when |z| is 2^11?,,arxiv,['cs.cl cs.lg'],scigraphqa,2011.04640,https://arxiv.org/pdf/2011.04640v1
8a055b00fa550046cda81d41d80adc95,41,41,8a055b00fa550046cda81d41d80adc95,40,40,2002.12549v1-figure1-1.png,2002.12549v1-figure1-1,figure 1: the unmt and snmt performance as the word noise (a value) and word order noise (b value) increases on the noisy en-fr newstest2014 set.,line chart,True,2,closed-ended infinite answer set non-visual,what is the highest bleu score shown in the figure?,,arxiv,['cs.cl'],scigraphqa,2002.12549,https://arxiv.org/pdf/2002.12549v1
b3b161180b9275db5cc3c3c78c3c5d0f,78.47,78.47,b3b161180b9275db5cc3c3c78c3c5d0f,76,76,1808.07733v1-figure1-1.png,1808.07733v1-figure1-1,"figure 1: variation in models trained on sst-2 (sentenceonly). accuracies of 100 randomly initialized models are plotted against the number of epochs of training (in gray), along with their average accuracies (in red, with 95% confidence interval error bars). the inset density plot shows the distribution of accuracies when trained with early stopping.",line chart,True,2,closed-ended infinite answer set non-visual,what is the lowest accuracy of the model in figure 1?,,arxiv,['cs.cl'],scigraphqa,1808.07733,https://arxiv.org/pdf/1808.07733v1
7c0f2a0546455eb29cb17bdf3a400f5c,six,six,7c0f2a0546455eb29cb17bdf3a400f5c,7,7,2005.00944v1-figure10-1.png,2005.00944v1-figure10-1,figure 10: cross validation to choose the best performing model capacity for each model.,line chart,False,1,closed-ended infinite answer set non-visual,how many models are compared in figure 10?,,arxiv,['cs.lg cs.cl'],scigraphqa,2005.00944,https://arxiv.org/pdf/2005.00944v1
2d187b6a040d16dd25fc4dd30befd548,"total reward, performance during training, performance during testing","total reward, performance during training, performance during testing",2d187b6a040d16dd25fc4dd30befd548,"score, staircase","score, staircase",2006.13760v1-figure3-1.png,2006.13760v1-figure3-1,figure 3: training and test performance when training on restricted sets of seeds.,line chart,True,2,closed-ended infinite answer set non-visual,what metrics are plotted in figure 3?,,arxiv,['cs.lg cs.ai cs.cl cs.ne stat.ml'],scigraphqa,2006.13760,https://arxiv.org/pdf/2006.13760v1
17523a5f612fec0fe5c2739a47ed6057,onlinemkl,onlinemkl,17523a5f612fec0fe5c2739a47ed6057,crf(i1),crf(i1),1103.0890v2-figure1-1.png,1103.0890v2-figure1-1,figure 1. the average cpu time on pku dataset by varying c on five randomly sample of training and testing datasets.,line chart,True,2,closed-ended infinite answer set non-visual,which method has the lowest cpu time on the pku dataset when c is equal to 1 in graph (a)?,,arxiv,['cs.lg cs.cl'],scigraphqa,1103.0890,https://arxiv.org/pdf/1103.0890v2
12e89825ac85c19bcf6514b3238cc942,"amazon, taxonomy","amazon, taxonomy",12e89825ac85c19bcf6514b3238cc942,"dataset: amazon, dataset: taxonomy","dataset: amazon, dataset: taxonomy",2003.13003v2-figure4-1.png,2003.13003v2-figure4-1,figure 4: tuning the hyper-parameter λ.,line chart,True,2,closed-ended infinite answer set non-visual,what are the two datasets shown in figure 4?,,arxiv,['cs.cl cs.lg'],scigraphqa,2003.13003,https://arxiv.org/pdf/2003.13003v2
a9690494074ebe87824d8f33b2f7cbc8,58,58,a9690494074ebe87824d8f33b2f7cbc8,60,60,2006.08344v1-figure7-1.png,2006.08344v1-figure7-1,figure 7: bleu scores for different uncertainty estimators under various retained data rates. the model is trained for en to vi tasks with 133k training data using 350k steps.,line chart,True,2,closed-ended infinite answer set non-visual,what is the maximum value of bleu scores for sp-10 with 10 samples?,,arxiv,['cs.cl cs.lg stat.ml'],scigraphqa,2006.08344,https://arxiv.org/pdf/2006.08344v1
269e77c4a2f42f70198220f21cab6f57,risk-assessed conversation,risk-assessed conversation,269e77c4a2f42f70198220f21cab6f57,risk-assessed conversations,risk-assessed conversations,2005.04245v1-figure6-1.png,2005.04245v1-figure6-1,"figure 6: mean naive distance, backwards-range (←−σ ), and % of utterances with questions, per segment for riskassessed (orange) and non-risk-assessed (black) conversations; solid circles indicate statistically significant differences (wilcoxon p < 0.01, comparing conversation types within counselor).",line chart,True,3,closed-ended infinite answer set non-visual,which conversation has the highest naive distance at 40% conversation segment/,,arxiv,['cs.cl'],scigraphqa,2005.04245,https://arxiv.org/pdf/2005.04245v1
9028827432a0ba3c36f70fbe41e0f1c5,85.99,85.99,9028827432a0ba3c36f70fbe41e0f1c5,0.8599,0.8599,1904.05542v1-figure7-1.png,1904.05542v1-figure7-1,figure 7: nearest neighbor translation accuracy as a function of (log) parallel corpus size. the legend shows the average accuracies of each model using 1m parallel sentences.,line chart,False,1,closed-ended infinite answer set non-visual,what is the exact average accuracy for infersent (transfer) using 1 million parallel sentences?,,arxiv,['cs.cl'],scigraphqa,1904.05542,https://arxiv.org/pdf/1904.05542v1
7cc2e8b58bc37837d8d062940fd2e4dd,4,4,7cc2e8b58bc37837d8d062940fd2e4dd,four,four,2020.acl-main.94.pdf-figure1.png,2020.acl-main.94.pdf-figure1,figure 1: bli performance in the comparable setting. the target window size is fixed and the source window size is varied.,line chart,True,3,closed-ended infinite answer set non-visual,how many languages are compared in figure 1?,,acl,nan,aclfig,2020.acl-main.94,https://aclanthology.org/2020.acl-main.94.pdf
b6d9ad80152b4867fb2a918d9a8e6bc9,75,75,b6d9ad80152b4867fb2a918d9a8e6bc9,75%,75%,2010.11230v1-figure4-1.png,2010.11230v1-figure4-1,"figure 4: comparison of the supervised training baseline and the proposed self-supervised pretraining methods for the in-domain test set using different number of training samples (top: auc-pr, bottom: auc-roc).",line chart,True,2,closed-ended infinite answer set non-visual,what is the approximate lowest auc-roc achieved by supervised training?,,arxiv,['cs.lg cs.cl'],scigraphqa,2010.11230,https://arxiv.org/pdf/2010.11230v1
1eb0ec312beae1758f16dbacd09af483,10,10,1eb0ec312beae1758f16dbacd09af483,6,6,1405.3539v3-figure7-1.png,1405.3539v3-figure7-1,"figure 7: from 1000-tweet stream of the new york times, @nytimes. the euclidean distances between the word and tweet segments 1 to 31. all words and all tweet segments are embedded in the correspondence analysis factor space. this latent semantic space is endowed with the euclidean metric and all points (words, tweet segments) are of equal mass. to aid in visualization, the distances are connected in a continuous curve. small values of distance indicate a close semantic association of word and tweet segment.",line chart,True,2,closed-ended infinite answer set non-visual,what is the approximate maximum semantic distance between the word 'hysteria' and any of the tweet segments?,,arxiv,['cs.ai cs.cl'],scigraphqa,1405.3539,https://arxiv.org/pdf/1405.3539v3
259354cdb0f38540a0ae0c1c3a482d07,ncbi-disease dataset and bc5cdr dataset,ncbi-disease dataset and bc5cdr dataset,259354cdb0f38540a0ae0c1c3a482d07,"ncbi-disease dataset, bc5cdr dataset","ncbi-disease dataset, bc5cdr dataset",1711.07908v3-figure6-1.png,1711.07908v3-figure6-1,figure 6: smoothed precision-recall curves for models with bilm pretraining and no pretraining. best viewed in color.,line chart,True,2,closed-ended infinite answer set non-visual,what are the two datasets analyzed in figure 6?,,arxiv,['cs.cl'],scigraphqa,1711.07908,https://arxiv.org/pdf/1711.07908v3
5fe4ed8e2a64873146f957c5474eb903,six,six,5fe4ed8e2a64873146f957c5474eb903,6,6,1605.03261v1-figure12-1.png,1605.03261v1-figure12-1,fig. 12: principle component analysis on the cs neurons (with different object locations),line chart,False,1,closed-ended infinite answer set non-visual,how many different object locations are shown in figure 12?,,arxiv,['cs.ro cs.cl'],scigraphqa,1605.03261,https://arxiv.org/pdf/1605.03261v1
9c6aa414a6775168886669ca24ade2ac,79.0,79.0,9c6aa414a6775168886669ca24ade2ac,78.5,78.5,2010.01694v1-figure2-1.png,2010.01694v1-figure2-1,"figure 2: average results on a) all glue tasks, b) only inference tasks (mnli, qnli, rte), and c) non-inference tasks (qqp, sst-2, cola, sts-b, mrpc) for models trained on mlm, mlm + nsp, and mlm with nsp’s split context but no nsp loss (split) throughout training over 10 billion tokens.",line chart,True,3,closed-ended infinite answer set non-visual,what is the maximum average score on all glue tasks for models trained on mlm?,,arxiv,['cs.cl cs.lg'],scigraphqa,2010.01694,https://arxiv.org/pdf/2010.01694v1
3dd982192c02a03cb8bf6bbdac79d1a3,100,100,3dd982192c02a03cb8bf6bbdac79d1a3,10^2,10^2,2010.04736v1-figure12-1.png,2010.04736v1-figure12-1,"figure 12: accuracy, sufficiency and comprehensiveness of logistic regressions models by regularization term c.",line chart,True,3,closed-ended infinite answer set non-visual,which regularization term c value provides the highest accuracy for the model wikiattack?,,arxiv,['cs.cl cs.ai cs.cy cs.hc cs.lg'],scigraphqa,2010.04736,https://arxiv.org/pdf/2010.04736v1
8df234ae631cf7139f40a0361556428c,34.5%,34.5%,8df234ae631cf7139f40a0361556428c,35,35,1907.08922v1-figure1-1.png,1907.08922v1-figure1-1,figure 1: female employment numbers,line chart,False,1,closed-ended infinite answer set non-visual,what is the highest percentage of female employment displayed in the figure?,,arxiv,['cs.cl cs.cy cs.lg stat.ml'],scigraphqa,1907.08922,https://arxiv.org/pdf/1907.08922v1
25897ac1f9bf6dd3422763f2d709d9fd,0.05,0.05,25897ac1f9bf6dd3422763f2d709d9fd,0.0,0.0,2004.08097v1-figure4-1.png,2004.08097v1-figure4-1,"figure 4: average running times of each model according to the number of words on sts and reranking tasks, sub-scripted as sts and rrk respectively.",line chart,False,1,closed-ended infinite answer set non-visual,"what is the time for the ""t-ta_sts' in all number of words?",,arxiv,['cs.cl'],scigraphqa,2004.08097,https://arxiv.org/pdf/2004.08097v1
1ee100ff11828541cdc9c50ccc9ecffd,psm,psm,1ee100ff11828541cdc9c50ccc9ecffd,psm (ours),psm (ours),2002.00838v1-figure1-1.png,2002.00838v1-figure1-1,"figure 1: we developed a fake news classification model and trained it on politifact. we evaluated the model on gossipcop. clearly, our psm-based method performs better than the baseline method (higher auroc).",line chart,False,1,closed-ended infinite answer set non-visual,which method has a higher auroc?,,arxiv,['cs.si cs.cl cs.lg stat.ml'],scigraphqa,2002.00838,https://arxiv.org/pdf/2002.00838v1
a35562bb67ebc9e9f865057edf493037,90,90,a35562bb67ebc9e9f865057edf493037,85,85,2006.00838v1-figure8-1.png,2006.00838v1-figure8-1,"figure 8: uas for different models for arabic, dutch, finnish, and russian development treebanks.",line chart,True,4,closed-ended infinite answer set non-visual,what is the maximum value for uas in the y-axis?,,arxiv,['cs.cl'],scigraphqa,2006.00838,https://arxiv.org/pdf/2006.00838v1
7f659bc6054fbff8a0644daae6005925,5.0,5.0,7f659bc6054fbff8a0644daae6005925,5,5,1508.01211v2-figure3-1.png,1508.01211v2-figure3-1,"figure 3: the effect of the decode beam width on wer for the clean google voice search task. the reported wers are without a dictionary or language model, with language model rescoring and the oracle wer for different beam widths. the figure shows that good results can be obtained even with a relatively small beam size.",line chart,False,1,closed-ended infinite answer set non-visual,what is the value of wer oracle at 16 beam width?,,arxiv,['cs.cl cs.lg cs.ne stat.ml'],scigraphqa,1508.01211,https://arxiv.org/pdf/1508.01211v2
031bebe0f08c8630ab9b4781eb5742ef,"z_c, l_i","z_c, l_i",031bebe0f08c8630ab9b4781eb5742ef,z_c,z_c,d17-1005.pdf-figure3.png,d17-1005.pdf-figure3,"figure 3: graphical model of oc,is correctness",graph,False,1,closed-ended infinite answer set non-visual,on what does s depend?,,acl,nan,aclfig,d17-1005,https://aclanthology.org/d17-1005.pdf
5f0c452c5c8397431c10eafc3eda0025,e11.21,e11.21,5f0c452c5c8397431c10eafc3eda0025,"e11,21","e11,21",d13-1130.pdf-figure1.png,d13-1130.pdf-figure1,figure 1: an example of a lattice l.,graph,False,1,closed-ended infinite answer set non-visual,"what is the name of the edge connecting node n1,1 and node n2,1?",,acl,nan,aclfig,d13-1130,https://aclanthology.org/d13-1130.pdf
cf28162949973f84f04402373f4a430b,1900-1920,1900-1920,cf28162949973f84f04402373f4a430b,1890 to 1920,1890 to 1920,2015.lilt-12.3.pdf-figure3.png,2015.lilt-12.3.pdf-figure3,"figure 3 scatter plot of arousal score vs. publication year for 88 19th century poems, 71 imagist poems, and 100 contemporary poems. following the imagist movement, poems scored increasingly lower on emotional arousal.",scatter plot,False,1,closed-ended infinite answer set non-visual,in which span of years were most of the imagist poems published?,,acl,nan,aclfig,2015.lilt-12.3,https://aclanthology.org/2015.lilt-12.3.pdf
a0e4d6ac9a5cfd4e920b1ae726a3fddc,4,4,a0e4d6ac9a5cfd4e920b1ae726a3fddc,6,6,2020.acl-main.364.pdf-figure4.png,2020.acl-main.364.pdf-figure4,figure 4: visualization of the reconstructed embeddings with their code-book assignment. best viewed in color.,scatter plot,True,3,closed-ended infinite answer set non-visual,how many different code-book assignments are visualized?,,acl,nan,aclfig,2020.acl-main.364,https://aclanthology.org/2020.acl-main.364.pdf
2158bbdfea7c7f2a899ad01e1ad87523,predicted question labels,predicted question labels,2158bbdfea7c7f2a899ad01e1ad87523,question labels,question labels,2020.acl-main.215.pdf-figure2.png,2020.acl-main.215.pdf-figure2,"figure 2: multiqt model illustration for two timesteps i and j. we depict the convolutional transformations fa and fs of the audio and character temporal softmax inputs into the respective modality encodings z(i)a and z (i) s , along with the corresponding receptive fields and strides: ra, sa and rs, ss. the convolutions are followed by multimodal fusion and finally dense layers g and h to predict the question labels y(i) and y(j).",neural networks,True,2,closed-ended infinite answer set non-visual,what does 'y' represent?,,acl,nan,aclfig,2020.acl-main.215,https://aclanthology.org/2020.acl-main.215.pdf
d57767c2a2dfda4cb14cd12bfe9da11d,head,head,d57767c2a2dfda4cb14cd12bfe9da11d,token,token,2020.lrec-1.730.pdf-figure2.png,2020.lrec-1.730.pdf-figure2,"figure 2: part of sense hierarchy for the word head. top part and leader are guide words, the topics are on the lower-level.",tree,False,1,closed-ended infinite answer set non-visual,what is the word 'head' labelled as in the tree?,,acl,nan,aclfig,2020.lrec-1.730,https://aclanthology.org/2020.lrec-1.730.pdf
92ca0b2019db7d5cfbbc8b6e0fcd6eac,main verb,main verb,92ca0b2019db7d5cfbbc8b6e0fcd6eac,verb,verb,2020.lrec-1.646.pdf-figure1.png,2020.lrec-1.646.pdf-figure1,figure 1: use of secondary dependencies and empty nodes in torot.,tree,False,1,closed-ended infinite answer set non-visual,what is the syntactic function of 'ubojašja' in the structure?,,acl,nan,aclfig,2020.lrec-1.646,https://aclanthology.org/2020.lrec-1.646.pdf
5c7892f458b27a132ceab2b6001a3846,"pron, propn","pron, propn",5c7892f458b27a132ceab2b6001a3846,"pronoun, proper noun","pronoun, proper noun",y16-2018.pdf-figure1.png,y16-2018.pdf-figure1,figure 1: english and czech sentence with equivalent meaning and shared dependencies.,tree,False,1,closed-ended infinite answer set non-visual,"what are the parts of speech for the words ""she"" and ""seoul"" in the english sentence?",,acl,nan,aclfig,y16-2018,https://aclanthology.org/y16-2018.pdf
28cabe6f0ee3ad789718eb667b5c3c14,69,69,28cabe6f0ee3ad789718eb667b5c3c14,89,89,w16-1003.pdf-figure4.png,w16-1003.pdf-figure4,figure 4: confusion matrix for activities without using an ontology.,confusion matrix,False,1,closed-ended infinite answer set non-visual,what is the number of times the activity 'high throw' was correctly identified?,,acl,nan,aclfig,w16-1003,https://aclanthology.org/w16-1003.pdf
93c3771900808eca8b35b9e80f14f22d,0.9,0.9,93c3771900808eca8b35b9e80f14f22d,1.0,1.0,w16-4821.pdf-figure1.png,w16-4821.pdf-figure1,figure 1: the confusion matrix of the system as in run1 (table 1).,confusion matrix,False,1,closed-ended infinite answer set non-visual,what is the value of the cell representing the system's accuracy for predicting 'fr-ca' when the true label is 'fr-ca'?,,acl,nan,aclfig,w16-4821,https://aclanthology.org/w16-4821.pdf
6818c5e72c644c76ad29702eaaa5a981,3rd ps sg-s,3rd ps sg-s,6818c5e72c644c76ad29702eaaa5a981,3rd ps sg -s,3rd ps sg -s,2014.lilt-11.3.pdf-figure2.png,2014.lilt-11.3.pdf-figure2,figure 2 morphological ranking of morphs according to textual morph complexity in the mixed-genre corpus. abscissa indexes increased morphological complexity.,bar chart,False,1,closed-ended infinite answer set non-visual,what is the morph with the highest average morphological complexity?,,acl,nan,aclfig,2014.lilt-11.3,https://aclanthology.org/2014.lilt-11.3.pdf
9c96efef9b59e79c3e9e1bf0f4227049,4,4,9c96efef9b59e79c3e9e1bf0f4227049,3,3,2020.acl-main.309.pdf-figure3.png,2020.acl-main.309.pdf-figure3,"figure 3: an ablation study to see the performance of models trained with reduced explicit negative examples (token-level and construction-level). one color represents the same models across plots, except the last bar (construction-level), which is different for each plot.",bar chart,True,4,closed-ended infinite answer set non-visual,how many different model variations are represented in the graph?,,acl,nan,aclfig,2020.acl-main.309,https://aclanthology.org/2020.acl-main.309.pdf
832354b684bfe4f7d0a5e51021da78ce,α lda + (1 - α) links,α lda + (1 - α) links,832354b684bfe4f7d0a5e51021da78ce,`α lda + (1 - α) links`,`α lda + (1 - α) links`,1401.2258v1-figure16-1.png,1401.2258v1-figure16-1,"figure 16: retrieval results of the tf.idf weighted link translations, combined with different concept models.",line chart,False,1,closed-ended infinite answer set non-visual,which concept model has the highest map value for α = 0.4?,,arxiv,['cs.ir cs.cl'],scigraphqa,1401.2258,https://arxiv.org/pdf/1401.2258v1
4c946699781ea18e22af91a9ef6e11c4,"english, spanish, and computer code","english, spanish, and computer code",4c946699781ea18e22af91a9ef6e11c4,"english, spanish, artificial","english, spanish, artificial",1311.5427v2-figure6-1.png,1311.5427v2-figure6-1,"figure 6. emergence (left), self-organization (center) and complexity (right) for english, spanish and computer code. vertical axis are dimensionless [0-1]. . these plots are based on equations (4), (5) and (6) combined with equations (15a), (15b), (15c), (11a), (11b) and (11c).",line chart,True,3,closed-ended infinite answer set non-visual,"according to the image, what are the three languages represented in the figure?",,arxiv,['cs.cl cs.it math.it nlin.ao physics.soc-ph'],scigraphqa,1311.5427,https://arxiv.org/pdf/1311.5427v2
065ebea78b943214fde360be435747c1,treernn,treernn,065ebea78b943214fde360be435747c1,treelstm,treelstm,1809.00832v1-figure9-1.png,1809.00832v1-figure9-1,"figure 9: validation accuracy for the binary sentiment classification task with (a) treernn, (b) rntn, and (c) treelstm models. results are shown for training each model with the recursive and iterative implementations, using the large movie review dataset. the time to reach 93% accuracy for each setup is also plotted, showing that the recursive implementation converges faster for all models.",line chart,True,3,closed-ended infinite answer set non-visual,which model achieves 93% accuracy at the shortest time?,,arxiv,['cs.lg cs.ai cs.cl stat.ml'],scigraphqa,1809.00832,https://arxiv.org/pdf/1809.00832v1
9afba5ab0f46e709b3fd486e925bf4fb,98,98,9afba5ab0f46e709b3fd486e925bf4fb,98%,98%,1908.10090v1-figure4-1.png,1908.10090v1-figure4-1,figure 4: number of search errors under beam-10 and empty global bests over the source sentence length.,line chart,False,1,closed-ended infinite answer set non-visual,what is the percentage of search errors without empty translations when the source sentence length is between 50 and 60 words?,,arxiv,['cs.cl'],scigraphqa,1908.10090,https://arxiv.org/pdf/1908.10090v1
17489871ef3d959058985ed431cc919a,4,4,17489871ef3d959058985ed431cc919a,3,3,2004.13195v1-figure4-1.png,2004.13195v1-figure4-1,"figure 4: mean target probability of ω using cd with α in focus, out-domain test set. solid lines are trained in the unfamiliar-conduit set, dashed lines on familiarconduit.",line chart,False,1,closed-ended infinite answer set non-visual,how many dashed lines are there?,,arxiv,['cs.cl cs.lg stat.ml'],scigraphqa,2004.13195,https://arxiv.org/pdf/2004.13195v1
65ad5ab3aeb2d4f5497049a57eeca10c,title and title+filter,title and title+filter,65ad5ab3aeb2d4f5497049a57eeca10c,"title
title+filter","title
title+filter",2008.00140v1-figure9-1.png,2008.00140v1-figure9-1,figure 9: rouge-2 f-1 scores for different slack amounts using title+filter (t itledrivenreduction then score_ilp) and title (only score_ilp) on title02 dataset.,line chart,False,1,closed-ended infinite answer set non-visual,what are the two algorithms used in the experiment?,,arxiv,['cs.ir cs.cl'],scigraphqa,2008.00140,https://arxiv.org/pdf/2008.00140v1
5cf61647298b85d928efe238536b64ea,0.1,0.1,5cf61647298b85d928efe238536b64ea,0.25,0.25,2010.06595v1-figure4-1.png,2010.06595v1-figure4-1,"figure 4: power analysis for mt, showing how power increases with n and ∆b , using an average of fitted values for p0 and b0. based on this analysis, we expect that an experiment with a test set of 2000 sentences would have approximately 75% power to detect a difference of 1 bleu point as significant. for additional plots, refer to figure 17 in appendix g.",line chart,False,1,closed-ended infinite answer set non-visual,what is the approximate power for ∆b=1.0 at n=1000?,,arxiv,['cs.cl cs.ai cs.lg'],scigraphqa,2010.06595,https://arxiv.org/pdf/2010.06595v1
ace3743a2446f1a118abbe898b71eed4,13,13,ace3743a2446f1a118abbe898b71eed4,15%,15%,1803.06535v2-figure2-1.png,1803.06535v2-figure2-1,figure 2: percentage of sentences binned according to formality score in train set of e&m,line chart,False,1,closed-ended infinite answer set non-visual,what percentage of sentences in the e&m training set with a formality score between -0.5 and -0.25 were formally rewritten?,,arxiv,['cs.cl'],scigraphqa,1803.06535,https://arxiv.org/pdf/1803.06535v2
f03d83615f23f0c43c60893bfd55f5c7,44,44,f03d83615f23f0c43c60893bfd55f5c7,42,42,1506.00839v2-figure3-1.png,1506.00839v2-figure3-1,figure 3 accuracy (%) results obtained on the switchboard corpus using context information extracted from the n preceding segments in different forms.,line chart,False,1,closed-ended infinite answer set non-visual,what is the number of used labels?,,arxiv,['cs.cl'],scigraphqa,1506.00839,https://arxiv.org/pdf/1506.00839v2
ae1d66e54116f34e3cbfeb68480389ae,knowledge semantic view,knowledge semantic view,ae1d66e54116f34e3cbfeb68480389ae,co-attention view,co-attention view,1812.02354v1-figure4-1.png,1812.02354v1-figure4-1,figure 4: case study of multi-view attention,line chart,True,4,closed-ended infinite answer set non-visual,which attention view has the highest weight for the word 'turkey'?,,arxiv,['cs.cl'],scigraphqa,1812.02354,https://arxiv.org/pdf/1812.02354v1
c5d038df2016e4ff575182a55abe57e5,"original datasets (size 1), augmented datasets (sizes 2, 3, 4, 5)","original datasets (size 1), augmented datasets (sizes 2, 3, 4, 5)",c5d038df2016e4ff575182a55abe57e5,laptop and restaurant,laptop and restaurant,2004.14769v2-figure3-1.png,2004.14769v2-figure3-1,"figure 3: performances of de-cnn and bert-ftc on different-sized augmentation datasets, where 1 means the original datasets without augmentation. all the results are based on the average scores of five runs.",line chart,True,2,closed-ended infinite answer set non-visual,what are the datasets used?,,arxiv,['cs.cl'],scigraphqa,2004.14769,https://arxiv.org/pdf/2004.14769v2
4e4be4c5384839bcd9807a55cfc7afb1,february to september 2014,february to september 2014,4e4be4c5384839bcd9807a55cfc7afb1,february to september,february to september,1607.01274v1-figure1-1.png,1607.01274v1-figure1-1,figure 1: perplexity results for the job advertisements from february to september in 2014.,line chart,False,1,closed-ended infinite answer set non-visual,what is the range of months for which the perplexity data is provided?,,arxiv,['cs.cl cs.ir cs.lg'],scigraphqa,1607.01274,https://arxiv.org/pdf/1607.01274v1
54c8356c597fef64093210758f4f9f5f,performance,performance,54c8356c597fef64093210758f4f9f5f,local and global,local and global,1811.02549v6-figure4-1.png,1811.02549v6-figure4-1,figure 4: results on the emnlp 2017 news dataset. (lower is better for all metrics). mle under a temperature sweep achieves better quality-diversity trade-off compared to the gan approaches.,line chart,True,2,closed-ended infinite answer set non-visual,what type of metrics are used?,,arxiv,['cs.cl cs.lg'],scigraphqa,1811.02549,https://arxiv.org/pdf/1811.02549v6
702ada3c7eba3b29c80a72fe66bd2bf0,82,82,702ada3c7eba3b29c80a72fe66bd2bf0,80%,80%,1909.09292v1-figure3-1.png,1909.09292v1-figure3-1,fig. 3. ablation study of bert fine-tuning on only the first/embedding layer.,line chart,True,2,closed-ended infinite answer set non-visual,what is the highest value of f1 for the crf model on pku?,,arxiv,['cs.cl cs.lg stat.ml'],scigraphqa,1909.09292,https://arxiv.org/pdf/1909.09292v1
84b9dbc5f877486f308c9157462b1002,38.5,38.5,84b9dbc5f877486f308c9157462b1002,38,38,1809.02992v1-figure4-1.png,1809.02992v1-figure4-1,"figure 4: comparison among the decoding results of the mt03 test dataset on the single geforce gtx titan x gpu server under the three different searching settings. y-axis represents the bleu score of translations, x-axis indicates that how long it will take for translating one word on average.",line chart,True,2,closed-ended infinite answer set non-visual,what is the highest bleu score achieved by the acp+sn method in the experiment?,,arxiv,['cs.cl cs.ai'],scigraphqa,1809.02992,https://arxiv.org/pdf/1809.02992v1
4d961ffdddb12ce041daa170caf4bbf1,0.8,0.8,4d961ffdddb12ce041daa170caf4bbf1,0.85,0.85,1708.05565v2-figure4-1.png,1708.05565v2-figure4-1,figures 4: experiment results with the ecpm policy as baseline.,line chart,True,4,closed-ended infinite answer set non-visual,what is the maximum possible reward in graphs (a) and (b)?,,arxiv,['cs.lg cs.ai cs.cl cs.gt'],scigraphqa,1708.05565,https://arxiv.org/pdf/1708.05565v2
e08698a87e85da8ff517a7c7bce76b6f,1,1,e08698a87e85da8ff517a7c7bce76b6f,one,one,2020.acl-main.66.pdf-figure5.png,2020.acl-main.66.pdf-figure5,"figure 5: huse-d vs huse-q for loss truncation, truncation + rejection sampling, and baselines. the red line shows the best achievable frontier via ensembling. truncation and rejection outperform all baselines.",line chart,False,1,closed-ended infinite answer set non-visual,how many beam methods are used?,,acl,nan,aclfig,2020.acl-main.66,https://aclanthology.org/2020.acl-main.66.pdf
b2f58997aef47b9c52e64ea8faab907e,bert+gru,bert+gru,b2f58997aef47b9c52e64ea8faab907e,bert,bert,2004.02363v1-figure3-1.png,2004.02363v1-figure3-1,figure 3: performance for various approaches by varying the fraction of events seen by the model. we present results on accuracy±10 for different product categories.,line chart,True,5,closed-ended infinite answer set non-visual,"in the electronics graph, what approach achieves the highest accuracy when the fraction of events seen is 1?",,arxiv,['cs.cl cs.hc'],scigraphqa,2004.02363,https://arxiv.org/pdf/2004.02363v1
6026a34dc5bb17864f7e9475991e10e7,udpipe future and udify,udpipe future and udify,6026a34dc5bb17864f7e9475991e10e7,"udpipe future, udify","udpipe future, udify",1904.02099v3-figure6-1.png,1904.02099v3-figure6-1,figure 6: a plot of las between with respect to the number of training sentences in each treebank.,line chart,False,1,closed-ended infinite answer set non-visual,what are the two methods being compared in the plot?,,arxiv,['cs.cl cs.lg'],scigraphqa,1904.02099,https://arxiv.org/pdf/1904.02099v3
0d02c2ea14c10cd9f0e7603c7e56d131,100,100,0d02c2ea14c10cd9f0e7603c7e56d131,"100,000","100,000",2002.09253v4-figure12-1.png,2002.09253v4-figure12-1,"figure 12: exploration metrics for different goal imagination mechanisms: (a) interesting interaction count (ic) on training set, ic on testing set, (c) ic on extra set. goal imagination starts early (vertical line), except for the no imagination baseline (green). standard errors of the mean plotted for clarity (as usual, 10 seeds).",line chart,True,3,closed-ended infinite answer set non-visual,how many episodes were used in the experiment?,,arxiv,['cs.ai cs.cl cs.lg'],scigraphqa,2002.09253,https://arxiv.org/pdf/2002.09253v4
371e9703ecbcc4727043c72dcd5dc437,0.6,0.6,371e9703ecbcc4727043c72dcd5dc437,0.65,0.65,2002.09253v4-figure11-1.png,2002.09253v4-figure11-1,"figure 11: zero-shot versus n-shot. we look at the low coverage variant of our goal imagination mechanism that only covers 43.7% the test set with a 45% precision. we report success rates on testing goals of type 5 (grow + plant) and compare with the no imagination baseline (green). we split in two: goals that were imagined (blue), and goals that were not (orange).",line chart,False,1,closed-ended infinite answer set non-visual,what is the approximate highest success rate achieved by test imagined?,,arxiv,['cs.ai cs.cl cs.lg'],scigraphqa,2002.09253,https://arxiv.org/pdf/2002.09253v4
ddf9e409310054be504f2c1b9c63f538,10,10,ddf9e409310054be504f2c1b9c63f538,1,1,1006.5827v1-figure1-1.png,1006.5827v1-figure1-1,figure 1: distance labels figure 2: times labels,line chart,True,2,closed-ended infinite answer set non-visual,what is the maximum value of times?,,arxiv,['cs.ro cs.cl'],scigraphqa,1006.5827,https://arxiv.org/pdf/1006.5827v1
87ddeb953d5f59b17b9766683a2b2f59,98%,98%,87ddeb953d5f59b17b9766683a2b2f59,98,98,1106.4571v1-figure16-1.png,1106.4571v1-figure16-1,figure 16: baseline artificial corpus,line chart,False,1,closed-ended infinite answer set non-visual,what is the maximum accuracy achieved by the artificial corpus?,,arxiv,['cs.cl cs.ai'],scigraphqa,1106.4571,https://arxiv.org/pdf/1106.4571v1
6c04245f8701ff02aae25b4ec0029df5,en-de and zh-en,en-de and zh-en,6c04245f8701ff02aae25b4ec0029df5,"en-de, zh-en","en-de, zh-en",2020.acl-main.34.pdf-figure5.png,2020.acl-main.34.pdf-figure5,figure 5: bleu scores of trans.base+scwacontloss on the en-de and zh-en test sets with different number of function words t .,line chart,False,1,closed-ended infinite answer set non-visual,what are the two language pairs being compared?,,acl,nan,aclfig,2020.acl-main.34,https://aclanthology.org/2020.acl-main.34.pdf
12ba652c5ad5b264808a85f16758be7b,0.61,0.61,12ba652c5ad5b264808a85f16758be7b,0.6,0.6,2010.01683v1-figure5-1.png,2010.01683v1-figure5-1,figure 5: learning curve of 10-fold cross validation,line chart,False,1,closed-ended infinite answer set non-visual,what is the highest performance achieved?,,arxiv,['cs.cl'],scigraphqa,2010.01683,https://arxiv.org/pdf/2010.01683v1
b049b67ebeaba007380b6750b596a30f,her(%),her(%),b049b67ebeaba007380b6750b596a30f,human evaluation,human evaluation,1911.01102v1-figure2-1.png,1911.01102v1-figure2-1,fig. 2: evaluation on robust vgg-lstm asr,line chart,True,2,closed-ended infinite answer set non-visual,what is the evaluation method used for the robust vgg-lstm asr in the human test?,,arxiv,['cs.cl cs.ne cs.sd eess.as'],scigraphqa,1911.01102,https://arxiv.org/pdf/1911.01102v1
79a8c208ec05222a3e426a8b347f1185,att-e and matt-bie,att-e and matt-bie,79a8c208ec05222a3e426a8b347f1185,"att-e, matt-bie","att-e, matt-bie",1807.07961v2-figure3-1.png,1807.07961v2-figure3-1,figure 3: attention weights obtained by senti-emoji embedding and word-emoji embedding across words. tweet contexts are given in sub-captions.,line chart,False,1,closed-ended infinite answer set non-visual,what are the two types of attention weights obtained by the embeddings?,,arxiv,['cs.cl cs.mm'],scigraphqa,1807.07961,https://arxiv.org/pdf/1807.07961v2
95cdaff8b2d6060df55e9b2719fd6119,5,5,95cdaff8b2d6060df55e9b2719fd6119,6,6,2002.09253v4-figure5-1.png,2002.09253v4-figure5-1,"figure 5: influence of social feedbacks. sr on g test for different social strategies. stars indicate significant differences w.r.t. ex:1 no imag.. sem plotted, 5 seeds.",line chart,False,1,closed-ended infinite answer set non-visual,how many social strategies are tested?,,arxiv,['cs.ai cs.cl cs.lg'],scigraphqa,2002.09253,https://arxiv.org/pdf/2002.09253v4
e28f17d271a995487ce38538082731d7,neither,neither,e28f17d271a995487ce38538082731d7,none,none,2020.scil-1.56.pdf-figure1.png,2020.scil-1.56.pdf-figure1,figure 1: a 2-i-2-tisl sfst for lhor (top) and a 2-isl sfst for its tier projection (bottom).,graph,True,2,closed-ended infinite answer set non-visual,which graph has a starting state r?,,acl,nan,aclfig,2020.scil-1.56,https://aclanthology.org/2020.scil-1.56.pdf
8587103c2b73d38cb0d89599b6f22865,0.4,0.4,8587103c2b73d38cb0d89599b6f22865,0.95,0.95,1405.2048v1-figure5-1.png,1405.2048v1-figure5-1,"figure 5: confidence bands for moses produced 5-gram mt method. green lines show 10 folds and small red circles indicate ranking position for a given curve on the precision/recall chart. for each position there are as many points as there are folds and the coordinates for these positions, according to our assumption, are normally distributed for both precision and recall. after computing elliptical density contours, shown in light blue, we connected the endpoints of the longest principle axis of the neighboring ellipses to produce confidence bands (indicated by dashed light blue lines).",scatter plot,True,2,closed-ended infinite answer set non-visual,what is the approximate recall that corresponds to a precision of 0.3 in the first graph?,,arxiv,['cs.ir cs.cl'],scigraphqa,1405.2048,https://arxiv.org/pdf/1405.2048v1
5a54dfe434e31fe82d9edfc6fafc329b,-,-,5a54dfe434e31fe82d9edfc6fafc329b,negative,negative,2011.03984v1-figure8-1.png,2011.03984v1-figure8-1,"figure 8: interaction between nigerian entities. subtitles show the names of the given entity pair. red lines give the geodesic distance between two entities. blue dots represent the number of interactions between two entities (relative degree) at each timestamp, and blue lines are regression of the relative degree between two entities over time.",scatter plot,True,4,closed-ended infinite answer set non-visual,what is the sign of the slope of the line that represents geodesic distances?,,arxiv,['cs.lg cs.ai cs.cl'],scigraphqa,2011.03984,https://arxiv.org/pdf/2011.03984v1
277ebf8c26a6d1660e675ba90de00cd6,what color is the bird?,what color is the bird?,277ebf8c26a6d1660e675ba90de00cd6,find bird,find bird,n16-1181.pdf-figure2.png,n16-1181.pdf-figure2,"figure 2: simple neural module networks, corresponding to the questions what color is the bird? and are there any states? (a) a neural find module for computing an attention over pixels. (b) the same operation applied to a knowledge base. (c) using an attention produced by a lower module to identify the color of the region of the image attended to. (d) performing quantification by evaluating an attention directly.",neural networks,True,2,closed-ended infinite answer set non-visual,what is the request corresponding to the neural module in (a)?,,acl,nan,aclfig,n16-1181,https://aclanthology.org/n16-1181.pdf
c842153f66f7f95acfbbc34b3043ded2,japanese and english,japanese and english,c842153f66f7f95acfbbc34b3043ded2,"japanese, english","japanese, english",y15-2010.pdf-figure2.png,y15-2010.pdf-figure2,"figure 2: for tree-to-tree system, it searches the case watashi katta (i buy) because it is a dependency pair in source parse tree and target parse tree. it does not search the case watashi akai (i red) because it is not a dependency pair in source parse tree neither in target parse tree. unlike fig.1, it does not search akai honwo (red book) because although it is a dependency pair in source side, it is disconnected in target side",tree,False,1,closed-ended infinite answer set non-visual,which languages are considered in the system?,,acl,nan,aclfig,y15-2010,https://aclanthology.org/y15-2010.pdf
aa006c70e08b5e8b3683c8594eb55f73,verb,verb,aa006c70e08b5e8b3683c8594eb55f73,verb (vb),verb (vb),2004.13481v1-figure2-1.png,2004.13481v1-figure2-1,"figure 2 parser output for query “coping with overcrowded prisons""",tree,False,1,closed-ended infinite answer set non-visual,what is the part of speech of 'coping'?,,arxiv,['cs.ir cs.cl'],scigraphqa,2004.13481,https://arxiv.org/pdf/2004.13481v1
b2bede2800ee3c77fbc130abd707729d,vp,vp,b2bede2800ee3c77fbc130abd707729d,verb,verb,2019.lilt-17.3.pdf-figure2.png,2019.lilt-17.3.pdf-figure2,figure 2 analysis of pustak=kii tareef hu-ii the book got praised.,tree,True,3,closed-ended infinite answer set non-visual,what is the category to which v belongs to?,,acl,nan,aclfig,2019.lilt-17.3,https://aclanthology.org/2019.lilt-17.3.pdf
25ed27c348936f980afa040f907cda8e,"quants⟨not-rel⟩,nucl[①[gentle(i)]]","quants⟨not-rel⟩,nucl[①[gentle(i)]]",25ed27c348936f980afa040f907cda8e,<not-rel> gentle(i),<not-rel> gentle(i),y17-1001.pdf-figure1.png,y17-1001.pdf-figure1,figure 1: semantic content of yes and no,graph,True,3,closed-ended infinite answer set non-visual,"in the second graph, what are elements of prop?",,acl,nan,aclfig,y17-1001,https://aclanthology.org/y17-1001.pdf
fc4e19f6544a416b6552196b7ed5a6d0,2,2,fc4e19f6544a416b6552196b7ed5a6d0,two,two,n15-1102.pdf-figure1.png,n15-1102.pdf-figure1,figure 1: dialog system used in this work.,architecture diagram,False,1,closed-ended infinite answer set non-visual,how many users are there?,,acl,nan,aclfig,n15-1102,https://aclanthology.org/n15-1102.pdf
c6af48dede443652b402b360490ad73c,3,3,c6af48dede443652b402b360490ad73c,three,three,o04-1005.pdf-figure2.1.png,o04-1005.pdf-figure2.1,fig. 2.1. an overview of our system,architecture diagram,False,1,closed-ended infinite answer set non-visual,how many phases are there in the system described in the image?,,acl,nan,aclfig,o04-1005,https://aclanthology.org/o04-1005.pdf
d8f66c82356de402e3cd3abbd358ee9b,record and mnli,record and mnli,d8f66c82356de402e3cd3abbd358ee9b,"record, mnli","record, mnli",2020.acl-demos.15.pdf-figure2.png,2020.acl-demos.15.pdf-figure2,"figure 2: jiant pipeline stages using roberta as the sentence encoder, record and mnli tasks as intermediate tasks, and mnli and boolq as tasks for target training and evaluation. the diagram highlights that during target training and evaluation phases, copies are made of the sentence encoder model, and fine tuning and evaluation for each task are conducted on separate copies.",architecture diagram,False,1,closed-ended infinite answer set non-visual,which tasks are used in the intermediate training phase?,,acl,nan,aclfig,2020.acl-demos.15,https://aclanthology.org/2020.acl-demos.15.pdf
3146e51927ac9cb13c8f4b66b3731d05,0.8,0.8,3146e51927ac9cb13c8f4b66b3731d05,0.78,0.78,w14-2515.pdf-figure2.png,w14-2515.pdf-figure2,"figure 2: accuracy of classifier trained and tested on balanced set contrasting agreed upon twitter users of a given role, against users pulled at random from the 1% stream.",box plot,False,1,closed-ended infinite answer set non-visual,what is the accuracy for artist?,,acl,nan,aclfig,w14-2515,https://aclanthology.org/w14-2515.pdf
8f0ffa1bb45e4e8ea24aa880da5fa4d0,high,high,8f0ffa1bb45e4e8ea24aa880da5fa4d0,higher,higher,w16-1616.pdf-figure4.png,w16-1616.pdf-figure4,figure 4: example of a pair of questions that is incorrectly predicted as similar by the first bidirectional lstm (top) and correctly predicted by the the second bidirectional lstm (bottom). the dark blue squares represent areas of high similarity.,confusion matrix,True,2,closed-ended infinite answer set non-visual,how is the similarity between land and new?,,acl,nan,aclfig,w16-1616,https://aclanthology.org/w16-1616.pdf
4d03e8d0bba647ecb843db75fa3f7b1b,one-step system,one-step system,4d03e8d0bba647ecb843db75fa3f7b1b,two-step system,two-step system,w14-3627.pdf-figure2.png,w14-3627.pdf-figure2,"figure 2: meteor x-ray alignment of the sentence in table 6. the left side is the output of the one-step system, the right side is the output of the two-step system, and the top is the reference. the shaded cells represent matches between the reference and the one-step system, and the dots represent matches between the reference and the twostep system.",confusion matrix,False,1,closed-ended infinite answer set non-visual,which system produced the most matches with the reference?,,acl,nan,aclfig,w14-3627,https://aclanthology.org/w14-3627.pdf
1155deec5fd1d6e6dcb12ab4eb06ec35,x,x,1155deec5fd1d6e6dcb12ab4eb06ec35,sym,sym,2020.acl-main.375.pdf-figure4.png,2020.acl-main.375.pdf-figure4,"figure 4: uas accuracy for the average models (bert 13, elmo 3) on incoming dependencies of different part-of-speech categories.",bar chart,False,1,closed-ended infinite answer set non-visual,"for which part-of-speech category does figure 4 show the lowest uas accuracy for the average models (bert 13, elmo 3)?",,acl,nan,aclfig,2020.acl-main.375,https://aclanthology.org/2020.acl-main.375.pdf
2a509a8b328eaee41f27fb6e247063b5,28,28,2a509a8b328eaee41f27fb6e247063b5,6,6,w16-2912.pdf-figure2.png,w16-2912.pdf-figure2,"figure 2: venn diagram: number of unique terms from the generated vocabularies found in the evaluation data: umls, wordnet with linguistic heuristics (wnling), and word2vec.",venn diagram,False,1,closed-ended infinite answer set non-visual,how many unique terms from the generated vocabularies are found in both umls and word2vec?,,acl,nan,aclfig,w16-2912,https://aclanthology.org/w16-2912.pdf
9bbb83ad5aabf6616b30122d68986775,52,52,9bbb83ad5aabf6616b30122d68986775,52%,52%,2020.acl-main.402.pdf-figure3.png,2020.acl-main.402.pdf-figure3,"figure 3: statistics : (a) source across the dataset, (b) overall speaker distribution.",pie chart,True,2,closed-ended infinite answer set non-visual,what percentage of the dataset is from the meld source?,,acl,nan,aclfig,2020.acl-main.402,https://aclanthology.org/2020.acl-main.402.pdf
65522346ae55b307f06117beda93854c,57%,57%,65522346ae55b307f06117beda93854c,57,57,2020.lrec-1.678.pdf-figure1.png,2020.lrec-1.678.pdf-figure1,"figure 1: distribution of verbs in the vqa dataset (antol et al., 2015a), to be versus other verbs.",pie chart,False,1,closed-ended infinite answer set non-visual,what percentage of verbs in the vqa dataset are 'to be' verbs?,,acl,nan,aclfig,2020.lrec-1.678,https://aclanthology.org/2020.lrec-1.678.pdf
b8d55e1234d257cbd8cfd593883b8c44,larger-context model and larger-context model with randomization,larger-context model and larger-context model with randomization,b8d55e1234d257cbd8cfd593883b8c44,"lc (larger-context), lc+rand (larger-context with randomization)","lc (larger-context), lc+rand (larger-context with randomization)",1903.04715v1-figure1-1.png,1903.04715v1-figure1-1,figure 1: cumulative bleu scores on the validation set sorted by the sentence-level score difference according to the larger-context model.,line chart,False,1,closed-ended infinite answer set non-visual,what are the two models being compared?,,arxiv,['cs.cl'],scigraphqa,1903.04715,https://arxiv.org/pdf/1903.04715v1
f53b8be889e002ea16b3445a1f9282b6,(a),(a),f53b8be889e002ea16b3445a1f9282b6,deception,deception,1910.08534v1-figure4-1.png,1910.08534v1-figure4-1,figure 4: similarity between svm (`2) and lstm with attention with different methods grouped by whether these two models agree on the predicted label. the similarity is not always greater when they agree on the predicted labels than when they disagree.,line chart,True,3,closed-ended infinite answer set non-visual,in which scenario (plot) is the maximum jaccard similarity among all methods at number of important features equal to 1 the highest?,,arxiv,['cs.cl cs.cy cs.hc cs.lg'],scigraphqa,1910.08534,https://arxiv.org/pdf/1910.08534v1
39f0da025b9585b37f644a8f6bec82ca,"0, 1, 2, 3, 4","0, 1, 2, 3, 4",39f0da025b9585b37f644a8f6bec82ca,"0, 1, 2, 3, 4, 5","0, 1, 2, 3, 4, 5",2020.acl-main.66.pdf-figure4.png,2020.acl-main.66.pdf-figure4,"figure 4: pinskers inequality, our bound, and the total variation squared of parameter estimates for different parameter estimates (c = 0.2). as shown, loss truncation can significantly improve bounds over pinskers inequality and, in this case, has a nearly identical minimizer to directly minimizing total variation.",line chart,False,1,closed-ended infinite answer set non-visual,what are the values of the ticks on the y axis?,,acl,nan,aclfig,2020.acl-main.66,https://aclanthology.org/2020.acl-main.66.pdf
1511d3a7b621bdd228f74290bd03635a,0.6,0.6,1511d3a7b621bdd228f74290bd03635a,0.7,0.7,2004.01820v1-figure4-1.png,2004.01820v1-figure4-1,figure 4: cumulative distribution functions for timeline similarity on relevant features. these measures are shown to be predictive of power imbalance and harmful intent.,line chart,True,2,closed-ended infinite answer set non-visual,what is the cumulative probability for harmful intent at a cosine theta of 0.5?,,arxiv,['cs.si cs.cl'],scigraphqa,2004.01820,https://arxiv.org/pdf/2004.01820v1
88ef83046baa4b37692106302d1e7113,m1 and m2,m1 and m2,88ef83046baa4b37692106302d1e7113,"m1, m2","m1, m2",1505.08149v3-figure4-9-1.png,1505.08149v3-figure4-9-1,fig. 4-9. operator “very”,line chart,False,1,closed-ended infinite answer set non-visual,what are the symbols for the variables representing the source and target memberships?,,arxiv,['cs.cl'],scigraphqa,1505.08149,https://arxiv.org/pdf/1505.08149v3
0979eed6e31990c9794ca34219691521,3.4,3.4,0979eed6e31990c9794ca34219691521,3.5,3.5,1703.05260v1-figure11-1.png,1703.05260v1-figure11-1,"figure 11: entropy over verb lemmas for events (left y-axis, h(x)) in the going on a train scenario. bars in the background indicate the absolute number of occurrence of instances (right yaxis, n(x)).","line chart,bar chart",False,1,closed-ended infinite answer set non-visual,what is the highest value of h(inscript) according to the graph?,,arxiv,['cs.cl cs.ai'],scigraphqa,1703.05260,https://arxiv.org/pdf/1703.05260v1
c0fda1033a9bad32354427c36248a5bd,5,5,c0fda1033a9bad32354427c36248a5bd,6,6,1610.05540v1-figure3-1.png,1610.05540v1-figure3-1,figure 3: adaptation with in-domain data.,line chart,False,1,closed-ended infinite answer set non-visual,how many additional epochs in total are there in figure 3?,,arxiv,['cs.cl'],scigraphqa,1610.05540,https://arxiv.org/pdf/1610.05540v1
c7d098e4e8272cc2787dd60a5bf0a123,0.55,0.55,c7d098e4e8272cc2787dd60a5bf0a123,0.45,0.45,1706.07206v2-figure3-1.png,1706.07206v2-figure3-1,"figure 3: impact of word deleting on initially correctly (left) and falsely (right) classified test sentences, using either sa or lrp as relevance decomposition method (lrpcons is a variant of lrp with relevance conservation). the relevance target class is the true sentence class, and words are deleted in decreasing (left) and increasing (right) order of their relevance. random deletion is averaged over 10 runs (std < 0.016). a steep decline (left) and incline (right) indicate informative word relevance.",line chart,True,2,closed-ended infinite answer set non-visual,what is the accuracy for initially correctly classified test sentences with 3 words deleted using lrp?,,arxiv,['cs.cl cs.ai cs.ne stat.ml'],scigraphqa,1706.07206,https://arxiv.org/pdf/1706.07206v2
3b11ee7bbc106b1315061b43b18da5a0,7,7,3b11ee7bbc106b1315061b43b18da5a0,6,6,2011.09289v1-figure4.7-1.png,2011.09289v1-figure4.7-1,figure 4.7. processing speed graph of nslt with 3d-cnn and 2d-cnn.,line chart,False,1,closed-ended infinite answer set non-visual,how many steps does the range on the horizontal axis in figure 4.7. include?,,arxiv,['cs.cl'],scigraphqa,2011.09289,https://arxiv.org/pdf/2011.09289v1
6c3220c384e9ac418eeb6b7e66c7164f,2,2,6c3220c384e9ac418eeb6b7e66c7164f,300,300,1911.01098v1-figure4.5-1.png,1911.01098v1-figure4.5-1,figure 4.5: learning curves of different languages for speakers in both games. numbers in the parentheses are length of messages in a language.,line chart,True,3,closed-ended infinite answer set non-visual,what is the length of messages for the 'emergent-reconstruct' language?,,arxiv,['cs.cl'],scigraphqa,1911.01098,https://arxiv.org/pdf/1911.01098v1
2a5a6cd3231cf06ad8c46580ace789fe,rdsgan+att,rdsgan+att,2a5a6cd3231cf06ad8c46580ace789fe,mintz,mintz,2009.14722v1-figure2-1.png,2009.14722v1-figure2-1,figure 2: comparison of pr curves between our proposed model and baselines on the nyt dataset,line chart,False,1,closed-ended infinite answer set non-visual,"on the nyt dataset, which model has the highest precision at a recall of 0.35?",,arxiv,['cs.cl cs.lg'],scigraphqa,2009.14722,https://arxiv.org/pdf/2009.14722v1
37a22a048aaf7b4f50308a42eeeb0c16,1000,1000,37a22a048aaf7b4f50308a42eeeb0c16,600,600,1709.05404v1-figure3-1.png,1709.05404v1-figure3-1,"figure 3: plot of dataset size (x-axis) vs sarc. fmeasure (y-axis) for the three subcorpora, with ngram features",line chart,False,1,closed-ended infinite answer set non-visual,what is the maximum number of posts/class for the hyp subcorpus?,,arxiv,['cs.cl'],scigraphqa,1709.05404,https://arxiv.org/pdf/1709.05404v1
90c0d6124637c1644be102b00cf11e64,0.9,0.9,90c0d6124637c1644be102b00cf11e64,0.7,0.7,1609.06530v1-figure2-1.png,1609.06530v1-figure2-1,"fig. 2. precision/recall curves for the 50, fa configuration, with α = 0 (baseline utd) and α = 0.4 (our system). ap is computed as the area under the respective curves.",line chart,False,1,closed-ended infinite answer set non-visual,what is the value of recall of the precision/recall @ d=0.88 point?,,arxiv,['cs.cl'],scigraphqa,1609.06530,https://arxiv.org/pdf/1609.06530v1
4144a1ee308f2b335304beb59df85143,10000000,10000000,4144a1ee308f2b335304beb59df85143,15m,15m,2004.04070v2-figure4-1.png,2004.04070v2-figure4-1,"figure 4: monolingual “control” experiments when aligning (a) a partially trained en vector space (after m updates, that is, seen word tokens) to a fully trained vector space, and (b) an en vector space fully trained on wikipedia of different sizes (number of sentences). we show rsim scores, mapping performance (i.e., monolingual “bli”) on hfreq and lfreq en words, and monolingual word similarity scores on simverb-3500.",line chart,True,2,closed-ended infinite answer set non-visual,what is the maximum number of sentences from wikipedia that the en vector space was trained on?,,arxiv,['cs.cl'],scigraphqa,2004.04070,https://arxiv.org/pdf/2004.04070v2
cd6ac8cd9fb9f858df26bd9534e79e1b,65.5,65.5,cd6ac8cd9fb9f858df26bd9534e79e1b,64.5,64.5,1912.12068v1-figure3-1.png,1912.12068v1-figure3-1,"figure 3: performance of our model with transitive extensions of order k = 1,k = 2,k = 3, and k = ∗ on semeval dataset; (a) learned features, (b) learned + linguistic features",line chart,True,2,closed-ended infinite answer set non-visual,"what is the f1-score of the p2, p3, p1 model with learned and linguistic features at k = 2?",,arxiv,['cs.cl'],scigraphqa,1912.12068,https://arxiv.org/pdf/1912.12068v1
9a0c93bcd16ce9858f9bf4a03755bf0c,megam,megam,9a0c93bcd16ce9858f9bf4a03755bf0c,chelba,chelba,1109.6341v1-figure4-1.png,1109.6341v1-figure4-1,figure 4: learning curves for prior and megam models.,line chart,True,2,closed-ended infinite answer set non-visual,which model shows the highest f-measure on the mention tagging task at the lowest amount of in-domain data used?,,arxiv,['cs.lg cs.cl'],scigraphqa,1109.6341,https://arxiv.org/pdf/1109.6341v1
5dee28d4642852ba48228a1d3f71f96a,"the effect on r2 of residualized factor adaptation (rfa) when increasing the number of factors obtained through pca is that the r2 value initially increases and then plateaus. the maximum r2 value for rfa (pca) appears to be around 0.65, achieved at approximately 10 factors.","the effect on r2 of residualized factor adaptation (rfa) when increasing the number of factors obtained through pca is that the r2 value initially increases and then plateaus. the maximum r2 value for rfa (pca) appears to be around 0.65, achieved at approximately 10 factors.",5dee28d4642852ba48228a1d3f71f96a,"the effect on \( r^2 \) of residualized factor adaptation (rfa) when increasing the number of factors obtained through pca is that \( r^2 \) initially increases slightly as the number of factors increases from 1 to 5, then plateaus and remains relatively stable around 0.64 for higher numbers of factors (5-10), and finally there is a slight decrease at very high numbers of factors (10-11), but it remains above 0.6.","the effect on \( r^2 \) of residualized factor adaptation (rfa) when increasing the number of factors obtained through pca is that \( r^2 \) initially increases slightly as the number of factors increases from 1 to 5, then plateaus and remains relatively stable around 0.64 for higher numbers of factors (5-10), and finally there is a slight decrease at very high numbers of factors (10-11), but it remains above 0.6.",1808.09479v1-figure3-1.png,1808.09479v1-figure3-1,"figure 3: effect of increasing number of factors on r2 of residualized factor adaptation (rfa), factor adaptation (fa) and residualized controls (rc) for heart disease outcome. factors are obtained through recursive feature elimination (rfe) or pca. left plot is with original factors, and right plot is with interaction factors (the product from pairing factors).",line chart,True,2,closed-ended infinite answer set non-visual,what is the effect on r2 of residualized factor adaptation (rfa) when increasing the number of factors obtained through pca?,,arxiv,['cs.cl'],scigraphqa,1808.09479,https://arxiv.org/pdf/1808.09479v1
2ba030878cfb05a4ae57fc564117ed25,22.5,22.5,2ba030878cfb05a4ae57fc564117ed25,23.0,23.0,1902.07282v1-figure5-1.png,1902.07282v1-figure5-1,figure 5: test bleu score of various sentence lengths,line chart,False,1,closed-ended infinite answer set non-visual,what is the bleu score of seq2seq for sentence lengths between 21 and 30?,,arxiv,['cs.cl cs.ai'],scigraphqa,1902.07282,https://arxiv.org/pdf/1902.07282v1
26c713405bced98f77651634de146087,208744,208744,26c713405bced98f77651634de146087,"208,744","208,744",1906.10910v2-figure1-1.png,1906.10910v2-figure1-1,figure 1: changes in the number of users and questions.,line chart,False,1,closed-ended infinite answer set non-visual,what was the approximate number of users in june 2018?,,arxiv,['cs.lg cs.cl stat.ml'],scigraphqa,1906.10910,https://arxiv.org/pdf/1906.10910v2
7937b4b779595f6086c9db0ca08d50ba,sentiment and concreteness,sentiment and concreteness,7937b4b779595f6086c9db0ca08d50ba,"size of lexicon, correlation","size of lexicon, correlation",1602.07572v2-figure2-1.png,1602.07572v2-figure2-1,"figure 2: kendall’s τ versus subspace size (top) and training resource size (bottom). see lines 6 & 8, table 1, for train/test split.",line chart,True,2,closed-ended infinite answer set non-visual,what are the two variables plotted in the bottom figure?,,arxiv,['cs.cl'],scigraphqa,1602.07572,https://arxiv.org/pdf/1602.07572v2
6db87420a009c9d6001cc04b7d0d5c40,3.5,3.5,6db87420a009c9d6001cc04b7d0d5c40,3.0,3.0,1810.08641v1-figure5-1.png,1810.08641v1-figure5-1,"figure 5: f1 of rare words appearing 1, 2, 5×",line chart,False,1,closed-ended infinite answer set non-visual,what is the maximum value of f1 for rare words appearing 5 times?,,arxiv,['cs.cl'],scigraphqa,1810.08641,https://arxiv.org/pdf/1810.08641v1
78749b2a1578ba48ee6d246f28f72581,8,8,78749b2a1578ba48ee6d246f28f72581,7,7,1803.10916v1-figure6-1.png,1803.10916v1-figure6-1,figure 6: rocs for crnn attention-based model with soft attention.,line chart,False,1,closed-ended infinite answer set non-visual,what is the maximum false rejects (%) on the y axis in figure 6?,,arxiv,['cs.sd cs.cl eess.as'],scigraphqa,1803.10916,https://arxiv.org/pdf/1803.10916v1
b60275c3c1e2679b46bf77e137f09cc7,36.3,36.3,b60275c3c1e2679b46bf77e137f09cc7,36.5,36.5,1611.01874v2-figure4-1.png,1611.01874v2-figure4-1,figure 4: learning curves – translation (left y-axis) and reconstruction (right y-axis) performances (in bleu scores) on the validation set as training progresses. we find our approach is capable of generating better translations over time by better reconstructing original inputs.,line chart,False,1,closed-ended infinite answer set non-visual,what is the maximum translation bleu marked on the y axis?,,arxiv,['cs.cl'],scigraphqa,1611.01874,https://arxiv.org/pdf/1611.01874v2
f1ae19e4a33bf93caf8c75057c327eb6,10000,10000,f1ae19e4a33bf93caf8c75057c327eb6,10^4,10^4,1712.07473v3-figure4-1.png,1712.07473v3-figure4-1,figure 4: left: empirical histogram of random samples of c(s). magenta line represents theoretical distribution of the pareto law with parameters that are estimated on these samples. right: difference between two distributions on the left plot expressed in number of samples∆(x). the parameters of the pareto law were estimated on the samples that lie in the region {log c(s) > 0.35} (blue line). black lines represent standard errors. the left plot is built in logarithmic y-axis while the right one is built in linear y-axis.,line chart,True,2,closed-ended infinite answer set non-visual,what is the maximum value in the histogram?,,arxiv,['cs.cl cs.cr cs.lg'],scigraphqa,1712.07473,https://arxiv.org/pdf/1712.07473v3
915ad8a1ece88dc31e77b220e29a7631,75,75,915ad8a1ece88dc31e77b220e29a7631,70,70,2009.00914v1-figure3-1.png,2009.00914v1-figure3-1,figure 3: retriever and ranker recall. the x-axis is logscale.,line chart,False,1,closed-ended infinite answer set non-visual,what is the maximum value of top-n exact match?,,arxiv,['cs.cl cs.ai'],scigraphqa,2009.00914,https://arxiv.org/pdf/2009.00914v1
f5aea11eccd0d805bc980db5fd870782,14.5,14.5,f5aea11eccd0d805bc980db5fd870782,15.0,15.0,1002.0773v1-figure7-1.png,1002.0773v1-figure7-1,"figure 7: mmi criterion on the training data during 100 iterations of extended baum-welch with lattice regeneration. the x-axis gives the extended baum-welch iteration, with x=0 being the mle.",line chart,False,1,closed-ended infinite answer set non-visual,what is the final value of wer at the end of the iterations range?,,arxiv,['cs.cl'],scigraphqa,1002.0773,https://arxiv.org/pdf/1002.0773v1
413dd52a370098271a355de473648cd3,80,80,413dd52a370098271a355de473648cd3,65%,65%,2006.06402v2-figure4-1.png,2006.06402v2-figure4-1,"figure 4: comparison between our model (solid lines) and attention-informed mixed training (att.) model (dashed lines). results with different β in (a) and (b) and different subset size of training data in (c) and (d). in (c) and (d), it’s worth that the dashline denotes att. performance with 100% training data and the solid line represents our model performance by varying the proportion training data size.",line chart,True,4,closed-ended infinite answer set non-visual,what is the value for the intent accuracy of the attention-informed mixed training model on thai in plot (b)?,,arxiv,['cs.cl'],scigraphqa,2006.06402,https://arxiv.org/pdf/2006.06402v2
6f739c2487d24b6f48b69c653a097146,1.4,1.4,6f739c2487d24b6f48b69c653a097146,1.5,1.5,1002.0773v1-figure13-1.png,1002.0773v1-figure13-1,figure 13: densities of the scaled standard deviations before (blue) and after (black) 100 iterations of extended baum-welch.,line chart,False,1,closed-ended infinite answer set non-visual,what is the maximum value of the density function after 100 iterations of extended baum-welch across all standard deviations?,,arxiv,['cs.cl'],scigraphqa,1002.0773,https://arxiv.org/pdf/1002.0773v1
ca695fd90469dd3c7009a8d285f1e647,βf,βf,ca695fd90469dd3c7009a8d285f1e647,f,f,d11-1135.pdf-figure1.png,d11-1135.pdf-figure1,"figure 1: rel-lda model. shaded circles are observations, and unshaded ones are hidden variables. a document consists of n tuples. each tuple has a set of features. each feature of a tuple is generated independently from a hidden relation variable r.",graph,False,1,closed-ended infinite answer set non-visual,what is the label of the node with a transition to the hidden relation variable r?,,acl,nan,aclfig,d11-1135,https://aclanthology.org/d11-1135.pdf
18dc6e733af824821cd71e309f3cf9cd,five,five,18dc6e733af824821cd71e309f3cf9cd,5,5,2020.acl-main.692.pdf-figure6.png,2020.acl-main.692.pdf-figure6,figure 6: 2d visualizations of the unsupervised gmm-based clustering for different pretrained mlms.,scatter plot,True,2,closed-ended infinite answer set non-visual,how many clusters are considered for each mlm in figure 6?,,acl,nan,aclfig,2020.acl-main.692,https://aclanthology.org/2020.acl-main.692.pdf
ce3bd4ffc1c85134e1651dbe7be8ad4c,k,k,ce3bd4ffc1c85134e1651dbe7be8ad4c,3,3,2020.acl-main.78.pdf-figure1.png,2020.acl-main.78.pdf-figure1,"figure 1: the framework of the proposed semiorc. denotes the matrix multiplication. in the training process, the predicted labels yi and observed labels yi are used to compute the classification loss for labeled data.",neural networks,False,1,closed-ended infinite answer set non-visual,what is the dimension of the input to the network in figure 1?,,acl,nan,aclfig,2020.acl-main.78,https://aclanthology.org/2020.acl-main.78.pdf
673b06b49cb9aeef97407a07bd312745,7,7,673b06b49cb9aeef97407a07bd312745,9,9,y15-2011.pdf-figure2.png,y15-2011.pdf-figure2,figure 2. realignment from finer-grained to coarser-grained,graph,False,1,closed-ended infinite answer set non-visual,how many mongolian tokens are represented in the figure?,,acl,nan,aclfig,y15-2011,https://aclanthology.org/y15-2011.pdf
f21418fbfb5e0ca90d3bea39d8816027,4,4,f21418fbfb5e0ca90d3bea39d8816027,8,8,y15-2010.pdf-figure5.png,y15-2010.pdf-figure5,figure 5: this is an example of a different expression where again the solid line is the correct parse and the dashed line is the wrong parse caused by dm.,tree,False,1,closed-ended infinite answer set non-visual,how many words is the japanese sentence in en made up of?,,acl,nan,aclfig,y15-2010,https://aclanthology.org/y15-2010.pdf
352411f580d766a8c84084bf2b15f32b,spoken utterance,spoken utterance,352411f580d766a8c84084bf2b15f32b,upr,upr,o06-3004.pdf-figure2.png,o06-3004.pdf-figure2,figure 2. block diagram of a upr-lm lid system,architecture diagram,False,1,closed-ended infinite answer set non-visual,what is the label of the very first input to the system in figure 2?,,acl,nan,aclfig,o06-3004,https://aclanthology.org/o06-3004.pdf
b5f966819c7932ffdbce230efc3161c3,voila,voila,b5f966819c7932ffdbce230efc3161c3,ah,ah,w13-4011.pdf-figure4.png,w13-4011.pdf-figure4,figure 4: distribution of the lexical items,bar chart,False,1,closed-ended infinite answer set non-visual,what is the name of the lexical item with the largest proportion in cid_ym?,,acl,nan,aclfig,w13-4011,https://aclanthology.org/w13-4011.pdf
e0fa77351066adbe1e8a0eb6c38f3b81,1.0,1.0,e0fa77351066adbe1e8a0eb6c38f3b81,0.9,0.9,w17-2401.pdf-figure3.png,w17-2401.pdf-figure3,figure 3: accuracy rate (from 0 to 1) in the pairwise classification using network features extracted from mesoscopic networks.,heat map,False,1,closed-ended infinite answer set non-visual,what is the accuracy rate for the classification between 'lang' and 'davis'?,,acl,nan,aclfig,w17-2401,https://aclanthology.org/w17-2401.pdf
f712316a15f4a34229158b74126b5cc8,11,11,f712316a15f4a34229158b74126b5cc8,12,12,w03-2002.pdf-figure6.png,w03-2002.pdf-figure6,"figure 6: comparison between a 11x11 use viewpoint thematic map and a 16x16 use viewpoint thematic map through map extracts: the 11x11 map extract is presented at the left, the 16x16 map extract is presented at the right. on the figure, the focus is given machine oil topic. the comparison highlights, as an example, that the logical surrounding of this topic is more precisely defined in the 16x16 map (optimal quality) than in the 11x11 map (lower quality). moreover, in the 11x11 map, the topic machine oil has been derived in a more fuzzy scope topic named machine and vehicles.",other,True,2,closed-ended infinite answer set non-visual,how many labels does the 11x11 map extract contain?,,acl,nan,aclfig,w03-2002,https://aclanthology.org/w03-2002.pdf
23f9fa87fe62951d519db4427ceae0ea,humans,humans,23f9fa87fe62951d519db4427ceae0ea,human,human,2020.acl-main.219.pdf-figure4.png,2020.acl-main.219.pdf-figure4,"figure 4: human evaluations on image-chat. engagingness win rates of pairwise comparisons between human utterances and transresnetret (resnet152 or resnext-ig-3.5b) or transresnetgen , comparing over the rounds of dialogue.",bar chart,False,1,closed-ended infinite answer set non-visual,which model shows the highest win percentage in the first round of comparison?,,acl,nan,aclfig,2020.acl-main.219,https://aclanthology.org/2020.acl-main.219.pdf
