instance_id,answer_pred_bespoke,answer_pred_str_bespoke,id,answer_pred_qwen,answer_pred_str_qwen,image_file,figure_id,caption,figure_type,compound,figs_numb,qa_pair_type,question,answer_options,venue,categories,source_dataset,paper_id,pdf_url
37262522fc9ab6ad4e8c85f728455c54,"a,d","a,d",37262522fc9ab6ad4e8c85f728455c54,d,d,1702.01829v2-figure4-1.png,1702.01829v2-figure4-1,"figure 4: varying the amount of training data for the discourse parser, we can see how parsing f1 performance affects accuracy on the yelp review task.",line chart,False,1,closed-ended finite answer set non-binary visual,how many triangles are presented in the line and what is their color?,,arxiv,['cs.cl cs.lg'],scigraphqa,1702.01829,https://arxiv.org/pdf/1702.01829v2
7ecac9c46c0b62aa4e4ba93506998bef,d,d,7ecac9c46c0b62aa4e4ba93506998bef,c,c,1201.5484v2-figure7-1.png,1201.5484v2-figure7-1,fig. 7. average number of discussions (threads) initiated by websites (squares) and users (circles) that have received a specific average emotional response. all threads with a threshold ncomments ≥ 8.,line chart,False,1,closed-ended finite answer set non-binary visual,what is the peak value and the lowest value for the green line?,,arxiv,['physics.soc-ph cs.cl cs.si physics.data-an'],scigraphqa,1201.5484,https://arxiv.org/pdf/1201.5484v2
9625ad38d206d1dbdabd71219ae6c226,c,c,9625ad38d206d1dbdabd71219ae6c226,"a,b,c","a,b,c",1711.03736v1-figure3-1.png,1711.03736v1-figure3-1,figure 3: evaluation of perplexity variation during the training on mr dataset,line chart,True,3,closed-ended finite answer set non-binary visual,which of the graphs show a final perplexity value that is higher for  blue line than red line?,,arxiv,['cs.cl cs.ir cs.lg'],scigraphqa,1711.03736,https://arxiv.org/pdf/1711.03736v1
4889440da40d939a8a905d9e31539797,d,d,4889440da40d939a8a905d9e31539797,c,c,1904.05542v1-figure5-1.png,1904.05542v1-figure5-1,"figure 5: nearest neighbor translation accuracy as a function of (log) parallel corpus size. (sent) to sentence-level mapping, and (dict) refers to the baseline (using a static dictionary for mapping). the legend shows the average accuracies of each model using 1m parallel sentences.",line chart,True,6,closed-ended finite answer set non-binary visual,which line represents the model with the highest accuracy at 1 million parallel sentences in the middle right plot?,,arxiv,['cs.cl'],scigraphqa,1904.05542,https://arxiv.org/pdf/1904.05542v1
9d4b20c0dcfbb420196ec70ad1880237,a,a,9d4b20c0dcfbb420196ec70ad1880237,"c,d","c,d",1908.06177v2-figure5-1.png,1908.06177v2-figure5-1,"figure 5: systematic generalization performance of different models when trained on clauses of length k = 2, 3 (left) and k = 2, 3, 4 (right).",line chart,True,2,closed-ended finite answer set non-binary visual,"in rightmost plot, which model has the highest accuracy at a relation length of 3?",,arxiv,['cs.lg cs.cl cs.lo stat.ml'],scigraphqa,1908.06177,https://arxiv.org/pdf/1908.06177v2
022644beef43ed6fb51e6a9e06a7e51d,a,a,022644beef43ed6fb51e6a9e06a7e51d,b,b,1609.07033v1-figure5-1.png,1609.07033v1-figure5-1,figure 5: comparison of performance obtained by text segmentation algorithms: bayesian segmentation (bayesseg) and lcseg. “default” setting does not require the number of segments to be explicitly stated when computing segment boundaries using lcseg.,line chart,False,1,closed-ended finite answer set non-binary visual,which line represents the algorithm that had a higher 'average f-measure' when the 'number of segments' was 12?,,arxiv,['cs.cl'],scigraphqa,1609.07033,https://arxiv.org/pdf/1609.07033v1
56a826be331cf533ba68f8cf35e72fac,b,b,56a826be331cf533ba68f8cf35e72fac,d,d,1912.07421v1-figure2-1.png,1912.07421v1-figure2-1,fig. 2. accuracies and losses of cnn submodels,line chart,True,4,closed-ended finite answer set non-binary visual,"in rightmost bottom plot, which line represents the  model has the highest validation loss at the 8th epoch?",,arxiv,['cs.cl cs.ai cs.cy'],scigraphqa,1912.07421,https://arxiv.org/pdf/1912.07421v1
6ca4e08a2cd9eaac9ee065aff65fb2dc,b,b,6ca4e08a2cd9eaac9ee065aff65fb2dc,c,c,2005.08053v1-figure4-1.png,2005.08053v1-figure4-1,"figure 4: clean spectrograms (a), partially noise-corrupted spectrum(b), and the predicted frame-level scores obtained using lc att (c), l att (d), and baseline1 (e).",line chart,True,5,closed-ended finite answer set non-binary visual,which of the top two spectrograms presenting normalized frequency has a red line?,,arxiv,['eess.as cs.cl cs.sd'],scigraphqa,2005.08053,https://arxiv.org/pdf/2005.08053v1
0b09cce340dffd35aa32be4651930e74,a,a,0b09cce340dffd35aa32be4651930e74,"a,b,c,d","a,b,c,d",2002.11848v1-figure7-1.png,2002.11848v1-figure7-1,figure 7: diverse beam search. curve colors correspond to results with decoding an xe-trained model with different temperatures; each curve tracks varying λ in dbs.,line chart,True,2,closed-ended finite answer set non-binary visual,which line in the top graph has the lowest value at self-cider 0.65?,,arxiv,['cs.cl cs.cv'],scigraphqa,2002.11848,https://arxiv.org/pdf/2002.11848v1
f4428d269d4f825c621e6b2b87f79fbf,b,b,f4428d269d4f825c621e6b2b87f79fbf,a,a,1703.01619v1-figure9-1.png,1703.01619v1-figure9-1,figure 9: types of non-linearities.,line chart,True,3,closed-ended finite answer set non-binary visual,"in the leftmost plot, what is the y-axis value of the blue line at its highest point?",,arxiv,['cs.cl cs.lg stat.ml'],scigraphqa,1703.01619,https://arxiv.org/pdf/1703.01619v1
dd62760a8218bfcd88a6f570cf5e05a9,d,d,dd62760a8218bfcd88a6f570cf5e05a9,"a,b,c,d","a,b,c,d",1808.10128v1-figure2-1.png,1808.10128v1-figure2-1,fig. 2. mcd results by increasing the amount of paired data.,line chart,False,1,closed-ended finite answer set non-binary visual,which of the lines in the graph are below 10 at the point marked 25 on the x-axis?,,arxiv,['cs.cl cs.lg cs.sd eess.as'],scigraphqa,1808.10128,https://arxiv.org/pdf/1808.10128v1
acf39d9a1a6f3de6a8a7173031803bfe,a,a,acf39d9a1a6f3de6a8a7173031803bfe,"a,b,c","a,b,c",1909.05023v2-figure5-1.png,1909.05023v2-figure5-1,"figure 5: ratios of rt/rt1 for various power law exponents k. left: {0.2, 0.4, 0.6, 0.8} from top to bottom, middle: {1.2, 1.4, 1.6, 1.8} from top to bottom, right: {2.5, 3.0, 3.5, 4.0} from bottom to top. in all cases the runtime ratos approach 1 exponentially fast with growing n.",line chart,True,3,closed-ended finite answer set non-binary visual,which graph shows lines that are all increasing towards the value 1 from the bottom up?,,arxiv,['quant-ph cs.cl cs.ds cs.lg'],scigraphqa,1909.05023,https://arxiv.org/pdf/1909.05023v2
2464d8c5417a8c83daebe290428539e0,c,c,2464d8c5417a8c83daebe290428539e0,b,b,2005.12246v1-figure1-1.png,2005.12246v1-figure1-1,"figure 1: accuracy of the entire development set of fdcl18 (top), and fpr rate for abusive (middle) and hate (bottom) speech detection for tweets inferred as aae in the development set. x axis denotes the number of epochs. 0th epoch is the best checkpoint for pretraining step, which is also the baseline model.",line chart,True,3,closed-ended finite answer set non-binary visual,which of the following plots is the only one that has a peak value at between 8th and 10th epochs?,,arxiv,['cs.cl'],scigraphqa,2005.12246,https://arxiv.org/pdf/2005.12246v1
920f021a2391664a76ea3658e8df1d29,d,d,920f021a2391664a76ea3658e8df1d29,c,c,1808.09367v1-figure7-1.png,1808.09367v1-figure7-1,"figure 7: learning curve of an attention-based classifier on three tasks: hotel location (left), hotel cleanliness (center), hotel service (right). the performance of our approach trained on 200 examples with human rationales is shown as a reference.",scatter plot,True,3,closed-ended finite answer set non-binary visual,what is the accuracy value of the red horizontal dashed line in the middle plot?,,arxiv,['cs.cl'],scigraphqa,1808.09367,https://arxiv.org/pdf/1808.09367v1
dca8b716ac8d18990a0c19da17ea75b6,c,c,dca8b716ac8d18990a0c19da17ea75b6,d,d,2005.10213v1-figure1-1.png,2005.10213v1-figure1-1,figure 1: development set accuracy for 5 languages on morphological inflection with different batch sizes. we evince our two primary contributions: (1) we set the new state of the art morphological inflection using the transformer and (2) we demonstrate the transformer’s dependence on the batch size.,line chart,False,1,closed-ended finite answer set non-binary visual,which of the lines in the graph shows the lowest accuracy for a batch size of 256?,,arxiv,['cs.cl'],scigraphqa,2005.10213,https://arxiv.org/pdf/2005.10213v1
ced0582bea3d403d5e657f56d3e8f184,a,a,ced0582bea3d403d5e657f56d3e8f184,d,d,1904.13258v1-figure1-1.png,1904.13258v1-figure1-1,fig. 1. the nist stt benchmark test history - may’09 [7],line chart,False,1,closed-ended finite answer set non-binary visual,which of the following lines shows the lowest value at the year 1994?,,arxiv,['cs.cl cs.sd eess.as'],scigraphqa,1904.13258,https://arxiv.org/pdf/1904.13258v1
51eaef57db39f99c440819aea07c54b8,"a,a","a,a",51eaef57db39f99c440819aea07c54b8,a,a,1811.02549v6-figure6-1.png,1811.02549v6-figure6-1,"figure 6: analysis of decoding methods. (lower is better for all metrics). left: less biased methods provided a better quality/diversity trade-off. right: however, they are computationally much more expensive.",line chart,True,2,closed-ended finite answer set non-binary visual,which line represents 'temperature'?,,arxiv,['cs.cl cs.lg'],scigraphqa,1811.02549,https://arxiv.org/pdf/1811.02549v6
9c9d8ff8412016c57e4045a4a6fbf864,d,d,9c9d8ff8412016c57e4045a4a6fbf864,a,a,1702.06216v2-figure1-1.png,1702.06216v2-figure1-1,"fig. 1. training curves, stopping points, and mean stopping point for the random models",line chart,False,1,closed-ended finite answer set non-binary visual,how many red dots are in the figure?,,arxiv,['cs.cl cs.ir cs.lg stat.ml'],scigraphqa,1702.06216,https://arxiv.org/pdf/1702.06216v2
896f0e7a480eb3f49cf9d524f1b67b4a,c,c,896f0e7a480eb3f49cf9d524f1b67b4a,a,a,1805.00462v1-figure3-1.png,1805.00462v1-figure3-1,figure 3: evolution of reward during training for the word-level task without image variations.,line chart,False,1,closed-ended finite answer set non-binary visual,which line has the lowest value at the start of training?,,arxiv,['cs.cl cs.ai'],scigraphqa,1805.00462,https://arxiv.org/pdf/1805.00462v1
eb593ca953b285025032114f4ba6631f,"c,d","c,d",eb593ca953b285025032114f4ba6631f,d,d,1704.07050v2-figure3-1.png,1704.07050v2-figure3-1,figure 3: precision-recall curves for spanish-english. baseline denotes state of the art performance.,line chart,False,1,closed-ended finite answer set non-binary visual,which lines in the graph show the baseline and the 'rr_fr_2step' models?,,arxiv,['cs.cl cs.lg stat.ml'],scigraphqa,1704.07050,https://arxiv.org/pdf/1704.07050v2
0e7ad448ec5506e098d6bc9468c3ce93,d,d,0e7ad448ec5506e098d6bc9468c3ce93,"c,d","c,d",d13-1004.pdf-figure1.png,d13-1004.pdf-figure1,"figure 1: plate diagram depicting the morphology model (adapted from goldwater et al. (2006)). hyperparameters have been omitted for clarity. the left-hand plate depicts the base distribution p0; note that the morphological analyses lk are generated deterministically as (tk,sk, fk). the observed words wi are also deterministic given zi = k and lk, since wi = sk fk.",graph,False,1,closed-ended finite answer set non-binary visual,which of the following circles in the left-hand plate of the diagram are connected to the circle labeled 'lk'?,,acl,nan,aclfig,d13-1004,https://aclanthology.org/d13-1004.pdf
b992abe698a2f4c815b283b9cd7d0958,"a,d","a,d",b992abe698a2f4c815b283b9cd7d0958,c,c,c08-1126.pdf-figure3.png,c08-1126.pdf-figure3,figure 3: a path through the wordnet.,graph,False,1,closed-ended finite answer set non-binary visual,which of the following nodes are connected to 'top' by a thicker line?,,acl,nan,aclfig,c08-1126,https://aclanthology.org/c08-1126.pdf
38dcd320ebe4238d3a935e58de5177f4,a,a,38dcd320ebe4238d3a935e58de5177f4,d,d,d18-1152.pdf-figure3.png,d18-1152.pdf-figure3,figure 3: wfsa d1 discussed in 4.3. two initial states q1 and q4 are used here.,graph,False,1,closed-ended finite answer set non-binary visual,which states have a single circle with a thin line around them?,,acl,nan,aclfig,d18-1152,https://aclanthology.org/d18-1152.pdf
9a9e2121b59086d3c6e9f054662eb276,a,a,9a9e2121b59086d3c6e9f054662eb276,"a,c","a,c",1606.03676v2-figure1-1.png,1606.03676v2-figure1-1,figure 1: graphical visualisation of the overall tagging accuracies for all four types of enriched models. detailed results are given in table 4. languages are sorted by increasing melt’s overall tagging scores.,scatter plot,False,1,closed-ended finite answer set non-binary visual,what is the highest accuracy score for the diamond?,,arxiv,['cs.cl'],scigraphqa,1606.03676,https://arxiv.org/pdf/1606.03676v2
95ae5db6f27bda1404e5dc7b14d51d6e,b,b,95ae5db6f27bda1404e5dc7b14d51d6e,"c,d","c,d",2020.acl-main.447.pdf-figure3.png,2020.acl-main.447.pdf-figure3,"figure 3: word2vec embeddings associated with 20k papers in six ai-related arxiv categories visualized using t-sne (van der maaten and hinton, 2008). example papers from two randomly selected sub-regions a and b are given in table 7.",scatter plot,False,1,closed-ended finite answer set non-binary visual,which of the following are closer to region b than region a in the figure? ,,acl,nan,aclfig,2020.acl-main.447,https://aclanthology.org/2020.acl-main.447.pdf
e01308de8cd1dc8ea6e781e688b257dc,a,a,e01308de8cd1dc8ea6e781e688b257dc,"a,d","a,d",2020.acl-main.47.pdf-figure4.png,2020.acl-main.47.pdf-figure4,figure 4: correlation between the acc-dat rate and the rate that the acc argument is more likely to be topicalized than dat for each verb. each plot corresponds to the result of each verb.,scatter plot,False,1,closed-ended finite answer set non-binary visual,which are the colors and the shapes of 'clm' and 'slm' in the figure?,,acl,nan,aclfig,2020.acl-main.47,https://aclanthology.org/2020.acl-main.47.pdf
fb2c698e3d1d81790a17acc892b1828c,a,a,fb2c698e3d1d81790a17acc892b1828c,"a,c","a,c",1903.10963v1-figure11-1.png,1903.10963v1-figure11-1,"figure 11: estimated best 2-hop circuit if the error rates on the two edges are balanced, circuit c will be the best choice. more often on tokyo, b or d is best.",other,False,1,closed-ended finite answer set non-binary visual,what are the range of the 1-b_01 values of the green circuit?,,arxiv,['quant-ph cs.cl'],scigraphqa,1903.10963,https://arxiv.org/pdf/1903.10963v1
1fd24f8ffa755d5b97600458f6acc306,"a,b","a,b",1fd24f8ffa755d5b97600458f6acc306,b,b,2020.acl-main.97.pdf-figure2.png,2020.acl-main.97.pdf-figure2,"figure 2: overview of dte. dte consists of two parts: tree comment network (the left) and decision tree model (the right), which is used to evaluate the credibility of each node in the tree comment network for discovering evidence.",tree,True,2,closed-ended finite answer set non-binary visual,which of the following labels are connected by an arrow?,,acl,nan,aclfig,2020.acl-main.97,https://aclanthology.org/2020.acl-main.97.pdf
262dc9dd3cd28c54e8f44571a16ae13d,d,d,262dc9dd3cd28c54e8f44571a16ae13d,"a,b,c,d","a,b,c,d",y09-1038.pdf-figure2.png,y09-1038.pdf-figure2,"figure 2: a syntactic parse tree with aapdist and argdist example. there is a simultaenous temporal relation between (move, resign) event pair in this parse tree.",tree,False,1,closed-ended finite answer set non-binary visual,what are the labels of the elements circled with a black line in the left side of the tree?,,acl,nan,aclfig,y09-1038,https://aclanthology.org/y09-1038.pdf
8d2bee0894402b3bf9322dc80e6d8e47,"a,b","a,b",8d2bee0894402b3bf9322dc80e6d8e47,b,b,c00-2092.pdf-figure4.png,c00-2092.pdf-figure4,figure 4: example of a linked tree pair in verbmobil,tree,False,1,closed-ended finite answer set non-binary visual,"in figure 4, considering the linked tree pairs, which of the following statements about the node labels are true? ",,acl,nan,aclfig,c00-2092,https://aclanthology.org/c00-2092.pdf
00396bc3474287a31469523d38f7013f,d,d,00396bc3474287a31469523d38f7013f,c,c,o00-1006.pdf-figure4.png,o00-1006.pdf-figure4,fig 4. the work flow of the session clustering process.,architecture diagram,False,1,closed-ended finite answer set non-binary visual,"what is the type of figure with label ""cluster""?",,acl,nan,aclfig,o00-1006,https://aclanthology.org/o00-1006.pdf
82ea2c24d612175b093c097d8cd90b1e,c,c,82ea2c24d612175b093c097d8cd90b1e,"c,b","c,b",o04-3006.pdf-figure2.png,o04-3006.pdf-figure2,figure 2. the function blocks of the c-dsr platform.,architecture diagram,False,1,closed-ended finite answer set non-binary visual,which of the following blocks is connected to c-dsr engine with a double arrow?,,acl,nan,aclfig,o04-3006,https://aclanthology.org/o04-3006.pdf
df2733f55a7f08d09718d4e523adfc49,a,a,df2733f55a7f08d09718d4e523adfc49,d,d,1611.02590v2-figure4-1.png,1611.02590v2-figure4-1,"figure 4: significant differences for resolving tweets in claims validated as true vs false. in verified claims, resolving tweets show higher certainty cue (crt) related values than non-resolving tweets. in falsified claims, resolving tweets show higher doubt cue (dcr) related values than non-resolving tweets.",box plot,True,7,closed-ended finite answer set non-binary visual,in which boxplot does the median value for 'false' fall below 0?,,arxiv,['cs.cl'],scigraphqa,1611.02590,https://arxiv.org/pdf/1611.02590v2
46a13c1d31552b9626c3d787c7dbc3fe,a,a,46a13c1d31552b9626c3d787c7dbc3fe,d,d,w16-2206.pdf-figure4.png,w16-2206.pdf-figure4,figure 4: a translation example produced by our system. the shown german sentence is preordered.,confusion matrix,False,1,closed-ended finite answer set non-binary visual,how many gray squares are in the figure?,,acl,nan,aclfig,w16-2206,https://aclanthology.org/w16-2206.pdf
d50c8ec94e71476be3fef6ea5ca1d003,d,d,d50c8ec94e71476be3fef6ea5ca1d003,"c,d","c,d",w16-2302.pdf-figure5.png,w16-2302.pdf-figure5,figure 5: english-to-german (en-de) system-level metric significance test results; a green cell corresponds to a significant increase in correlation for the metric in a given row over the metric in a given column according to williams test; rr = standard wmt relative ranking.,confusion matrix,True,2,closed-ended finite answer set non-binary visual,"in both subfigures, what is the number of green squares in the first top row?",,acl,nan,aclfig,w16-2302,https://aclanthology.org/w16-2302.pdf
bfc2a1d9c6c4cc2309601bc66ee2dbcb,"a,b,c,d","a,b,c,d",bfc2a1d9c6c4cc2309601bc66ee2dbcb,"a,c,d","a,c,d",2007.sigdial-1.12.pdf-figure7.png,2007.sigdial-1.12.pdf-figure7,figure 7. roc area for n*-best and other n-best methods (n* is represented as n=0),bar chart,False,1,closed-ended finite answer set non-binary visual,what is the number of black bars in the figure?,,acl,nan,aclfig,2007.sigdial-1.12,https://aclanthology.org/2007.sigdial-1.12.pdf
cfa516adc72f6bd3f4e2761fbf433f5e,b,b,cfa516adc72f6bd3f4e2761fbf433f5e,c,c,2020.acl-main.597.pdf-figure1.png,2020.acl-main.597.pdf-figure1,"figure 1: the conditional entropies (h) and mutual information quantities (mi) of form (w ), meaning (v ), and declension class (c), given gender (g) in german and czech.",venn diagram,False,1,closed-ended finite answer set non-binary visual,how many blue circles are in the diagram?,,acl,nan,aclfig,2020.acl-main.597,https://aclanthology.org/2020.acl-main.597.pdf
f7a5966310e802b55111f8f0437a4aa4,"c,a","c,a",f7a5966310e802b55111f8f0437a4aa4,"e,g","e,g",2020.lrec-1.114.pdf-figure2.png,2020.lrec-1.114.pdf-figure2,figure 2: distribution of metalinguistic labels in vgg.,pie chart,False,1,closed-ended finite answer set non-binary visual,which of the following has a pie slice larger than 10%?,,acl,nan,aclfig,2020.lrec-1.114,https://aclanthology.org/2020.lrec-1.114.pdf
36434badc17899424999d49b92693b70,d,d,36434badc17899424999d49b92693b70,c,c,1701.08340v2-figure3-1.png,1701.08340v2-figure3-1,figure 3: effect of using different corpora in with different comparability degree,line chart,False,1,closed-ended finite answer set non-binary visual,which line represents the accuracy of using gencorpus with top-10?,,arxiv,['cs.cl'],scigraphqa,1701.08340,https://arxiv.org/pdf/1701.08340v2
ff962cc41d3194599213d8137b37a2d9,d,d,ff962cc41d3194599213d8137b37a2d9,"c,d","c,d",1910.04176v1-figure2-1.png,1910.04176v1-figure2-1,"figure 2: ic accuracy on snips’s addtoplaylist intent with varying number of seed examples. 100 examples are generated using different fda techniques. as indicated by the accuracy trend, increasing the seed examples leads to better performance.",line chart,False,1,closed-ended finite answer set non-binary visual,which line represents the method with the highest accuracy when the number of seed examples is at its minimum?,,arxiv,['cs.cl cs.ir cs.lg'],scigraphqa,1910.04176,https://arxiv.org/pdf/1910.04176v1
ee66d4cc1333bb09514ec069a3575cee,d,d,ee66d4cc1333bb09514ec069a3575cee,c,c,1508.03601v1-figure4-1.png,1508.03601v1-figure4-1,figure 4: impact of topic1,line chart,False,1,closed-ended finite answer set non-binary visual,in which month does the impact of the black line reach its lowest value?,,arxiv,['cs.si cs.cl'],scigraphqa,1508.03601,https://arxiv.org/pdf/1508.03601v1
8fd522ca4565648551b38ba3f6e99455,c,c,8fd522ca4565648551b38ba3f6e99455,"a,b","a,b",1711.05294v1-figure2-1.png,1711.05294v1-figure2-1,figure 2: results for the relation extraction from the nyt corpus: comparison with state-of-the-art neural network models.,line chart,False,1,closed-ended finite answer set non-binary visual,which of the following have a precision value greater than 0.8 when the recall value is 0.1?,,arxiv,['cs.cl'],scigraphqa,1711.05294,https://arxiv.org/pdf/1711.05294v1
2a1d9fc1f0d5bb5634486199cff26cde,d,d,2a1d9fc1f0d5bb5634486199cff26cde,c,c,2007.02540v1-figure4-1.png,2007.02540v1-figure4-1,figure 4: learning curve on the training dataset.,line chart,True,2,closed-ended finite answer set non-binary visual,at what percentage of training data (subtask b) does the orange line reach its highest value?,,arxiv,['cs.cl cs.ai'],scigraphqa,2007.02540,https://arxiv.org/pdf/2007.02540v1
bfcd81704fb09312f4ab8613dd801e8c,d,d,bfcd81704fb09312f4ab8613dd801e8c,c,c,1609.04309v3-figure2-1.png,1609.04309v3-figure2-1,"figure 2. computational time for the two-clusters adaptive softmax on the bulgarian europarl data, as a function of the size of the head cluster kh. we report values predicted by our model (theoretical) as well as measured on a k40 (empirical). even with this very simple hierarchy, we observe more than 5× speedup over the full softmax. the red dotted line indicates the value of the parameter kh such that both clusters have equal probability: ph = pt = 0.5.","line chart,scatter plot",False,1,closed-ended finite answer set non-binary visual,what is the approximate value of the orange marker when the blue line is at its lowest point? ,,arxiv,['cs.cl cs.lg'],scigraphqa,1609.04309,https://arxiv.org/pdf/1609.04309v3
518673c956a4eb625bbcd8c7c280cc66,a,a,518673c956a4eb625bbcd8c7c280cc66,c,c,1510.03820v4-figure4-1.png,1510.03820v4-figure4-1,figure 4: effect of the number of feature maps.,line chart,False,1,closed-ended finite answer set non-binary visual,which of the following line colors represents sst-1?,,arxiv,['cs.cl cs.lg cs.ne'],scigraphqa,1510.03820,https://arxiv.org/pdf/1510.03820v4
5fffb6e6797c9b6cd64d298a55924ffa,d,d,5fffb6e6797c9b6cd64d298a55924ffa,"b,d","b,d",2010.10907v1-figure5-1.png,2010.10907v1-figure5-1,"figure 5: results for random prefixes. for each generation step, the figure shows (a) contribution of source, (b) entropy of source contributions.",line chart,True,2,closed-ended finite answer set non-binary visual,which of the following has the highest source contribution at target token position 20?,,arxiv,['cs.cl'],scigraphqa,2010.10907,https://arxiv.org/pdf/2010.10907v1
fa0204f6f250003be09e590a72ed85a8,a,a,fa0204f6f250003be09e590a72ed85a8,c,c,1705.03633v1-figure5-1.png,1705.03633v1-figure5-1,"figure 5. question answering accuracy on the clevr-cogent dataset (higher is better). top: we train models on condition a, then test them on both condition a and condition b. we then finetune these models on condition b using 3k images and 30k questions, and again test on both conditions. our model uses 18k programs during training on condition a, and does not use any programs during finetuning on condition b. bottom: we investigate the effects of using different amounts of data when finetuning on condition b. we show overall accuracy as well as accuracy on color-query and shape-query questions.",line chart,True,3,closed-ended finite answer set non-binary visual,which line represents the cnn+lstm+sa+mlp model's accuracy?,,arxiv,['cs.cv cs.cl cs.lg'],scigraphqa,1705.03633,https://arxiv.org/pdf/1705.03633v1
d36c67c70e0d7ca2626575d811bf44d2,a,a,d36c67c70e0d7ca2626575d811bf44d2,b,b,2009.10355v1-figure3-1.png,2009.10355v1-figure3-1,figure 3: the comparison between 3 kinds of agent. comnet achieved performance close to the upper bound (hand-crafted) while there is still room for improvement for vanilla dqn.,line chart,True,9,closed-ended finite answer set non-binary visual,which line in the third row of plots represents the 'comnet' agent?,,arxiv,['cs.cl'],scigraphqa,2009.10355,https://arxiv.org/pdf/2009.10355v1
e43887a75c25ee0103aeddccb824f970,b,b,e43887a75c25ee0103aeddccb824f970,"b,c","b,c",1605.04569v2-figure1-1.png,1605.04569v2-figure1-1,figure 1: performance with nplm over beam size on english-german news-test2015. a beam of 12 corresponds to row 15 in tab. 3.,line chart,False,1,closed-ended finite answer set non-binary visual,what is the approximate value of the red line at the point where the beam size is 10?,,arxiv,['cs.cl'],scigraphqa,1605.04569,https://arxiv.org/pdf/1605.04569v2
9909348549ca7718e6904a3226bca808,a,a,9909348549ca7718e6904a3226bca808,b,b,1905.12065v1-figure2-1.png,1905.12065v1-figure2-1,"figure 2: smoothed distances (abscissa) plotted against radial bins (ordinate) over 360 degrees, for bass (top panel, ) versus oxidation (bottom panel, ), as computed over grolier’s encyclopedia, with the following parameter settings: , , , .",line chart,True,2,closed-ended finite answer set non-binary visual,which of the plots shows a higher maximum value on the y-axis?,,arxiv,['cs.cl'],scigraphqa,1905.12065,https://arxiv.org/pdf/1905.12065v1
0503681329644c23587c9964f7828900,"a,b,d","a,b,d",0503681329644c23587c9964f7828900,"a,b,c,d","a,b,c,d",1906.02882v1-figure7-1.png,1906.02882v1-figure7-1,figure 7: impact of training data size.,line chart,False,1,closed-ended finite answer set non-binary visual,which training size(s) show an increase in the orange line from the previous value?,,arxiv,['cs.ir cs.cl'],scigraphqa,1906.02882,https://arxiv.org/pdf/1906.02882v1
328ff7fb1baeb8da28cf866ce17aed28,c,c,328ff7fb1baeb8da28cf866ce17aed28,"c,d","c,d",2009.07494v1-figure4-1.png,2009.07494v1-figure4-1,figure 4: parameter analysis of integrad on sst2.,line chart,True,2,closed-ended finite answer set non-binary visual,"in the right graph, which of the lines has the highest era metric value when s=4?",,arxiv,['cs.cl cs.lg'],scigraphqa,2009.07494,https://arxiv.org/pdf/2009.07494v1
04141607a9ab86c14f139c7507f1574c,"a,b,c,d","a,b,c,d",04141607a9ab86c14f139c7507f1574c,c,c,1804.06759v1-figure2-1.png,1804.06759v1-figure2-1,figure 2: volume of hostile comments over time for four discovered clusters of posts.,line chart,True,4,closed-ended finite answer set non-binary visual,which cluster has the highest value for the blue line at 1 hour?,,arxiv,['cs.cl cs.si'],scigraphqa,1804.06759,https://arxiv.org/pdf/1804.06759v1
04367816f0d142037afcc5aef7f2cff6,"a,b","a,b",04367816f0d142037afcc5aef7f2cff6,"a,d","a,d",1810.11663v1-figure3-1.png,1810.11663v1-figure3-1,figure 3: performance curves of each model according to the size of the training set.,line chart,False,1,closed-ended finite answer set non-binary visual,which of the following have a performance value above 0.50 for the largest training data size?,,arxiv,['cs.cl'],scigraphqa,1810.11663,https://arxiv.org/pdf/1810.11663v1
e87088f984dd078e03968a99be5286b5,b,b,e87088f984dd078e03968a99be5286b5,"a,b,c","a,b,c",1910.08534v1-figure18-1.png,1910.08534v1-figure18-1,"figure 18: distance of the part-of-speech tag distributions between important features and all words (background). distance is generally smaller with post-hoc methods for all models, although some exceptions exist for lstm with attention and bert.",line chart,True,3,closed-ended finite answer set non-binary visual,which of the plots shows the highest jensen-shannon score value at 1 important feature?,,arxiv,['cs.cl cs.cy cs.hc cs.lg'],scigraphqa,1910.08534,https://arxiv.org/pdf/1910.08534v1
cf88f0c08f39db6b34901f0d7d9718f2,"b,d","b,d",cf88f0c08f39db6b34901f0d7d9718f2,"c,e","c,e",1902.10247v3-figure6-1.png,1902.10247v3-figure6-1,figure 6: performance analysis of the proposed algorithm for different window sizes over the sampled dataset.,line chart,False,1,closed-ended finite answer set non-binary visual,which of the red points on the line correspond to a window size greater than 5?,,arxiv,['cs.cl cs.lg stat.ml'],scigraphqa,1902.10247,https://arxiv.org/pdf/1902.10247v3
55c6980b97e1816b0710c064fbfc160f,a,a,55c6980b97e1816b0710c064fbfc160f,d,d,1708.06555v1-figure1-1.png,1708.06555v1-figure1-1,figure 1: variation of word triggering correlations for pronouns over large distances.,line chart,False,1,closed-ended finite answer set non-binary visual,which of the following lines have a value greater than 2 at a distance of 10?,,arxiv,['cs.cl cs.lg'],scigraphqa,1708.06555,https://arxiv.org/pdf/1708.06555v1
09509340f0674f538bf8ffb273c03b63,a,a,09509340f0674f538bf8ffb273c03b63,c,c,1510.08418v1-figure3-1.png,1510.08418v1-figure3-1,"figure 3: per-edge precision, recall and f1-score using different thresholds on the prediction values of maxent.",line chart,False,1,closed-ended finite answer set non-binary visual,which line(s) have a value above 0.8 at the threshold of 0.0?,,arxiv,['cs.cl'],scigraphqa,1510.08418,https://arxiv.org/pdf/1510.08418v1
5250db29506485b5075f2a41f7a5b2eb,c,c,5250db29506485b5075f2a41f7a5b2eb,none,none,2007.07860v1-figure4-1.png,2007.07860v1-figure4-1,figure 4: crowdflower-gender evaluation 1. fraction of non-brand posts by male user accounts in summaries generated by standard summarization algorithms (a) and our framework (b).,line chart,True,2,closed-ended finite answer set non-binary visual,which of the following lines in figure 4 (b) reaches above the dashed grey line?,,arxiv,['cs.cy cs.cl'],scigraphqa,2007.07860,https://arxiv.org/pdf/2007.07860v1
42d73aab0fc5597489af0fdcc2756861,"a,a","a,a",42d73aab0fc5597489af0fdcc2756861,a,a,1909.00923v1-figure3-1.png,1909.00923v1-figure3-1,fig. 3 distribution of repetition rate of ten-fold cross-validation,line chart,False,1,closed-ended finite answer set non-binary visual,"which of the following lines represents ""pf(at)""?",,arxiv,['cs.cl cs.ai'],scigraphqa,1909.00923,https://arxiv.org/pdf/1909.00923v1
4ffe8ff81b4940357a7a6251aee812b2,a,a,4ffe8ff81b4940357a7a6251aee812b2,"b,c","b,c",1611.10277v4-figure1-1.png,1611.10277v4-figure1-1,"figure 1: speed comparisons to a fixed number of iterations as the number of documents and words vary. new york times articles and pubmed abstracts were collected from the uci machine learning repository (lichman, 2013). the disaster relief articles are described in section 4.1, and represented simply as bags of words, not phrases.",line chart,True,6,closed-ended finite answer set non-binary visual,which line in the top right plot has the highest value at the point where the x-axis is 10^3?,,arxiv,['cs.cl cs.ir cs.it math.it stat.ml'],scigraphqa,1611.10277,https://arxiv.org/pdf/1611.10277v4
f9065b1dff30fada5013864c5572548a,"a,a","a,a",f9065b1dff30fada5013864c5572548a,"a,c,d","a,c,d",1706.07238v1-figure4-1.png,1706.07238v1-figure4-1,figure 4: performance as function of hypothesis diversity in chime-3.,line chart,False,1,closed-ended finite answer set non-binary visual,"considering the graph in figure 4, which of the following statements are true regarding the lines representing 'syso' (red circles) and 'rr1+bw' (green triangles) at a level of diversity of 80%?  select all that apply.",,arxiv,['cs.cl'],scigraphqa,1706.07238,https://arxiv.org/pdf/1706.07238v1
78fbd74812a2c0ebe06a183c70698383,a,a,78fbd74812a2c0ebe06a183c70698383,"a,b","a,b",1808.09943v1-figure1-1.png,1808.09943v1-figure1-1,figure 1: test bleu for character and bpe translation as architectures scale from 1 bilstm encoder layer and 2 lstm decoder layers (1×2+2) to our standard 6×2+8. the y-axis spans 6 bleu points for each language pair.,line chart,True,4,closed-ended finite answer set non-binary visual,which of the following shows the greatest increase in bleu score for the character-based translation architecture when moving from the '1x2+2' model to the '6x2+8' model?,,arxiv,['cs.cl'],scigraphqa,1808.09943,https://arxiv.org/pdf/1808.09943v1
ee9361d84823c5602bbfa70ebda6277d,c,c,ee9361d84823c5602bbfa70ebda6277d,a,a,2009.01312v2-figure2-1.png,2009.01312v2-figure2-1,"figure 2: the number of missing prediction trees for different independence assumptions. x-axis is the training epochs, y-axis is the number of missing trees for each epoch.",line chart,False,1,closed-ended finite answer set non-binary visual,what is the number of missing prediction trees for the dashed red line at epoch 12?,,arxiv,['cs.cl'],scigraphqa,2009.01312,https://arxiv.org/pdf/2009.01312v2
b634fb39fea366a833984bdf2f5623bb,b,b,b634fb39fea366a833984bdf2f5623bb,d,d,1812.00235v3-figure10-1.png,1812.00235v3-figure10-1,"figure 10. changes to collected captions over rounds. model trained with 10% warmup, h = 70%, 3 chunks.",line chart,False,1,closed-ended finite answer set non-binary visual,which round shows the smallest difference between the blue line and the red line?,,arxiv,['cs.cv cs.cl'],scigraphqa,1812.00235,https://arxiv.org/pdf/1812.00235v3
443da2957cbe58c000b96dfa25dec37f,a,a,443da2957cbe58c000b96dfa25dec37f,d,d,1209.3126v1-figure4-1.png,1209.3126v1-figure4-1,figure 4: scatter plot of mean length of words for two english corpora (heterogeneous and summarization raw corpora after filtering).,line chart,False,1,closed-ended finite answer set non-binary visual,which of the following has a higher mean length of words for words with 13 letters?,,arxiv,['cs.ir cs.cl'],scigraphqa,1209.3126,https://arxiv.org/pdf/1209.3126v1
e3179a37494078bc071bcec1f3648448,b,b,e3179a37494078bc071bcec1f3648448,a,a,1601.06755v1-figure11-1.png,1601.06755v1-figure11-1,"figure 11. contraction hedges slightly reduce high levels of alo. at pp = 0.57, alo is reduced from 0.92 to 0.89. expansion hedges reduce minimum alo from 0.1 for unhedged assertions to 0.02 for expansion hedged assertions, at pp = 0.45.",line chart,False,1,closed-ended finite answer set non-binary visual,which line in figure 11 shows the highest value of alo at pp = 0.55?,,arxiv,['cs.ai cs.cl cs.ma'],scigraphqa,1601.06755,https://arxiv.org/pdf/1601.06755v1
b1546fecb2a9c430ca5c769c80eeb423,a,a,b1546fecb2a9c430ca5c769c80eeb423,"c,d","c,d",1703.10344v1-figure5-1.png,1703.10344v1-figure5-1,figure 5: feature analysis for the aep placement task for t = 2009.,line chart,False,1,closed-ended finite answer set non-binary visual,which line in the plot has the lowest precision value at the 0.25 recall?,,arxiv,['cs.ir cs.cl cs.si'],scigraphqa,1703.10344,https://arxiv.org/pdf/1703.10344v1
8bc260e0a1a1df01652934292901f9e4,p,p,8bc260e0a1a1df01652934292901f9e4,d,d,2007.00067v1-figure2-1.png,2007.00067v1-figure2-1,figure 2. convergence curves for different ablated models. “regularizer” denotes the cosine multiplier in the equation (11).,line chart,False,1,closed-ended finite answer set non-binary visual,which line represents the model with the lowest loss value at the final step?,,arxiv,['cs.cl cs.lg stat.ml'],scigraphqa,2007.00067,https://arxiv.org/pdf/2007.00067v1
e64763378782a751e2b492dce9ca5349,"a,b,c","a,b,c",e64763378782a751e2b492dce9ca5349,"b,a","b,a",1608.00929v1-figure2-1.png,1608.00929v1-figure2-1,figure 2: left: densities versus oracle error rates of lattices generated by different pruning methods.right: time spent on generating the lattices with different pruning methods.,line chart,True,2,closed-ended finite answer set non-binary visual,which of the following line colors are present in the left plot?,,arxiv,['cs.cl'],scigraphqa,1608.00929,https://arxiv.org/pdf/1608.00929v1
21c29e1f0cbb4b50c4f01958d1fa9df5,a,a,21c29e1f0cbb4b50c4f01958d1fa9df5,"a,b,c,d","a,b,c,d",2005.14386v1-figure2-1.png,2005.14386v1-figure2-1,figure 2: the performance of models with different desired length. att2in+bsx is att2in+fixlen with beam size x.,line chart,True,4,closed-ended finite answer set non-binary visual,which line in the top-right plot has the highest value when the x-axis is 28?,,arxiv,['cs.cv cs.cl'],scigraphqa,2005.14386,https://arxiv.org/pdf/2005.14386v1
193a69a546548ba24bb964ec1f62504d,"c,b","c,b",193a69a546548ba24bb964ec1f62504d,"a,b,c,d","a,b,c,d",1906.09426v1-figure1-1.png,1906.09426v1-figure1-1,figure 1: character/word error rates for code-switched hindi-english specific to different λ values.,line chart,False,1,closed-ended finite answer set non-binary visual,"considering the line colors in figure 1, which of the following statements are true regarding the maximum error rate for each category at different λ values?  select all that apply.",,arxiv,['eess.as cs.cl cs.lg cs.sd'],scigraphqa,1906.09426,https://arxiv.org/pdf/1906.09426v1
dec8d82ecc2413bba2c26da19e70e2a1,c,c,dec8d82ecc2413bba2c26da19e70e2a1,a,a,c00-1054.pdf-figure8.png,c00-1054.pdf-figure8,figure 8: gestlang transducer,graph,False,1,closed-ended finite answer set non-binary visual,which states have an arrow pointing to them from state 2?,,acl,nan,aclfig,c00-1054,https://aclanthology.org/c00-1054.pdf
892ea5efb9ed4dff2a8c3e22bb8e766b,"a,b","a,b",892ea5efb9ed4dff2a8c3e22bb8e766b,d,d,1803.03667v1-figure1-1.png,1803.03667v1-figure1-1,fig 1. the text of “harry potter and the chamber of secrets” treated according to zipf’s,"line chart,scatter plot",True,4,closed-ended finite answer set non-binary visual,which of the subplots contains a black solid line?,,arxiv,['cs.cl physics.soc-ph stat.ot'],scigraphqa,1803.03667,https://arxiv.org/pdf/1803.03667v1
e69b6d6bf0bed232699a35312cb10d49,c,c,e69b6d6bf0bed232699a35312cb10d49,"b,c","b,c",2015.lilt-12.3.pdf-figure2.png,2015.lilt-12.3.pdf-figure2,"figure 2 scatter plot of concreteness score vs. publication year for 88 19th century poems, 71 imagist poems, and 100 contemporary poems. poems published after the the imagist movement have significantly higher concreteness scores; however, within each group of poems, there is no positive correlation between publication year and concreteness.",scatter plot,False,1,closed-ended finite answer set non-binary visual,which of the following has the highest concreteness score in figure 2?,,acl,nan,aclfig,2015.lilt-12.3,https://aclanthology.org/2015.lilt-12.3.pdf
5ef4e730e71dcd2b486a17d4fa6341d2,b,b,5ef4e730e71dcd2b486a17d4fa6341d2,d,d,1308.4618v1-figure6-1.png,1308.4618v1-figure6-1,"fig. 6. entries without annotation. (a) number of entries in trembl and swiss-prot without any annotation, and (b) the percentage of entries without any annotation",scatter plot,True,2,closed-ended finite answer set non-binary visual,which of the following reach a percentage value more than 20 in the right plot?,,arxiv,['cs.cl cs.ce cs.dl q-bio.qm'],scigraphqa,1308.4618,https://arxiv.org/pdf/1308.4618v1
fd465fe281eee4f69c2d6445380ca78c,b,b,fd465fe281eee4f69c2d6445380ca78c,d,d,2020.acl-main.128.pdf-figure1.png,2020.acl-main.128.pdf-figure1,figure 1: our few-shot crf framework for slot tagging.,architecture diagram,True,1,closed-ended finite answer set non-binary visual,what is the label of the bottom-most yellow rectangle block?,,acl,nan,aclfig,2020.acl-main.128,https://aclanthology.org/2020.acl-main.128.pdf
d6cef94b209bbd287e04c3f9a9b56f2d,"b,c","b,c",d6cef94b209bbd287e04c3f9a9b56f2d,"a,c","a,c",2016.lilt-13.4.pdf-figure13.png,2016.lilt-13.4.pdf-figure13,figure 13 decorated asts for the clause john killed him and its passive counterpart he was killed using both local and non-local abstract,tree,True,2,closed-ended finite answer set non-binary visual,what is the relation between the 'predvp: ci' nodes to the right and left of the figure?,,acl,nan,aclfig,2016.lilt-13.4,https://aclanthology.org/2016.lilt-13.4.pdf
56bddb8774b03a1e8c894b0d481ea7f3,a,a,56bddb8774b03a1e8c894b0d481ea7f3,c,c,c00-2092.pdf-figure3.png,c00-2092.pdf-figure3,figure 3: the composition operation,tree,True,1,closed-ended finite answer set non-binary visual,what is the lowest leaf in the leftmost tree?,,acl,nan,aclfig,c00-2092,https://aclanthology.org/c00-2092.pdf
98e07203d2c8f05d2ec8311f2422aad0,a,a,98e07203d2c8f05d2ec8311f2422aad0,"a,b,c,d","a,b,c,d",c00-2093.pdf-figure5.png,c00-2093.pdf-figure5,figure 5: domain assignments,tree,True,1,closed-ended finite answer set non-binary visual,which of the following values are associated with 'text-level' in the topmost node in figure 5?,,acl,nan,aclfig,c00-2093,https://aclanthology.org/c00-2093.pdf
64389770b5836d88aee042f0f28f2946,"b,d","b,d",64389770b5836d88aee042f0f28f2946,b,b,y17-1012.pdf-figure3.png,y17-1012.pdf-figure3,figure 3. correct dependency tree for sentence dia tidak malu bertanya di depan umum (he is not ashamed of asking questions in public),tree,False,1,closed-ended finite answer set non-binary visual,which of the following words are to the right of 'di'?,,acl,nan,aclfig,y17-1012,https://aclanthology.org/y17-1012.pdf
ab01e9d18f4e9bb3f7adf6c9c1a92ab1,d,d,ab01e9d18f4e9bb3f7adf6c9c1a92ab1,c,c,2020.cl-2.6.pdf-figure11.png,2020.cl-2.6.pdf-figure11,"figure 11 an rgl abstract syntax tree annotated with dependency labels, and the corresponding dependency trees for english and italian. the thick red path from defart to cat n shows how the dependency tree algorithm finds the head of a word by walking up the tree until a label is reached, and then walking down along the head spine.",tree,True,3,closed-ended finite answer set non-binary visual,what is the root for the dependency tree in the bottom of figure 11?,,acl,nan,aclfig,2020.cl-2.6,https://aclanthology.org/2020.cl-2.6.pdf
66f7c0f148b253a969b5df3e0df8f577,"b,c","b,c",66f7c0f148b253a969b5df3e0df8f577,"a,c","a,c",w14-0212.pdf-figure4.png,w14-0212.pdf-figure4,figure 4: user answer response delay under three conditions.,box plot,False,1,closed-ended finite answer set non-binary visual,"considering the boxplots in figure 4, which conditions show a median user response delay (red line inside the box) below 1500 ms?",,acl,nan,aclfig,w14-0212,https://aclanthology.org/w14-0212.pdf
9da0df06dd5c3f87287a00ca1b4fc961,a,a,9da0df06dd5c3f87287a00ca1b4fc961,d,d,w19-5211.pdf-figure17.png,w19-5211.pdf-figure17,figure 17: pos-based classification accuracy on states from the ende encoder + lexical shortcuts.,confusion matrix,False,1,closed-ended finite answer set non-binary visual,which of the following categories has the darkest color for layer 6?,,acl,nan,aclfig,w19-5211,https://aclanthology.org/w19-5211.pdf
dd90e8afbc8cde4b2eefefa78cffbade,"b,c","b,c",dd90e8afbc8cde4b2eefefa78cffbade,"c,b","c,b",w12-3001.pdf-figure1.png,w12-3001.pdf-figure1,figure 1: hypergraph with 7 vertices (axioms) and 4 edges (conflict sets). both the maximum degree of the hypergraph and the size of the largest edge are 3.,venn diagram,False,1,closed-ended finite answer set non-binary visual,which of the following vertices are contained in the blue edge labelled e4?,,acl,nan,aclfig,w12-3001,https://aclanthology.org/w12-3001.pdf
ca4fda3a4153a9fad6fd72042a97934d,c,c,ca4fda3a4153a9fad6fd72042a97934d,"a,c","a,c",1805.11564v1-figure6-1.png,1805.11564v1-figure6-1,figure 6: entrainment profiles for the feature set gnl f0 for proximity (left) and synchrony (right). for this feature set these two entrainment measures behave very differently. for details please see the caption of figure 5.,line chart,True,2,closed-ended finite answer set non-binary visual,which of the following is represented by the solid grey line?,,arxiv,['cs.cl'],scigraphqa,1805.11564,https://arxiv.org/pdf/1805.11564v1
b03cd28f1b0c386ebb84fd17ea6b2599,"a,b","a,b",b03cd28f1b0c386ebb84fd17ea6b2599,"a,c","a,c",1808.09367v1-figure11-1.png,1808.09367v1-figure11-1,figure 11: domain transfer from beer review to hotel review. overall loss l of r2a on the source development set during training.,line chart,False,1,closed-ended finite answer set non-binary visual,what’s the shape of the line in figure 11?,,arxiv,['cs.cl'],scigraphqa,1808.09367,https://arxiv.org/pdf/1808.09367v1
104606dcee8fa7adba5af8dd5209414d,b,b,104606dcee8fa7adba5af8dd5209414d,c,c,1804.02204v1-figure1-1.png,1804.02204v1-figure1-1,fig. 1: the evolution of the mpe phone accuracy criterion on the training and validation (dev.sub) sets (top 2 graphs). also (lower graph) wer with mpe lm on dev.sub as training proceeds (200 hr).,line chart,True,3,closed-ended finite answer set non-binary visual,which line is the lowest at the 15th epoch in the middle graph?,,arxiv,['cs.cl cs.lg stat.ml'],scigraphqa,1804.02204,https://arxiv.org/pdf/1804.02204v1
9b739a6bbaf79e471839b74f86f91209,a,a,9b739a6bbaf79e471839b74f86f91209,"a,b,c","a,b,c",1808.03731v2-figure3-1.png,1808.03731v2-figure3-1,figure 3 las (f1) scores by dependency distance.,line chart,True,2,closed-ended finite answer set non-binary visual,which line in the right figure has a value higher than 90 at the x-axis value of -1?,,arxiv,['cs.cl'],scigraphqa,1808.03731,https://arxiv.org/pdf/1808.03731v2
a32a4e4d61dd69bb0ec988651e497c7d,d,d,a32a4e4d61dd69bb0ec988651e497c7d,a,a,2010.03532v2-figure2-1.png,2010.03532v2-figure2-1,figure 2: the accuracy range of the annotators on the nli training and hidden unanimous examples as they annotated their first 300 examples.,line chart,False,1,closed-ended finite answer set non-binary visual,what best describes the shape of the line in figure 2?,,arxiv,['cs.cl cs.ai cs.lg'],scigraphqa,2010.03532,https://arxiv.org/pdf/2010.03532v2
1ae48d2c5f0bf549784a3f347e025a1a,a,a,1ae48d2c5f0bf549784a3f347e025a1a,"a,c","a,c",1601.00893v2-figure3-1.png,1601.00893v2-figure3-1,"figure 3: mean development set results for the tasks parse and senti. ‘mean’ and ’mean+’ stand for mean results across all single context types and context concatenations, respectively.",line chart,True,2,closed-ended finite answer set non-binary visual,what is the approximate value of the blue line at the highest point of the top figure?,,arxiv,['cs.cl'],scigraphqa,1601.00893,https://arxiv.org/pdf/1601.00893v2
4c953786dc8f148ff79445814fe151f9,c,c,4c953786dc8f148ff79445814fe151f9,"c,d","c,d",1608.01238v1-figure5.2-1.png,1608.01238v1-figure5.2-1,figure 5.2: frequencies of the most frequent 100 words in a corpus of length 1 000 000 and vocabulary of size 56 000. a wider step means more words with the same frequency.,line chart,False,1,closed-ended finite answer set non-binary visual,what is the overall shape of the curve in the graph?,,arxiv,['cs.cl cs.lg'],scigraphqa,1608.01238,https://arxiv.org/pdf/1608.01238v1
557348a4053e5e141b7ed57067d7948b,"a,a","a,a",557348a4053e5e141b7ed57067d7948b,d,d,2007.10681v1-figure3-1.png,2007.10681v1-figure3-1,figure 3: results on iwslt14 de→en and wmt14 en→de with different λ.,line chart,True,2,closed-ended finite answer set non-binary visual,what best describes the shape of the lines in figure 3?,,arxiv,['cs.cl'],scigraphqa,2007.10681,https://arxiv.org/pdf/2007.10681v1
bd8cc5975edf81b839154b3a2b1c39d5,d,d,bd8cc5975edf81b839154b3a2b1c39d5,"a,c","a,c",1909.01145v2-figure1-1.png,1909.01145v2-figure1-1,fig. 1. loss curves for training and validation set. the x- and y-axis are training step and reconstruction error. training curves are orange solid lines and validation curves are blue dashed lines. (a) is the plot for a model trained without mmi and (b) is for one with mmi.,line chart,True,2,closed-ended finite answer set non-binary visual,what best describes the shape of the blue dashed line in the right graph?,,arxiv,['eess.as cs.cl cs.lg cs.sd'],scigraphqa,1909.01145,https://arxiv.org/pdf/1909.01145v2
49efa22c5ea1c43768077ebbe7e585bf,c,c,49efa22c5ea1c43768077ebbe7e585bf,d,d,1809.01201v2-figure3-1.png,1809.01201v2-figure3-1,"fig. 4. zipf plots. frequency of observed symbols, in decreasing order. (a) wcfg (b) pcfg. in both cases n = 40, and labels are as in fig. 3a.",line chart,True,2,closed-ended finite answer set non-binary visual,which of the lines has the lowest pdf value at x = 0.8?,,arxiv,['cond-mat.dis-nn cs.cl cs.fl'],scigraphqa,1809.01201,https://arxiv.org/pdf/1809.01201v2
b7e166488b7b579d934b44342d1b95c1,a,a,b7e166488b7b579d934b44342d1b95c1,c,c,1901.10265v3-figure22-1.png,1901.10265v3-figure22-1,figure 22: celeba dataset: variation of fraction of gender anti-stereotypical images and accuracy vs size of summary for all algorithms.,line chart,True,2,closed-ended finite answer set non-binary visual,which line in the left graph has the lowest accuracy at the summary size of 50?,,arxiv,['cs.lg cs.cl cs.cv stat.ml'],scigraphqa,1901.10265,https://arxiv.org/pdf/1901.10265v3
5f35250ad9b53de4a41a8e425306a939,c,c,5f35250ad9b53de4a41a8e425306a939,"a,c,d","a,c,d",1201.5484v2-figure16-1.png,1201.5484v2-figure16-1,"fig. 16. average length of a thread 〈l〉 versus the absolute emotional value in the first 10 comments |〈e〉10| (a), the emotional value in the first 10 comments 〈e〉10. grey points in plot (b) represent number threads with a specific emotional value.",line chart,True,2,closed-ended finite answer set non-binary visual,which of the following best describes the overall shape of the red line in plot (a)?,,arxiv,['physics.soc-ph cs.cl cs.si physics.data-an'],scigraphqa,1201.5484,https://arxiv.org/pdf/1201.5484v2
24f10bc0f3d2338dc51a408f3b376071,c,c,24f10bc0f3d2338dc51a408f3b376071,d,d,1911.04088v1-figure4-1.png,1911.04088v1-figure4-1,figure 4: top@k performance for utterance prediction task.,line chart,False,1,closed-ended finite answer set non-binary visual,"which line represents ""mtrl w/o autoencoder""?",,arxiv,['cs.cl'],scigraphqa,1911.04088,https://arxiv.org/pdf/1911.04088v1
83e4388cfbbc9df89ff42ef64bf3544b,"b,d","b,d",83e4388cfbbc9df89ff42ef64bf3544b,d,d,1705.02518v1-figure2-1.png,1705.02518v1-figure2-1,figure 2: increase in log-likelihood (scaled by 10e+ 07) of the data per-iteration in the five domains.,line chart,True,5,closed-ended finite answer set non-binary visual,which of these best describes the shape of the lines in the plots?,,arxiv,['cs.ai cs.cl cs.ir cs.si stat.ml'],scigraphqa,1705.02518,https://arxiv.org/pdf/1705.02518v1
6b6cf7830aaf75c251fd328b1e41533f,"a,d","a,d",6b6cf7830aaf75c251fd328b1e41533f,"a,c","a,c",1906.04501v1-figure5-1.png,1906.04501v1-figure5-1,fig. 5. comparisons with different depths of gcn in our model.,line chart,True,2,closed-ended finite answer set non-binary visual,which of the following statements are true about the lines in the top graph?,,arxiv,['cs.cl cs.lg'],scigraphqa,1906.04501,https://arxiv.org/pdf/1906.04501v1
1ab58d1b9b427098735a9b198e8613a5,a,a,1ab58d1b9b427098735a9b198e8613a5,"a,c","a,c",1909.01792v2-figure5-1.png,1909.01792v2-figure5-1,figure 5: average per-word validation cross-entropies for hyperparameter combinations in the neighbourhood of the best solution for a 2-layer lstm with 24m weights on the penn treebank dataset.,parallel coordinates plot,False,1,closed-ended finite answer set non-binary visual,which of the following axes has the highest value in the red area of the graph?,,arxiv,['cs.cl'],scigraphqa,1909.01792,https://arxiv.org/pdf/1909.01792v2
80582b4b5edea2cd8a9f1370dabd0299,"a,b,c,d","a,b,c,d",80582b4b5edea2cd8a9f1370dabd0299,"b,c","b,c",1603.08594v1-figure8-1.png,1603.08594v1-figure8-1,figure 8: iterations vs. correct pp-attachments,line chart,False,1,closed-ended finite answer set non-binary visual,what is the shape of the line in figure 8?,,arxiv,['cs.cl'],scigraphqa,1603.08594,https://arxiv.org/pdf/1603.08594v1
2df97f22ade1e544ef8f605861222750,c,c,2df97f22ade1e544ef8f605861222750,"c,d","c,d",2010.10743v2-figure2-1.png,2010.10743v2-figure2-1,figure 2: the effect on the number of units: (a) bleu scores (%) against number of units used in the mute model. (b) inference speed (tokens per second) on gpu against number of units used in the mute model. experiments are conducted on the valid set of nist zhen with decoding batch size = 30 and beam size = 4.,line chart,True,2,closed-ended finite answer set non-binary visual,how does the line in the right plot move as the number of units increases?,,arxiv,['cs.cl'],scigraphqa,2010.10743,https://arxiv.org/pdf/2010.10743v2
c821f6a7522b0534b102f97ed5a9d5b5,a,a,c821f6a7522b0534b102f97ed5a9d5b5,c,c,2020.acl-main.67.pdf-figure6.png,2020.acl-main.67.pdf-figure6,figure 6: bleu variation between models with different ke with respect to size of amr graph and (left) and reentrancy numbers (right).,line chart,True,2,closed-ended finite answer set non-binary visual,which of the following is true about the graph on the right side of the figure? ,,acl,nan,aclfig,2020.acl-main.67,https://aclanthology.org/2020.acl-main.67.pdf
4a671fa1801a62e36ed4f27ed201932c,"d,a","d,a",4a671fa1801a62e36ed4f27ed201932c,a,a,c08-1027.pdf-figure1.png,c08-1027.pdf-figure1,figure 1: example word lattice.,graph,False,1,closed-ended finite answer set non-binary visual,which of the following words in the figure does not have an arrow pointing to it from another word?,,acl,nan,aclfig,c08-1027,https://aclanthology.org/c08-1027.pdf
0186e228e09e5d704525ad2d37d720eb,a,a,0186e228e09e5d704525ad2d37d720eb,b,b,2020.acl-main.170.pdf-figure7.png,2020.acl-main.170.pdf-figure7,figure 7: visualization of source embeddings. models trained on wmt14 en-fr (4m).,scatter plot,True,2,closed-ended finite answer set non-binary visual,which panel shows a more clearly defined separation between the red and blue points?,,acl,nan,aclfig,2020.acl-main.170,https://aclanthology.org/2020.acl-main.170.pdf
a2c3ac62237178964eefc24cbbc2627e,"a,d","a,d",a2c3ac62237178964eefc24cbbc2627e,d,d,1608.01403v1-figure3-1.png,1608.01403v1-figure3-1,"figure 3: an analogy in space. when the analogue values of thethre dimensions described in figure 2 are plotted, the analogy itself emerges as a parallelogram situated obliquely in the centre of the positive region of the space.",scatter plot,False,1,closed-ended finite answer set non-binary visual,what is the direction of the black arrow?,,arxiv,['cs.cl'],scigraphqa,1608.01403,https://arxiv.org/pdf/1608.01403v1
7ad88bc17bc74da55dc9e44bc1978070,d,d,7ad88bc17bc74da55dc9e44bc1978070,"a,b,c,d","a,b,c,d",2020.acl-main.574.pdf-figure3.png,2020.acl-main.574.pdf-figure3,"figure 3: visualization of learned representations on conll-03 test dataset. entity types are represented in different shapes with red for per, blue for org, green for loc and orange for misc. rare entities are represented using bigger points. the points with x are for the delexicalized entities.",scatter plot,False,1,closed-ended finite answer set non-binary visual,in which clusters are x symbols located?,,acl,nan,aclfig,2020.acl-main.574,https://aclanthology.org/2020.acl-main.574.pdf
f058179290c5d49685cf79ee47329963,a,a,f058179290c5d49685cf79ee47329963,"a,c","a,c",2020.acl-main.83.pdf-figure4.png,2020.acl-main.83.pdf-figure4,figure 4: frame integration representation model.,neural networks,False,1,closed-ended finite answer set non-binary visual,what does the orange vector represent in the model?,,acl,nan,aclfig,2020.acl-main.83,https://aclanthology.org/2020.acl-main.83.pdf
1183c481fdf824074240424f76e19702,a,a,1183c481fdf824074240424f76e19702,d,d,c00-2092.pdf-figure2.png,c00-2092.pdf-figure2,figure 2: the bag of linked subtree pairs of hts;tti,tree,True,6,closed-ended finite answer set non-binary visual,which of the tree pairs in the figure has a dashed line that goes directly from 's' to 'np'? ,,acl,nan,aclfig,c00-2092,https://aclanthology.org/c00-2092.pdf
22da31f6eaaaedc9588e28b9591d35fd,d,d,22da31f6eaaaedc9588e28b9591d35fd,b,b,w12-4625.pdf-figure9.png,w12-4625.pdf-figure9,figure 9: linguistic application of constraint redirect,tree,False,1,closed-ended finite answer set non-binary visual,which of the following terms is connected to the term 'la_plupart' by a blue line?,,acl,nan,aclfig,w12-4625,https://aclanthology.org/w12-4625.pdf
ba8b08812d8bc32a1ca52dc82db03891,"a,a","a,a",ba8b08812d8bc32a1ca52dc82db03891,a,a,1996.amta-1.1.pdf-figure3.png,1996.amta-1.1.pdf-figure3,fig. 3. concepts linked in the reverb translation memory.,architecture diagram,False,1,closed-ended finite answer set non-binary visual,what is shown directly below the 'chunk-m-1' block?,,acl,nan,aclfig,1996.amta-1.1,https://aclanthology.org/1996.amta-1.1.pdf
541c7b4351f59134d67948495e9a1181,a,a,541c7b4351f59134d67948495e9a1181,b,b,2005.07174v1-figure6-1.png,2005.07174v1-figure6-1,figure 6: effect of class labels on uncertainty estimates.,box plot,True,3,closed-ended finite answer set non-binary visual,which of the plots has the highest median value for 'non-rumour'??,,arxiv,['cs.cl cs.lg'],scigraphqa,2005.07174,https://arxiv.org/pdf/2005.07174v1
393b2d113ba7867b1e4c177e24eae90d,d,d,393b2d113ba7867b1e4c177e24eae90d,b,b,s19-2128.pdf-figure3.png,s19-2128.pdf-figure3,figure 3: confusion matrix shows results for sub-task a using bidirectional gru,confusion matrix,False,1,closed-ended finite answer set non-binary visual,"considering figure 3's confusion matrix, and its color scale, which of the following statements about the cell values representing 'true label: not' and 'predicted label: not' (top-left cell) is/are correct?",,acl,nan,aclfig,s19-2128,https://aclanthology.org/s19-2128.pdf
4be9171f97799d5f51d53c06445fa528,d,d,4be9171f97799d5f51d53c06445fa528,"b,c,d","b,c,d",w19-5211.pdf-figure9.png,w19-5211.pdf-figure9,figure 9: frequency-based classification accuracy on states from the ende encoder + lexical shortcuts.,heat map,False,1,closed-ended finite answer set non-binary visual,which layer has the lowest number of red squares?,,acl,nan,aclfig,w19-5211,https://aclanthology.org/w19-5211.pdf
87a4d2f69fb7e330e3830cd1e725226f,"a,d","a,d",87a4d2f69fb7e330e3830cd1e725226f,a,a,2020.acl-main.244.pdf-figure1.png,2020.acl-main.244.pdf-figure1,figure 1: pretrained transformers often have smaller iid/ood generalization gaps than previous models.,bar chart,False,1,closed-ended finite answer set non-binary visual,"considering the bar chart in figure 1, which of the following statements about the height and color of the bars representing 'bert large' are correct?  select all that apply.",,acl,nan,aclfig,2020.acl-main.244,https://aclanthology.org/2020.acl-main.244.pdf
1ee886e5b6ba8ffb593ca7ab2f5a4275,a,a,1ee886e5b6ba8ffb593ca7ab2f5a4275,"a,b","a,b",1510.06646v2-figure13-1.png,1510.06646v2-figure13-1,"figure 13: enron corpus, lda and lda-gn spam filtering precision and recall scores using different threshold settings",line chart,True,2,closed-ended finite answer set non-binary visual,which graph has a higher value at the threshold of 0.5?,,arxiv,['cs.lg cs.cl stat.ml'],scigraphqa,1510.06646,https://arxiv.org/pdf/1510.06646v2
64c5250450b9d32d10609089c64c4643,a,a,64c5250450b9d32d10609089c64c4643,c,c,1806.08462v2-figure3-1.png,1806.08462v2-figure3-1,"figure 3: learning curves of the kl term in the vae loss function (λ ·kl) for different values of λ, and the variant where λ is annealed.",line chart,False,1,closed-ended finite answer set non-binary visual,which of the lines in the figure represents the highest value of λ · kl (batch average) around 4000 iterations?,,arxiv,['cs.cl cs.lg stat.ml'],scigraphqa,1806.08462,https://arxiv.org/pdf/1806.08462v2
4aeb3b7133b57e7fa1dc28333ddab69a,d,d,4aeb3b7133b57e7fa1dc28333ddab69a,"b,c","b,c",1907.00488v1-figure4.7-1.png,1907.00488v1-figure4.7-1,"figure 4.7: two-epoch model likelihoods. fisher maximum-likelihood estimation for a 2-epoch bee model over the text-to-text and text-to-past k = 80 models of 647 of darwin’s readings. the darker line indicates the window of the 5-year minimum epoch length. note the phase transition at the 325th volume in the text-to-past case (bottom) and the 548th volume in the text-to-text case (top). note also that the text-topast case comes close to transition at the 548th volume as well, indicating the strength of the transition to exploration in the third epoch on both local and global scales.",line chart,True,2,closed-ended finite answer set non-binary visual,at approximately what volume number does the line in both graphs become bold and black?,,arxiv,['cs.cl cs.cy cs.dl cs.ir'],scigraphqa,1907.00488,https://arxiv.org/pdf/1907.00488v1
bfc79d0c08b74e5aa04eeae69d224629,a,a,bfc79d0c08b74e5aa04eeae69d224629,"a,b,c,d","a,b,c,d",1908.07832v2-figure4-1.png,1908.07832v2-figure4-1,fig. 4: decomposition of morpheme segmentation algorithm into unsupervised morpheme mining then vocabulary segmentation.,line chart,False,1,closed-ended finite answer set non-binary visual,at which corner of the figure is the legend located?,,arxiv,['cs.cl cs.lg stat.ml'],scigraphqa,1908.07832,https://arxiv.org/pdf/1908.07832v2
b46caada3a824fcb27b09d29fe9400a8,c,c,b46caada3a824fcb27b09d29fe9400a8,kld,kld,1803.10146v3-figure4-1.png,1803.10146v3-figure4-1,figure 4: cers (%) for different method combinations.,line chart,False,1,closed-ended finite answer set non-binary visual,which line is lowest at 200 adaptation utterances?,,arxiv,['cs.sd cs.cl eess.as'],scigraphqa,1803.10146,https://arxiv.org/pdf/1803.10146v3
89e45656becb40f018cdf111e9553f42,"a,b,c,f","a,b,c,f",89e45656becb40f018cdf111e9553f42,"a,b,c,d","a,b,c,d",1904.02668v4-figure3-1.png,1904.02668v4-figure3-1,"figure 3: inoculation by fine-tuning results. (a–e): nli accuracy for the esim and decomposable attention (da) models. (f): reading comprehension f1 scores for the bidaf and qanet models. fine-tuning on a small number of word overlap (a) and negation (b) examples erases the performance gap (outcome 1). fine-tuning does not yield significant improvement on spelling errors (c) and length mismatch (d), but does not degrade original performance either (outcome 2). fine-tuning on numerical reasoning (e) closes the gap entirely, but also reduces performance on the original dataset (outcome 3). on adversarial squad (f), around 60% of the performance gap is closed after fine-tuning, though performance on the original dataset decreases (outcome 3). on each challenge dataset, we observe similar trends between different models.",line chart,True,6,closed-ended finite answer set non-binary visual,in which plot do we see a curve color other than green and orange?,,arxiv,['cs.cl'],scigraphqa,1904.02668,https://arxiv.org/pdf/1904.02668v4
659f19a1938f0eaf13faf3803ea483cf,a,a,659f19a1938f0eaf13faf3803ea483cf,b,b,1609.01962v1-figure2-1.png,1609.01962v1-figure2-1,fig. 2. micro-f1 and macro-f1 scores for different methods versus the size of the target rumour used for training in the lpo setting on the pheme dataset. the test set is fixed to all but the first 50 tweets of the target rumour.,line chart,True,2,closed-ended finite answer set non-binary visual,which line is the lowest at a training size of 10 in the graph on the right?,,arxiv,['cs.cl cs.ir cs.si'],scigraphqa,1609.01962,https://arxiv.org/pdf/1609.01962v1
726d1b869bb6134508145ae581f34216,b,b,726d1b869bb6134508145ae581f34216,"b,c","b,c",1808.07733v1-figure1-1.png,1808.07733v1-figure1-1,"figure 1: variation in models trained on sst-2 (sentenceonly). accuracies of 100 randomly initialized models are plotted against the number of epochs of training (in gray), along with their average accuracies (in red, with 95% confidence interval error bars). the inset density plot shows the distribution of accuracies when trained with early stopping.",line chart,True,2,closed-ended finite answer set non-binary visual,what is the approximate value of the red line at the end of training?,,arxiv,['cs.cl'],scigraphqa,1808.07733,https://arxiv.org/pdf/1808.07733v1
9e475d7bf656b777827ba85c24f4b60b,"b,c","b,c",9e475d7bf656b777827ba85c24f4b60b,"b,c,d","b,c,d",2006.13760v1-figure3-1.png,2006.13760v1-figure3-1,figure 3: training and test performance when training on restricted sets of seeds.,line chart,True,2,closed-ended finite answer set non-binary visual,at which of the following number of seeds does the grey line in the left plot have a value above 2k?,,arxiv,['cs.lg cs.ai cs.cl cs.ne stat.ml'],scigraphqa,2006.13760,https://arxiv.org/pdf/2006.13760v1
56609f577d999b65811dbf9b5f1c77d4,a,a,56609f577d999b65811dbf9b5f1c77d4,"b,c","b,c",1103.0890v2-figure1-1.png,1103.0890v2-figure1-1,figure 1. the average cpu time on pku dataset by varying c on five randomly sample of training and testing datasets.,line chart,True,2,closed-ended finite answer set non-binary visual,which line in the graph labeled (a) tp1 represent the fastest cpu times?,,arxiv,['cs.lg cs.cl'],scigraphqa,1103.0890,https://arxiv.org/pdf/1103.0890v2
f05e7bf59fde2c7f92f749fb53094757,d,d,f05e7bf59fde2c7f92f749fb53094757,"a,c","a,c",2003.13003v2-figure4-1.png,2003.13003v2-figure4-1,figure 4: tuning the hyper-parameter λ.,line chart,True,2,closed-ended finite answer set non-binary visual,"considering the taxonomy dataset, which of the following exhibit an accuracy above 95%?",,arxiv,['cs.cl cs.lg'],scigraphqa,2003.13003,https://arxiv.org/pdf/2003.13003v2
b8f6ed26ae6b04f76df5f8fe1d3c115a,a,a,b8f6ed26ae6b04f76df5f8fe1d3c115a,d,d,2020.acl-demos.21.pdf-figure6.png,2020.acl-demos.21.pdf-figure6,"figure 6: f0.5 at various noise levels, averaged across the five datasets.",line chart,True,2,closed-ended finite answer set non-binary visual,which line is the highest for the error rate of 0.15 in the top graph?,,acl,nan,aclfig,2020.acl-demos.21,https://aclanthology.org/2020.acl-demos.21.pdf
851492bcca1940aaf775e38df312a5b6,a,a,851492bcca1940aaf775e38df312a5b6,"a,b,c","a,b,c",2006.08344v1-figure7-1.png,2006.08344v1-figure7-1,figure 7: bleu scores for different uncertainty estimators under various retained data rates. the model is trained for en to vi tasks with 133k training data using 350k steps.,line chart,True,2,closed-ended finite answer set non-binary visual,which line in the rightmost subplot have the highest value when all data is retained?,,arxiv,['cs.cl cs.lg stat.ml'],scigraphqa,2006.08344,https://arxiv.org/pdf/2006.08344v1
c7ae9d467531cbb14697322125bd94aa,"b,c","b,c",c7ae9d467531cbb14697322125bd94aa,c,c,1404.4714v1-figure3-1.png,1404.4714v1-figure3-1,"figure 3: accuracy of c&w, word2vec and our radical-enhanced model with k=10.",line chart,False,1,closed-ended finite answer set non-binary visual,which of the following remain at the same accuracy when alpha increases?,,arxiv,['cs.cl'],scigraphqa,1404.4714,https://arxiv.org/pdf/1404.4714v1
a8603094589714a0d1ee1d4cfd28e3c3,a,a,a8603094589714a0d1ee1d4cfd28e3c3,b,b,1405.3539v3-figure7-1.png,1405.3539v3-figure7-1,"figure 7: from 1000-tweet stream of the new york times, @nytimes. the euclidean distances between the word and tweet segments 1 to 31. all words and all tweet segments are embedded in the correspondence analysis factor space. this latent semantic space is endowed with the euclidean metric and all points (words, tweet segments) are of equal mass. to aid in visualization, the distances are connected in a continuous curve. small values of distance indicate a close semantic association of word and tweet segment.",line chart,True,2,closed-ended finite answer set non-binary visual,which of the following has the highest distance at segment 30?,,arxiv,['cs.ai cs.cl'],scigraphqa,1405.3539,https://arxiv.org/pdf/1405.3539v3
504e6f506b6a18010cf140d8fb5849aa,"b,c","b,c",504e6f506b6a18010cf140d8fb5849aa,d,d,1709.05227v1-figure4-1.png,1709.05227v1-figure4-1,"figure 4: errors corrected for dynamic-proposed and several other settings (see table 7.2), plotted against update frequency (first 3 methods) or enrollment time (following 2 methods) as described in the text.",line chart,False,1,closed-ended finite answer set non-binary visual,"which lines in the plot are below the blue dashed line representing the ""linear"" method at 100 on the x-axis?",,arxiv,['cs.cl'],scigraphqa,1709.05227,https://arxiv.org/pdf/1709.05227v1
926db7995a669b0fe98d28e0774a6103,a,a,926db7995a669b0fe98d28e0774a6103,"a,b,c,d","a,b,c,d",1906.03183v1-figure10-1.png,1906.03183v1-figure10-1,figure 10: convergence of the log-likelihood for 5 sets of 1000 iterations,line chart,False,1,closed-ended finite answer set non-binary visual,what are two colors of the lines in the figure?,,arxiv,['q-bio.qm cs.cl cs.ir stat.ap'],scigraphqa,1906.03183,https://arxiv.org/pdf/1906.03183v1
67156f88b36697345aaafd9df541db04,d,d,67156f88b36697345aaafd9df541db04,"b,c,d","b,c,d",2005.01320v1-figure1-1.png,2005.01320v1-figure1-1,figure 1: statistics of “fintech” in google trends.,line chart,False,1,closed-ended finite answer set non-binary visual,which of the following time periods shows the steepest increase in the line graph?,,arxiv,['cs.cl'],scigraphqa,2005.01320,https://arxiv.org/pdf/2005.01320v1
cdba0eb51d1b84db0da8a26d6b6afaa6,b,b,cdba0eb51d1b84db0da8a26d6b6afaa6,d,d,2010.04736v1-figure12-1.png,2010.04736v1-figure12-1,"figure 12: accuracy, sufficiency and comprehensiveness of logistic regressions models by regularization term c.",line chart,True,3,closed-ended finite answer set non-binary visual,"which line in the rightmost plot, is the highest at the value of c= 10^(-3)?",,arxiv,['cs.cl cs.ai cs.cy cs.hc cs.lg'],scigraphqa,2010.04736,https://arxiv.org/pdf/2010.04736v1
08c80b941da09def3eb96b7907ae4c68,d,d,08c80b941da09def3eb96b7907ae4c68,"a,c","a,c",1812.00815v1-figure4-1.png,1812.00815v1-figure4-1,"fig. 4. validation error curves for models that are too wide. the architecture is specified as n × m, where m is the number of hidden layers and n the number of neurons per layer. [color figure can be viewed at wileyonlinelibrary.com]",line chart,False,1,closed-ended finite answer set non-binary visual,"considering the color and position of the lines in the graph, which of the following statements are true? ",,arxiv,['cs.cl'],scigraphqa,1812.00815,https://arxiv.org/pdf/1812.00815v1
8173ac7f07e77a7f0fc20c72a6e24ba7,b,b,8173ac7f07e77a7f0fc20c72a6e24ba7,c,c,2004.08097v1-figure4-1.png,2004.08097v1-figure4-1,"figure 4: average running times of each model according to the number of words on sts and reranking tasks, sub-scripted as sts and rrk respectively.",line chart,False,1,closed-ended finite answer set non-binary visual,which line represents the reranking task for the bilm model?,,arxiv,['cs.cl'],scigraphqa,2004.08097,https://arxiv.org/pdf/2004.08097v1
f67b9f35df9815f2183b23234c3d7384,b,b,f67b9f35df9815f2183b23234c3d7384,a,a,1908.07181v5-figure3-1.png,1908.07181v5-figure3-1,figure 3: elbo and bleu scores measured with the target predictions obtained at each inference step for aspec ja-en and wmt’14 en-de datasets.,line chart,False,1,closed-ended finite answer set non-binary visual,which line shows the bleu scores for ja-en at the 5th iterative step?,,arxiv,['cs.cl cs.lg'],scigraphqa,1908.07181,https://arxiv.org/pdf/1908.07181v5
c2f39c130bfd95abc725622d04f90f3f,d,d,c2f39c130bfd95abc725622d04f90f3f,"b,c","b,c",1810.00664v1-figure2-1.png,1810.00664v1-figure2-1,fig. 2. hyper-parameter tuning of d2v for each testing scenario.,line chart,True,9,closed-ended finite answer set non-binary visual,which plot shows the green line above the red line?,,arxiv,['cs.cl cs.lg stat.ml'],scigraphqa,1810.00664,https://arxiv.org/pdf/1810.00664v1
d3ec67e6105c462f4ad1930a3438c2ef,b,b,d3ec67e6105c462f4ad1930a3438c2ef,"b,c","b,c",2018.lilt-16.1.pdf-figure4.png,2018.lilt-16.1.pdf-figure4,"figure 4 results for lstm, 160 units (red) and gru (yellow)",line chart,False,1,closed-ended finite answer set non-binary visual,which of the lines never achieve a y-value lower than 0.5?,,acl,nan,aclfig,2018.lilt-16.1,https://aclanthology.org/2018.lilt-16.1.pdf
869d025d8393f1b5fe75187f9fd43473,"a,b,d","a,b,d",869d025d8393f1b5fe75187f9fd43473,a,a,d17-1005.pdf-figure3.png,d17-1005.pdf-figure3,"figure 3: graphical model of oc,is correctness",graph,False,1,closed-ended finite answer set non-binary visual,which circles are not shaded?,,acl,nan,aclfig,d17-1005,https://aclanthology.org/d17-1005.pdf
38cdd72593c4e8529810f1ddda122189,d,d,38cdd72593c4e8529810f1ddda122189,"c,d","c,d",d13-1130.pdf-figure1.png,d13-1130.pdf-figure1,figure 1: an example of a lattice l.,graph,False,1,closed-ended finite answer set non-binary visual,"which of the following nodes are connected to 'n2,2' by a directed edge?",,acl,nan,aclfig,d13-1130,https://aclanthology.org/d13-1130.pdf
afb433bcf7cbcf4468fbb83cd3683ba4,"c,a","c,a",afb433bcf7cbcf4468fbb83cd3683ba4,"c,d","c,d",2020.acl-main.428.pdf-figure2.png,2020.acl-main.428.pdf-figure2,figure 2: eli5: perplexity vs. label repeats as a function of  in the label unlikelihood objective.,scatter plot,False,1,closed-ended finite answer set non-binary visual,"considering the scatter plot in figure 2, which of the following statements are true regarding the relationship between 'eli5 label repeats' and 'ppl', considering the color gradient representing 'α'?",,acl,nan,aclfig,2020.acl-main.428,https://aclanthology.org/2020.acl-main.428.pdf
4c2ee358bfc0d53119794c841eab0777,c,c,4c2ee358bfc0d53119794c841eab0777,b,b,2020.acl-main.364.pdf-figure4.png,2020.acl-main.364.pdf-figure4,figure 4: visualization of the reconstructed embeddings with their code-book assignment. best viewed in color.,scatter plot,True,3,closed-ended finite answer set non-binary visual,which cluster contains the most points assigned to the code-book value 64?,,acl,nan,aclfig,2020.acl-main.364,https://aclanthology.org/2020.acl-main.364.pdf
5e5459209e8cc18c5036f574587b2e10,"d,c","d,c",5e5459209e8cc18c5036f574587b2e10,d,d,2020.lrec-1.730.pdf-figure2.png,2020.lrec-1.730.pdf-figure2,"figure 2: part of sense hierarchy for the word head. top part and leader are guide words, the topics are on the lower-level.",tree,False,1,closed-ended finite answer set non-binary visual,which node is located to the right of node 'edges'?,,acl,nan,aclfig,2020.lrec-1.730,https://aclanthology.org/2020.lrec-1.730.pdf
82996cf1e465f6df7b6042c70e603bef,"b,a","b,a",82996cf1e465f6df7b6042c70e603bef,"a,b","a,b",2020.lrec-1.646.pdf-figure1.png,2020.lrec-1.646.pdf-figure1,figure 1: use of secondary dependencies and empty nodes in torot.,tree,False,1,closed-ended finite answer set non-binary visual,what are the labels of the dashed arrows?,,acl,nan,aclfig,2020.lrec-1.646,https://aclanthology.org/2020.lrec-1.646.pdf
279e07f00f4fbb0007ffb27e7c54898f,d,d,279e07f00f4fbb0007ffb27e7c54898f,"b,d","b,d",y16-2018.pdf-figure1.png,y16-2018.pdf-figure1,figure 1: english and czech sentence with equivalent meaning and shared dependencies.,tree,False,1,closed-ended finite answer set non-binary visual,which word has an arrow labelled 'case' pointing directly to it?,,acl,nan,aclfig,y16-2018,https://aclanthology.org/y16-2018.pdf
6473503fb8e491db6f38862a24bd5137,"a,b,d","a,b,d",6473503fb8e491db6f38862a24bd5137,d,d,s19-2142.pdf-figure1.png,s19-2142.pdf-figure1,"figure 1: sub-task a, ynu-hpcc codalab 528232",confusion matrix,False,1,closed-ended finite answer set non-binary visual,"based on the provided confusion matrix, which of the following statements regarding color and numerical value are true?",,acl,nan,aclfig,s19-2142,https://aclanthology.org/s19-2142.pdf
0310cf5a16119de489279f90791cf00b,a,a,0310cf5a16119de489279f90791cf00b,"a,c","a,c",2014.lilt-11.3.pdf-figure2.png,2014.lilt-11.3.pdf-figure2,figure 2 morphological ranking of morphs according to textual morph complexity in the mixed-genre corpus. abscissa indexes increased morphological complexity.,bar chart,False,1,closed-ended finite answer set non-binary visual,which of the following morphs has longer bar than 'plural -s' bar??,,acl,nan,aclfig,2014.lilt-11.3,https://aclanthology.org/2014.lilt-11.3.pdf
0d738904bc6d85a075a8b284f2c6924d,b,b,0d738904bc6d85a075a8b284f2c6924d,c,c,2020.acl-main.158.pdf-figure5.png,2020.acl-main.158.pdf-figure5,"figure 5: evaluation results on all models, split across test suite circuits.",bar chart,False,1,closed-ended finite answer set non-binary visual,what is the colour of the bar representing the rnng model?,,acl,nan,aclfig,2020.acl-main.158,https://aclanthology.org/2020.acl-main.158.pdf
c18a2eda6697a73a3a12aa865a7a6998,c,c,c18a2eda6697a73a3a12aa865a7a6998,"b,c","b,c",2020.lrec-1.399.pdf-figure1.png,2020.lrec-1.399.pdf-figure1,figure 1: distribution of names with a certain length in characters,histogram,False,1,closed-ended finite answer set non-binary visual,"is the distribution of names skewed to the left, skewed to the right, or symmetric?",,acl,nan,aclfig,2020.lrec-1.399,https://aclanthology.org/2020.lrec-1.399.pdf
a125bba302fb10a2e370ab8b963959aa,a,a,a125bba302fb10a2e370ab8b963959aa,"a,d","a,d",1401.2258v1-figure16-1.png,1401.2258v1-figure16-1,"figure 16: retrieval results of the tf.idf weighted link translations, combined with different concept models.",line chart,False,1,closed-ended finite answer set non-binary visual,which line has the highest value for alpha = 0.4?,,arxiv,['cs.ir cs.cl'],scigraphqa,1401.2258,https://arxiv.org/pdf/1401.2258v1
232544a6d1a9301d508df9965c638418,c,c,232544a6d1a9301d508df9965c638418,b,b,1908.08419v3-figure5-1.png,1908.08419v3-figure5-1,fig. 5 comparisons between different sampling strategies when the ratio of initial labeled set and unlabeled set is 3:7.,line chart,True,2,closed-ended finite answer set non-binary visual,which sampling strategy has the highest f1-score after 8 iterations without bigram features?,,arxiv,['cs.cl'],scigraphqa,1908.08419,https://arxiv.org/pdf/1908.08419v3
2be43440fa41340ef390de1818b93ba8,a,a,2be43440fa41340ef390de1818b93ba8,"b,c","b,c",1611.00457v1-figure6-1.png,1611.00457v1-figure6-1,figure 6. proportion of balanced triangles with different proportions of positive edges in traditional balance theory,line chart,False,1,closed-ended finite answer set non-binary visual,which lines have a steeper slope after a proportion of positive edges of 0.5?,,arxiv,['cs.si cs.cl'],scigraphqa,1611.00457,https://arxiv.org/pdf/1611.00457v1
80d43bdef0bc82fa617f8f7a899e85a9,b,b,80d43bdef0bc82fa617f8f7a899e85a9,"b,d","b,d",2010.02693v2-figure3-1.png,2010.02693v2-figure3-1,"figure 3: the number of uncoordinated slots of our joint model (one pass), joint model with crf (one pass+crf) and slotrefine (two pass) during training.",line chart,False,1,closed-ended finite answer set non-binary visual,which line has the lowest value at training epoch 15?,,arxiv,['cs.cl cs.ai cs.lg'],scigraphqa,2010.02693,https://arxiv.org/pdf/2010.02693v2
8b47b51c618315b07db69c2671be8ead,a,a,8b47b51c618315b07db69c2671be8ead,c,c,1809.00832v1-figure9-1.png,1809.00832v1-figure9-1,"figure 9: validation accuracy for the binary sentiment classification task with (a) treernn, (b) rntn, and (c) treelstm models. results are shown for training each model with the recursive and iterative implementations, using the large movie review dataset. the time to reach 93% accuracy for each setup is also plotted, showing that the recursive implementation converges faster for all models.",line chart,True,3,closed-ended finite answer set non-binary visual,which of the following models converge faster to 93% accuracy for the red curve?,,arxiv,['cs.lg cs.ai cs.cl stat.ml'],scigraphqa,1809.00832,https://arxiv.org/pdf/1809.00832v1
7a4a15f3b3346b62061c9f9339d314b5,"b,c,d","b,c,d",7a4a15f3b3346b62061c9f9339d314b5,"c,d","c,d",1806.01185v1-figure4-1.png,1806.01185v1-figure4-1,fig. 4 - word rank score for the multi-term index composed of “basket ball” and “basketball” zoomed in to the 30- year period between 1892 and 1922 in the chronicling america archive (caa).,line chart,False,1,closed-ended finite answer set non-binary visual,where are located most of the dots?,,arxiv,['cs.cl'],scigraphqa,1806.01185,https://arxiv.org/pdf/1806.01185v1
fb4f0276ec76e79c50055038d7feaf11,a,a,fb4f0276ec76e79c50055038d7feaf11,"a,b,c,d","a,b,c,d",2010.06786v1-figure3-1.png,2010.06786v1-figure3-1,fig. 3. the training and validation loss and accuracy over 50 epochs of training,line chart,True,2,closed-ended finite answer set non-binary visual,what is the approximate value of the red line at the end of training (50 epochs) in the right graph?,,arxiv,['cs.cl'],scigraphqa,2010.06786,https://arxiv.org/pdf/2010.06786v1
1a267ffafaa0b0c9003abd4583c4d1cf,b,b,1a267ffafaa0b0c9003abd4583c4d1cf,d,d,1907.05333v1-figure4-1.png,1907.05333v1-figure4-1,fig. 4. the precicion-recall curve of different algorithms on nyt and gds datasets,line chart,True,2,closed-ended finite answer set non-binary visual,which algorithm has the highest precision at a recall of 0.4 in the gds dataset?,,arxiv,['cs.cl cs.ir'],scigraphqa,1907.05333,https://arxiv.org/pdf/1907.05333v1
33c52ddce67b809a5336225ee804c581,d,d,33c52ddce67b809a5336225ee804c581,"c,d","c,d",2008.00140v1-figure9-1.png,2008.00140v1-figure9-1,figure 9: rouge-2 f-1 scores for different slack amounts using title+filter (t itledrivenreduction then score_ilp) and title (only score_ilp) on title02 dataset.,line chart,False,1,closed-ended finite answer set non-binary visual,which lines on the graph never achieve a rouge-2 f-1 score higher than 0.2290,,arxiv,['cs.ir cs.cl'],scigraphqa,2008.00140,https://arxiv.org/pdf/2008.00140v1
3bec4f39bad23b7de4cbadfa13d67a56,b,b,3bec4f39bad23b7de4cbadfa13d67a56,"b,c","b,c",1506.00839v2-figure3-1.png,1506.00839v2-figure3-1,figure 3 accuracy (%) results obtained on the switchboard corpus using context information extracted from the n preceding segments in different forms.,line chart,False,1,closed-ended finite answer set non-binary visual,which line(s) represent an accuracy that is higher than 80% when the number of preceding segments is 4?,,arxiv,['cs.cl'],scigraphqa,1506.00839,https://arxiv.org/pdf/1506.00839v2
4c4e8f697a1cbecd92f12d3590a00283,c,c,4c4e8f697a1cbecd92f12d3590a00283,a,a,1812.02354v1-figure4-1.png,1812.02354v1-figure4-1,figure 4: case study of multi-view attention,line chart,True,4,closed-ended finite answer set non-binary visual,"in figure (c), which of the following lines has a peak at word ""26""?",,arxiv,['cs.cl'],scigraphqa,1812.02354,https://arxiv.org/pdf/1812.02354v1
b8a70e081ff0bc13c0c1bbcd7be325b5,"a,c","a,c",b8a70e081ff0bc13c0c1bbcd7be325b5,c,c,2006.05676v1-figure9-1.png,2006.05676v1-figure9-1,figure 9: phase 2 exact match improvement figure 10: phase 2 f1 score improvement,line chart,True,4,closed-ended finite answer set non-binary visual,which of the following plots show the blue line crossing the orange line?,,arxiv,['cs.cl cs.lg stat.ml'],scigraphqa,2006.05676,https://arxiv.org/pdf/2006.05676v1
e1174e1de15387f5c7eb032b4ec1e134,b,b,e1174e1de15387f5c7eb032b4ec1e134,"a,b","a,b",2004.14769v2-figure3-1.png,2004.14769v2-figure3-1,"figure 3: performances of de-cnn and bert-ftc on different-sized augmentation datasets, where 1 means the original datasets without augmentation. all the results are based on the average scores of five runs.",line chart,True,2,closed-ended finite answer set non-binary visual,which of the following datasets show a consistent increase in performance for both blue and orange lines?,,arxiv,['cs.cl'],scigraphqa,2004.14769,https://arxiv.org/pdf/2004.14769v2
5b78927861dce083e8b4cdfdb101e19f,b,b,5b78927861dce083e8b4cdfdb101e19f,d,d,1712.01741v1-figure1-1.png,1712.01741v1-figure1-1,figure 1: rank vs. sentiment scores in scl-nma.,line chart,False,1,closed-ended finite answer set non-binary visual,which of the following best describes the relationship between the black line and the red dashed line in figure 1?,,arxiv,['cs.cl'],scigraphqa,1712.01741,https://arxiv.org/pdf/1712.01741v1
6d90553e1dcd43dad565411d7acef3b5,c,c,6d90553e1dcd43dad565411d7acef3b5,b,b,1607.01274v1-figure1-1.png,1607.01274v1-figure1-1,figure 1: perplexity results for the job advertisements from february to september in 2014.,line chart,False,1,closed-ended finite answer set non-binary visual,which line has the lowest value in august?,,arxiv,['cs.cl cs.ir cs.lg'],scigraphqa,1607.01274,https://arxiv.org/pdf/1607.01274v1
3398eeddfce19badd7527722b1dd7ac5,p,p,3398eeddfce19badd7527722b1dd7ac5,b,b,1909.09292v1-figure3-1.png,1909.09292v1-figure3-1,fig. 3. ablation study of bert fine-tuning on only the first/embedding layer.,line chart,True,2,closed-ended finite answer set non-binary visual,which of the following colors represents the performance metric 'acc_softmax'?,,arxiv,['cs.cl cs.lg stat.ml'],scigraphqa,1909.09292,https://arxiv.org/pdf/1909.09292v1
7b8a2db46b74d5d81e16441ee897d13f,d,d,7b8a2db46b74d5d81e16441ee897d13f,c,c,1607.07057v3-figure3-1.png,1607.07057v3-figure3-1,figure 3: learning curves of ltlm for both english and czech. the points in the graphs represent the perplexities in every 100th iteration.,line chart,True,2,closed-ended finite answer set non-binary visual,which line on the right graph represents the learning curve for 50 roles?,,arxiv,['cs.cl'],scigraphqa,1607.07057,https://arxiv.org/pdf/1607.07057v3
dec82fa56842d36aa164da2aaebab48e,d,d,dec82fa56842d36aa164da2aaebab48e,"b,c,d","b,c,d",1702.04615v1-figure4-1.png,1702.04615v1-figure4-1,fig. 4: lasso classifier with word counts validation/dev sensitivity-specificity curve,line chart,False,1,closed-ended finite answer set non-binary visual,which of the following values are indicated by the black circles in the graph?,,arxiv,['cs.cl'],scigraphqa,1702.04615,https://arxiv.org/pdf/1702.04615v1
199800a1d110225f01212773259f2717,b,b,199800a1d110225f01212773259f2717,d,d,1608.04465v1-figure7-1.png,1608.04465v1-figure7-1,"figure 7: memory and runtime statistics for cst and kenlm for construction and querying with different amounts of german common crawl training data and different markov orders, m. we compare the query runtimes against the optimised version of kenlm for memory (lazy) and speed (populate). for clarity, in the figure we only show cst numbers form = 10; the results for other settings ofm are very similar. kenlm was trained to match the construction memory requirements of the cst-precompute method.",line chart,True,4,closed-ended finite answer set non-binary visual,which of the following represents a 10gram ken (lazy)?,,arxiv,['cs.cl'],scigraphqa,1608.04465,https://arxiv.org/pdf/1608.04465v1
b05bfcbb199d7fb594d183c6828434ea,b,b,b05bfcbb199d7fb594d183c6828434ea,d,d,1809.02992v1-figure4-1.png,1809.02992v1-figure4-1,"figure 4: comparison among the decoding results of the mt03 test dataset on the single geforce gtx titan x gpu server under the three different searching settings. y-axis represents the bleu score of translations, x-axis indicates that how long it will take for translating one word on average.",line chart,True,2,closed-ended finite answer set non-binary visual,which line in the left graph shows the performance of the acp+sn setting?,,arxiv,['cs.cl cs.ai'],scigraphqa,1809.02992,https://arxiv.org/pdf/1809.02992v1
f1557652f1421cbe29fd06fb71acdc4f,c,c,f1557652f1421cbe29fd06fb71acdc4f,a,a,1704.07047v1-figure3-1.png,1704.07047v1-figure3-1,figure 3: the effect of different beam sizes.,line chart,False,1,closed-ended finite answer set non-binary visual,what color and what figure is representing msr?,,arxiv,['cs.cl'],scigraphqa,1704.07047,https://arxiv.org/pdf/1704.07047v1
76686469e41d85646b364f99c88cac56,"a,a,d","a,a,d",76686469e41d85646b364f99c88cac56,"a,c","a,c",1708.05565v2-figure4-1.png,1708.05565v2-figure4-1,figures 4: experiment results with the ecpm policy as baseline.,line chart,True,4,closed-ended finite answer set non-binary visual,"considering figure 4, which of the following statements about the 'ladder' line in subplot (a) are true?  select all that apply.",,arxiv,['cs.lg cs.ai cs.cl cs.gt'],scigraphqa,1708.05565,https://arxiv.org/pdf/1708.05565v2
5636ccfb0e86abdeb6c536fc4c39cd5a,d,d,5636ccfb0e86abdeb6c536fc4c39cd5a,a,a,1907.03752v1-figure2-1.png,1907.03752v1-figure2-1,fig. 2. effect of augmentation on different training set sizes for ag news,line chart,True,2,closed-ended finite answer set non-binary visual,which lines on the left graph depict a technique called 'mixup'?,,arxiv,['cs.cl cs.ir cs.lg'],scigraphqa,1907.03752,https://arxiv.org/pdf/1907.03752v1
63db0a6898363ff174875f8c0253f6e4,"c,d,a,b","c,d,a,b",63db0a6898363ff174875f8c0253f6e4,"a,b,c,d","a,b,c,d",2004.02363v1-figure3-1.png,2004.02363v1-figure3-1,figure 3: performance for various approaches by varying the fraction of events seen by the model. we present results on accuracy±10 for different product categories.,line chart,True,5,closed-ended finite answer set non-binary visual,which approaches do not show an increase in accuracy depending on the fraction of events seen?,,arxiv,['cs.cl cs.hc'],scigraphqa,2004.02363,https://arxiv.org/pdf/2004.02363v1
0d08a3f89092f106357fb2d937e980ad,d,d,0d08a3f89092f106357fb2d937e980ad,c,c,2002.06652v2-figure3-1.png,2002.06652v2-figure3-1,"fig. 3: performance comparison with respect to (a) window size m and (b) starting layer ls , where the performance for the sts datset is the pearson correlation coefficients (×100) while the performance for the sick-e and the sst2 datasets is test accuracy.",line chart,True,2,closed-ended finite answer set non-binary visual,which line represents the performance of the sst2 dataset?,,arxiv,['cs.cl cs.lg cs.mm'],scigraphqa,2002.06652,https://arxiv.org/pdf/2002.06652v2
7719f7db9f6bc3e73e151c404b669ed0,d,d,7719f7db9f6bc3e73e151c404b669ed0,c,c,1904.02099v3-figure6-1.png,1904.02099v3-figure6-1,figure 6: a plot of las between with respect to the number of training sentences in each treebank.,line chart,False,1,closed-ended finite answer set non-binary visual,which line represents udify?,,arxiv,['cs.cl cs.lg'],scigraphqa,1904.02099,https://arxiv.org/pdf/1904.02099v3
35c0978de5634c668ef2aa5c66607343,c,c,35c0978de5634c668ef2aa5c66607343,"a,c","a,c",1907.00443v1-figure3-1.png,1907.00443v1-figure3-1,fig. 3. det curves showing the performance of monolingual and multilingual features estimated using ffns and resnets for t1 queries of quesst 2014.,line chart,False,1,closed-ended finite answer set non-binary visual,which line is the highest for a false alarm probability of 10%?,,arxiv,['cs.cl cs.hc cs.lg cs.sd eess.as'],scigraphqa,1907.00443,https://arxiv.org/pdf/1907.00443v1
8436fc8b33fffd3cba1d555803254950,b,b,8436fc8b33fffd3cba1d555803254950,d,d,2002.09253v4-figure11-1.png,2002.09253v4-figure11-1,"figure 11: zero-shot versus n-shot. we look at the low coverage variant of our goal imagination mechanism that only covers 43.7% the test set with a 45% precision. we report success rates on testing goals of type 5 (grow + plant) and compare with the no imagination baseline (green). we split in two: goals that were imagined (blue), and goals that were not (orange).",line chart,False,1,closed-ended finite answer set non-binary visual,which line in the graph represents the success rate for goals that were not imagined?,,arxiv,['cs.ai cs.cl cs.lg'],scigraphqa,2002.09253,https://arxiv.org/pdf/2002.09253v4
bd9b44970317000c6aabab6aa8f4670c,"a,b,c,d","a,b,c,d",bd9b44970317000c6aabab6aa8f4670c,b,b,1006.5827v1-figure1-1.png,1006.5827v1-figure1-1,figure 1: distance labels figure 2: times labels,line chart,True,2,closed-ended finite answer set non-binary visual,which line(s) in the left figure are(is) dotted?,,arxiv,['cs.ro cs.cl'],scigraphqa,1006.5827,https://arxiv.org/pdf/1006.5827v1
0cba32b024551086faaedb3265b600b6,d,d,0cba32b024551086faaedb3265b600b6,"b,c,d","b,c,d",1106.4571v1-figure16-1.png,1106.4571v1-figure16-1,figure 16: baseline artificial corpus,line chart,False,1,closed-ended finite answer set non-binary visual,how many dots are there before training example 200?,,arxiv,['cs.cl cs.ai'],scigraphqa,1106.4571,https://arxiv.org/pdf/1106.4571v1
5cf3db79d56751b8786e0b7ff58ebfa4,b,b,5cf3db79d56751b8786e0b7ff58ebfa4,d,d,2020.acl-main.34.pdf-figure5.png,2020.acl-main.34.pdf-figure5,figure 5: bleu scores of trans.base+scwacontloss on the en-de and zh-en test sets with different number of function words t .,line chart,False,1,closed-ended finite answer set non-binary visual,which of the language pairs shows a decreasing trend in bleu score as the number of function words increase from 256 to 2048?,,acl,nan,aclfig,2020.acl-main.34,https://aclanthology.org/2020.acl-main.34.pdf
31128ccedb21a76fe6f1f98daaf94a3f,"b,c","b,c",31128ccedb21a76fe6f1f98daaf94a3f,"b,c,d","b,c,d",2010.01683v1-figure5-1.png,2010.01683v1-figure5-1,figure 5: learning curve of 10-fold cross validation,line chart,False,1,closed-ended finite answer set non-binary visual,which of the following statements about the plot is true?,,arxiv,['cs.cl'],scigraphqa,2010.01683,https://arxiv.org/pdf/2010.01683v1
4b2330d8015433a796e237eafae990f6,c,c,4b2330d8015433a796e237eafae990f6,b,b,2002.09253v4-figure5-1.png,2002.09253v4-figure5-1,"figure 5: influence of social feedbacks. sr on g test for different social strategies. stars indicate significant differences w.r.t. ex:1 no imag.. sem plotted, 5 seeds.",line chart,False,1,closed-ended finite answer set non-binary visual,which lines show a success rate of approximately 0.4 at 40 episodes?,,arxiv,['cs.ai cs.cl cs.lg'],scigraphqa,2002.09253,https://arxiv.org/pdf/2002.09253v4
d5320f8c1510a4789c459637430540e3,a,a,d5320f8c1510a4789c459637430540e3,"b,c","b,c",2002.00527v2-figure2-1.png,2002.00527v2-figure2-1,"figure 2: density of d estimates for binary biphone characters. dotted lines mark d = 0, the phylogenetic expectation, and d = 1, the random expectation. mean d for all characters is 0.43, marked in red.",line chart,False,1,closed-ended finite answer set non-binary visual,how many peaks over 0.3 are there?,,arxiv,['cs.cl q-bio.pe'],scigraphqa,2002.00527,https://arxiv.org/pdf/2002.00527v2
1acf20b3d74f8fc162ff3bc5f78869a4,c,c,1acf20b3d74f8fc162ff3bc5f78869a4,d,d,2010.13009v1-figure4-1.png,2010.13009v1-figure4-1,figure 4: accuracy vs. latency of dnnc-joint.,line chart,False,1,closed-ended finite answer set non-binary visual,which line has the lowest value at top k = 1?,,arxiv,['cs.cl cs.ai'],scigraphqa,2010.13009,https://arxiv.org/pdf/2010.13009v1
b1918b3d362b4ccdf93d4081b4112c81,"a,a,a","a,a,a",b1918b3d362b4ccdf93d4081b4112c81,"a,d","a,d",2020.scil-1.21.pdf-figure4.png,2020.scil-1.21.pdf-figure4,figure 4: the factor oxy under c .,graph,False,1,closed-ended finite answer set non-binary visual,which of the following figures are present in the graph?,,acl,nan,aclfig,2020.scil-1.21,https://aclanthology.org/2020.scil-1.21.pdf
b6dbcfc5261abea0dd96fb40cc90b5d8,a,a,b6dbcfc5261abea0dd96fb40cc90b5d8,"a,c","a,c",2020.scil-1.56.pdf-figure1.png,2020.scil-1.56.pdf-figure1,figure 1: a 2-i-2-tisl sfst for lhor (top) and a 2-isl sfst for its tier projection (bottom).,graph,True,2,closed-ended finite answer set non-binary visual,"which state has a self-loop labeled ""h:h""?",,acl,nan,aclfig,2020.scil-1.56,https://aclanthology.org/2020.scil-1.56.pdf
47e08ddbbed59e8a18ac3d5df7f67cb3,"a,a,a,a,a","a,a,a,a,a",47e08ddbbed59e8a18ac3d5df7f67cb3,"a,b,d","a,b,d",2020.acl-main.428.pdf-figure3.png,2020.acl-main.428.pdf-figure3,figure 3: eli5: perplexity vs. context repeats as a function of  in the context unlikelihood objective.,scatter plot,False,1,closed-ended finite answer set non-binary visual,"considering the scatter plot in figure 3, which of the following statements about the points are true?  select all that apply.",,acl,nan,aclfig,2020.acl-main.428,https://aclanthology.org/2020.acl-main.428.pdf
83a93a67c9a741a4c8f9acfaac89b2f0,c,c,83a93a67c9a741a4c8f9acfaac89b2f0,"a,c","a,c",n16-1181.pdf-figure2.png,n16-1181.pdf-figure2,"figure 2: simple neural module networks, corresponding to the questions what color is the bird? and are there any states? (a) a neural find module for computing an attention over pixels. (b) the same operation applied to a knowledge base. (c) using an attention produced by a lower module to identify the color of the region of the image attended to. (d) performing quantification by evaluating an attention directly.",neural networks,True,2,closed-ended finite answer set non-binary visual,which state has the most filled circles?,,acl,nan,aclfig,n16-1181,https://aclanthology.org/n16-1181.pdf
36fe84406b67162c9cd6786317824f94,b,b,36fe84406b67162c9cd6786317824f94,a,a,n18-1151.pdf-figure1.png,n18-1151.pdf-figure1,figure 1: the overall structure of our keyphrase extraction framework with context encoder. grey dotted array refer to the inputs of target posts that are also used in context encoding.,neural networks,False,1,closed-ended finite answer set non-binary visual,"what color are the boxes that represent inputs of target posts, which are also used in context encoding?",,acl,nan,aclfig,n18-1151,https://aclanthology.org/n18-1151.pdf
0284cfbbda1e93f05c000f3e44bccae9,b,b,0284cfbbda1e93f05c000f3e44bccae9,d,d,2004.13481v1-figure2-1.png,2004.13481v1-figure2-1,"figure 2 parser output for query “coping with overcrowded prisons""",tree,False,1,closed-ended finite answer set non-binary visual,which of the following words are written in red in the figure?,,arxiv,['cs.ir cs.cl'],scigraphqa,2004.13481,https://arxiv.org/pdf/2004.13481v1
91207f990b9373f5efb46fcd6e23989d,b,b,91207f990b9373f5efb46fcd6e23989d,"b,c","b,c",2019.lilt-17.3.pdf-figure2.png,2019.lilt-17.3.pdf-figure2,figure 2 analysis of pustak=kii tareef hu-ii the book got praised.,tree,True,3,closed-ended finite answer set non-binary visual,which of the following tree diagrams does not have 'xp' labeled with a subscript?,,acl,nan,aclfig,2019.lilt-17.3,https://aclanthology.org/2019.lilt-17.3.pdf
e3973a0526e2b93374f1d4d5186f680a,b,b,e3973a0526e2b93374f1d4d5186f680a,c,c,y17-1001.pdf-figure1.png,y17-1001.pdf-figure1,figure 1: semantic content of yes and no,graph,True,3,closed-ended finite answer set non-binary visual,"what value do the signs ""{ }"" have?",,acl,nan,aclfig,y17-1001,https://aclanthology.org/y17-1001.pdf
ffec749d411d063cba0e325966985ed7,"b,d","b,d",ffec749d411d063cba0e325966985ed7,"a,b,c","a,b,c",n15-1102.pdf-figure1.png,n15-1102.pdf-figure1,figure 1: dialog system used in this work.,architecture diagram,False,1,closed-ended finite answer set non-binary visual,"which boxes are connected to the box labeled ""dialog manager""?",,acl,nan,aclfig,n15-1102,https://aclanthology.org/n15-1102.pdf
d834ad6b70c0783de159ec4ede4840a6,a,a,d834ad6b70c0783de159ec4ede4840a6,"a,c","a,c",o04-1005.pdf-figure2.1.png,o04-1005.pdf-figure2.1,fig. 2.1. an overview of our system,architecture diagram,False,1,closed-ended finite answer set non-binary visual,which of the following phases are connected to the 'candidate pool' box?,,acl,nan,aclfig,o04-1005,https://aclanthology.org/o04-1005.pdf
714c7b52004521774743cd8af01a3f54,"a,b","a,b",714c7b52004521774743cd8af01a3f54,"a,d","a,d",w14-2515.pdf-figure2.png,w14-2515.pdf-figure2,"figure 2: accuracy of classifier trained and tested on balanced set contrasting agreed upon twitter users of a given role, against users pulled at random from the 1% stream.",box plot,False,1,closed-ended finite answer set non-binary visual,"considering the box plots in figure 2, which of the following statements are true regarding the accuracy values for the 'filmmaker' and 'producer' roles?",,acl,nan,aclfig,w14-2515,https://aclanthology.org/w14-2515.pdf
e4fe0a84e3877cc0ec2128ca01896f85,"a,c","a,c",e4fe0a84e3877cc0ec2128ca01896f85,"a,c,d","a,c,d",s19-2128.pdf-figure4.png,s19-2128.pdf-figure4,figure 4: confusion matrix shows results for sub-task b using bidirectional gru,confusion matrix,False,1,closed-ended finite answer set non-binary visual,"considering the color intensity of the cells in the confusion matrix shown in figure 4, which of the following statements are true?",,acl,nan,aclfig,s19-2128,https://aclanthology.org/s19-2128.pdf
e1602a77affd10523c623c1af8b61654,"a,c,e,g,i","a,c,e,g,i",e1602a77affd10523c623c1af8b61654,"a,b,c,d","a,b,c,d",w14-3627.pdf-figure2.png,w14-3627.pdf-figure2,"figure 2: meteor x-ray alignment of the sentence in table 6. the left side is the output of the one-step system, the right side is the output of the two-step system, and the top is the reference. the shaded cells represent matches between the reference and the one-step system, and the dots represent matches between the reference and the twostep system.",confusion matrix,False,1,closed-ended finite answer set non-binary visual,which cells have matches between the reference and the two-step system?,,acl,nan,aclfig,w14-3627,https://aclanthology.org/w14-3627.pdf
aacb2a82b09303b29368afe3249d7cd1,d,d,aacb2a82b09303b29368afe3249d7cd1,"a,c","a,c",2020.acl-main.201.pdf-figure2.png,2020.acl-main.201.pdf-figure2,"figure 2: train and test accuracy (p@1) for bli on muse; projection-based clwe underfit the training dictionary (gray), but retrofitting to the training dictionary overfits (pink). adding a synthetic dictionary balances between training and test accuracy (orange).",bar chart,True,3,closed-ended finite answer set non-binary visual,"considering the bli accuracy for proc, which colors represent the 'original (train)' and '+synthetic (test)' data, respectively?",,acl,nan,aclfig,2020.acl-main.201,https://aclanthology.org/2020.acl-main.201.pdf
b340774748dd2785203b073aa68a5ffe,c,c,b340774748dd2785203b073aa68a5ffe,"a,b,c","a,b,c",2020.acl-main.222.pdf-figure1.png,2020.acl-main.222.pdf-figure1,"figure 1: human evaluations on image chat and wizard of wikipedia (wow), comparing existing state of the art models with our all tasks mt conversational agent. engagingness win rates are statistically significant in all three matchups (binomial test, p < .05).",bar chart,False,1,closed-ended finite answer set non-binary visual,which task has the highest win percentage for the 'all tasks mt' model?,,acl,nan,aclfig,2020.acl-main.222,https://aclanthology.org/2020.acl-main.222.pdf
2881ee5b2798eec742e839e070a0b887,"d,a","d,a",2881ee5b2798eec742e839e070a0b887,d,d,2020.acl-main.375.pdf-figure4.png,2020.acl-main.375.pdf-figure4,"figure 4: uas accuracy for the average models (bert 13, elmo 3) on incoming dependencies of different part-of-speech categories.",bar chart,False,1,closed-ended finite answer set non-binary visual,"considering the bars representing 'elmo-sud' uas accuracy for each part-of-speech category, which of the following statements are true?",,acl,nan,aclfig,2020.acl-main.375,https://aclanthology.org/2020.acl-main.375.pdf
8c9390f5a814f6f8123184c75634852e,a,a,8c9390f5a814f6f8123184c75634852e,"a,b,c,d","a,b,c,d",1903.04715v1-figure1-1.png,1903.04715v1-figure1-1,figure 1: cumulative bleu scores on the validation set sorted by the sentence-level score difference according to the larger-context model.,line chart,False,1,closed-ended finite answer set non-binary visual,in which corner of the figure is the legend located?,,arxiv,['cs.cl'],scigraphqa,1903.04715,https://arxiv.org/pdf/1903.04715v1
e94b06a9617d517229b3143593150c97,c,c,e94b06a9617d517229b3143593150c97,a,a,1802.00768v1-figure5-1.png,1802.00768v1-figure5-1,"figure. 5. trajectory of semantic classification task performance, measured using balanced accuracy, with error bars (std) in grey.",line chart,False,1,closed-ended finite answer set non-binary visual,which line represents the 'shuffled corpus' condition?,,arxiv,['cs.cl'],scigraphqa,1802.00768,https://arxiv.org/pdf/1802.00768v1
466b1ec6acf125fb4a1e0da1c57ae61b,"a,c","a,c",466b1ec6acf125fb4a1e0da1c57ae61b,"b,c","b,c",1505.08149v3-figure4-9-1.png,1505.08149v3-figure4-9-1,fig. 4-9. operator “very”,line chart,False,1,closed-ended finite answer set non-binary visual,the function represented by the green line is,,arxiv,['cs.cl'],scigraphqa,1505.08149,https://arxiv.org/pdf/1505.08149v3
60aecdf196544c308fb063d4287ced02,c,c,60aecdf196544c308fb063d4287ced02,b,b,1904.03670v2-figure3-1.png,1904.03670v2-figure3-1,figure 3: accuracy on the validation set over time for models trained on (a) the full slu dataset or (b) 10% of the dataset.,line chart,True,2,closed-ended finite answer set non-binary visual,which of the four lines in the graph on the right is highest?,,arxiv,['eess.as cs.cl cs.lg cs.sd'],scigraphqa,1904.03670,https://arxiv.org/pdf/1904.03670v2
f3ebe95fdacc6e293fa859d6845f8663,a,a,f3ebe95fdacc6e293fa859d6845f8663,"a,c,d","a,c,d",1703.05260v1-figure11-1.png,1703.05260v1-figure11-1,"figure 11: entropy over verb lemmas for events (left y-axis, h(x)) in the going on a train scenario. bars in the background indicate the absolute number of occurrence of instances (right yaxis, n(x)).","line chart,bar chart",False,1,closed-ended finite answer set non-binary visual,what color are the bars left of the green bars?,,arxiv,['cs.cl cs.ai'],scigraphqa,1703.05260,https://arxiv.org/pdf/1703.05260v1
6e84ddd58914ca21a44f33caa36f0990,b,b,6e84ddd58914ca21a44f33caa36f0990,c,c,1610.05540v1-figure3-1.png,1610.05540v1-figure3-1,figure 3: adaptation with in-domain data.,line chart,False,1,closed-ended finite answer set non-binary visual,what is the value of the blue line?,,arxiv,['cs.cl'],scigraphqa,1610.05540,https://arxiv.org/pdf/1610.05540v1
cab6ec3694e29ea3fc2fcdf1debc7b55,c,c,cab6ec3694e29ea3fc2fcdf1debc7b55,"c,d","c,d",2010.12794v1-figure7-1.png,2010.12794v1-figure7-1,"figure 7: hyper-parameter sensitivity in x-class. for t and p , we report the performance of x-class-align to explore their direct effects.",line chart,True,3,closed-ended finite answer set non-binary visual,which line represents the performance of the 'nyt-small' dataset?,,arxiv,['cs.cl cs.ir cs.lg'],scigraphqa,2010.12794,https://arxiv.org/pdf/2010.12794v1
abd12ce9151f6f9682f9dbc40db90e5b,a,a,abd12ce9151f6f9682f9dbc40db90e5b,"c,d","c,d",1803.09551v1-figure10-1.png,1803.09551v1-figure10-1,fig. 10. predictive performance of mr3++ by varying hyperparameters. left: varying λrel and λrev by fixing f = 10; rmse is 1.0139 when both are zero; percent of training is 80%. right: varying f by fixing λrel = 0.001 and λrev = 0.005. dataset: ciao.,line chart,True,2,closed-ended finite answer set non-binary visual,"which lines represent models that have had the highest and lowest training percentages, respectively?",,arxiv,['cs.ir cs.ai cs.cl cs.lg'],scigraphqa,1803.09551,https://arxiv.org/pdf/1803.09551v1
d8f60ffac1b336cc2d958a569677b344,"b,a","b,a",d8f60ffac1b336cc2d958a569677b344,d,d,2011.09289v1-figure4.7-1.png,2011.09289v1-figure4.7-1,figure 4.7. processing speed graph of nslt with 3d-cnn and 2d-cnn.,line chart,False,1,closed-ended finite answer set non-binary visual,where in the figure is the legend located?,,arxiv,['cs.cl'],scigraphqa,2011.09289,https://arxiv.org/pdf/2011.09289v1
457e00458cc1c6e3a22d4b9143ad49aa,d,d,457e00458cc1c6e3a22d4b9143ad49aa,"a,c","a,c",1911.01098v1-figure4.5-1.png,1911.01098v1-figure4.5-1,figure 4.5: learning curves of different languages for speakers in both games. numbers in the parentheses are length of messages in a language.,line chart,True,3,closed-ended finite answer set non-binary visual,which of the lines in the middle panel have the lowest final value?,,arxiv,['cs.cl'],scigraphqa,1911.01098,https://arxiv.org/pdf/1911.01098v1
34462f4deef83bc230126dbc504cd101,a,a,34462f4deef83bc230126dbc504cd101,b,b,2009.14722v1-figure2-1.png,2009.14722v1-figure2-1,figure 2: comparison of pr curves between our proposed model and baselines on the nyt dataset,line chart,False,1,closed-ended finite answer set non-binary visual,in which corner of the graph is the legend?,,arxiv,['cs.cl cs.lg'],scigraphqa,2009.14722,https://arxiv.org/pdf/2009.14722v1
ae660852b4f81773a8b13f4fcf34207c,b,b,ae660852b4f81773a8b13f4fcf34207c,d,d,1209.4277v2-figure8-1.png,1209.4277v2-figure8-1,"fig. 8. micro and macro mutation rates according to the sub-family total number of mentions, along with their fitted model. ρm (n) = 0.225n−0.763 and ρµ(n) = 0.057n−0.739. the figure is obtained by creating 15 equally populated quantiles and averaging the mutation rate values corresponding to each quantile. error bars stand for confidence interval (5%).",line chart,False,1,closed-ended finite answer set non-binary visual,where in the graph frame is the legend located?,,arxiv,['cs.cy cs.cl cs.si physics.soc-ph'],scigraphqa,1209.4277,https://arxiv.org/pdf/1209.4277v2
c582fa1b14b4a3fed0449daae4748b5f,d,d,c582fa1b14b4a3fed0449daae4748b5f,c,c,1708.08572v1-figure3-1.png,1708.08572v1-figure3-1,figure 3: interannotator agreement for sarcasm trigrams,line chart,False,1,closed-ended finite answer set non-binary visual,what is the approximate number of annotators where the blue line crosses the the horizontal line intersecting the y-axis at 0.4?,,arxiv,['cs.cl'],scigraphqa,1708.08572,https://arxiv.org/pdf/1708.08572v1
4a84fc95c0376e6b4ca886e6873c4b8f,d,d,4a84fc95c0376e6b4ca886e6873c4b8f,b,b,1906.02564v1-figure6-1.png,1906.02564v1-figure6-1,figure 6: training time (in minutes) for each adjustment using different methods and bundle sizes in med.,line chart,False,1,closed-ended finite answer set non-binary visual,which lines represent training time for bundle size 50?,,arxiv,['cs.cl cs.ai'],scigraphqa,1906.02564,https://arxiv.org/pdf/1906.02564v1
47db000a99cbb7ac719d94eb62de5990,d,d,47db000a99cbb7ac719d94eb62de5990,"a,b","a,b",2004.04070v2-figure4-1.png,2004.04070v2-figure4-1,"figure 4: monolingual “control” experiments when aligning (a) a partially trained en vector space (after m updates, that is, seen word tokens) to a fully trained vector space, and (b) an en vector space fully trained on wikipedia of different sizes (number of sentences). we show rsim scores, mapping performance (i.e., monolingual “bli”) on hfreq and lfreq en words, and monolingual word similarity scores on simverb-3500.",line chart,True,2,closed-ended finite answer set non-binary visual,which line in figure 4(a) represents the performance on high-frequency words?,,arxiv,['cs.cl'],scigraphqa,2004.04070,https://arxiv.org/pdf/2004.04070v2
931b7ae0a4c0c3156c328ea45ec5712c,a,a,931b7ae0a4c0c3156c328ea45ec5712c,"a,b","a,b",1807.10311v1-figure2-1.png,1807.10311v1-figure2-1,"figure 2: growth of the english, german and dutch spoken wikipedia resources over time. english and german both grow with about 33h of additional audio per year.",line chart,False,1,closed-ended finite answer set non-binary visual,which color is the highest line in 2017?,,arxiv,['cs.cl'],scigraphqa,1807.10311,https://arxiv.org/pdf/1807.10311v1
532c6ffec2c7d0780722cfaa331be34e,c,c,532c6ffec2c7d0780722cfaa331be34e,"b,c,d","b,c,d",1912.12068v1-figure3-1.png,1912.12068v1-figure3-1,"figure 3: performance of our model with transitive extensions of order k = 1,k = 2,k = 3, and k = ∗ on semeval dataset; (a) learned features, (b) learned + linguistic features",line chart,True,2,closed-ended finite answer set non-binary visual,"what shape are the markers of the line representing p2, p3, np1?",,arxiv,['cs.cl'],scigraphqa,1912.12068,https://arxiv.org/pdf/1912.12068v1
90661743f49c2d58aaeb86f6effd7dcc,a,a,90661743f49c2d58aaeb86f6effd7dcc,"a,b,c,d","a,b,c,d",1808.09479v1-figure3-1.png,1808.09479v1-figure3-1,"figure 3: effect of increasing number of factors on r2 of residualized factor adaptation (rfa), factor adaptation (fa) and residualized controls (rc) for heart disease outcome. factors are obtained through recursive feature elimination (rfe) or pca. left plot is with original factors, and right plot is with interaction factors (the product from pairing factors).",line chart,True,2,closed-ended finite answer set non-binary visual,where is the legend located?,,arxiv,['cs.cl'],scigraphqa,1808.09479,https://arxiv.org/pdf/1808.09479v1
7c2a9e0c16100a34e98c16dcfd7b6ec5,a,a,7c2a9e0c16100a34e98c16dcfd7b6ec5,"a,b","a,b",1902.07282v1-figure5-1.png,1902.07282v1-figure5-1,figure 5: test bleu score of various sentence lengths,line chart,False,1,closed-ended finite answer set non-binary visual,what pattern and color are the grid lines of the graph of figure 5?,,arxiv,['cs.cl cs.ai'],scigraphqa,1902.07282,https://arxiv.org/pdf/1902.07282v1
277816a92ba4a8ef653abd3fabee47f0,"a,b","a,b",277816a92ba4a8ef653abd3fabee47f0,d,d,1906.10910v2-figure1-1.png,1906.10910v2-figure1-1,figure 1: changes in the number of users and questions.,line chart,False,1,closed-ended finite answer set non-binary visual,which of the following months has the largest difference between the red and blue lines?,,arxiv,['cs.lg cs.cl stat.ml'],scigraphqa,1906.10910,https://arxiv.org/pdf/1906.10910v2
b52f51864a9ef64079cb89100b5cd1cc,"c,a,b","c,a,b",b52f51864a9ef64079cb89100b5cd1cc,"c,d","c,d",1810.08641v1-figure5-1.png,1810.08641v1-figure5-1,"figure 5: f1 of rare words appearing 1, 2, 5×",line chart,False,1,closed-ended finite answer set non-binary visual,which of the lines in the figure are dotted?,,arxiv,['cs.cl'],scigraphqa,1810.08641,https://arxiv.org/pdf/1810.08641v1
60b7d3fa11efc9c10df35a4129bda5d0,a,a,60b7d3fa11efc9c10df35a4129bda5d0,b,b,1309.1501v3-figure1-1.png,1309.1501v3-figure1-1,fig. 1. held-out loss with dropout techniques,line chart,False,1,closed-ended finite answer set non-binary visual,which corner of the plot is the legend?,,arxiv,['cs.lg cs.cl cs.ne math.oc stat.ml'],scigraphqa,1309.1501,https://arxiv.org/pdf/1309.1501v3
b76785befe781d843000ddb08bd07036,d,d,b76785befe781d843000ddb08bd07036,a,a,1610.00072v1-figure2-1.png,1610.00072v1-figure2-1,figure 2: bleu vs. vocabulary size for different selection strategies.,line chart,False,1,closed-ended finite answer set non-binary visual,which color line has the highest value at approximately 3000 on the x-axis?,,arxiv,['cs.cl'],scigraphqa,1610.00072,https://arxiv.org/pdf/1610.00072v1
f7317a38ece65c7d1161d0dc52c8726d,a,a,f7317a38ece65c7d1161d0dc52c8726d,b,b,2009.00914v1-figure3-1.png,2009.00914v1-figure3-1,figure 3: retriever and ranker recall. the x-axis is logscale.,line chart,False,1,closed-ended finite answer set non-binary visual,which color line has the steepest increase in values?,,arxiv,['cs.cl cs.ai'],scigraphqa,2009.00914,https://arxiv.org/pdf/2009.00914v1
62292e88dff2b694b51f5d5ab3009a9d,a,a,62292e88dff2b694b51f5d5ab3009a9d,"a,b","a,b",1810.02100v1-figure4.7-1.png,1810.02100v1-figure4.7-1,figure 4.7: the comparison between the self-training approach and the baseline on different number of tokens per sentence.,line chart,True,2,closed-ended finite answer set non-binary visual,which line represents the percentage of sentences where the self-training approach resulted in an improvement over the baseline?,,arxiv,['cs.cl'],scigraphqa,1810.02100,https://arxiv.org/pdf/1810.02100v1
851def8bf7d20ea964c7a42e013008ac,a,a,851def8bf7d20ea964c7a42e013008ac,d,d,1002.0773v1-figure7-1.png,1002.0773v1-figure7-1,"figure 7: mmi criterion on the training data during 100 iterations of extended baum-welch with lattice regeneration. the x-axis gives the extended baum-welch iteration, with x=0 being the mle.",line chart,False,1,closed-ended finite answer set non-binary visual,which line is decreasing in the first 10 iterations?,,arxiv,['cs.cl'],scigraphqa,1002.0773,https://arxiv.org/pdf/1002.0773v1
0477f32a0d7480335d199d017fb709af,d,d,0477f32a0d7480335d199d017fb709af,b,b,2002.11296v1-figure4-1.png,2002.11296v1-figure4-1,figure 4. effect of sorting iterations k on perplexity scores (lm1b).,line chart,False,1,closed-ended finite answer set non-binary visual,at what number of sort iterations does the red line reach a local peak?,,arxiv,['cs.lg cs.cl'],scigraphqa,2002.11296,https://arxiv.org/pdf/2002.11296v1
70f8f3727ebb87fd89bf926d2f74dee8,a,a,70f8f3727ebb87fd89bf926d2f74dee8,b,b,1002.0773v1-figure13-1.png,1002.0773v1-figure13-1,figure 13: densities of the scaled standard deviations before (blue) and after (black) 100 iterations of extended baum-welch.,line chart,False,1,closed-ended finite answer set non-binary visual,which line is more symmetrical?,,arxiv,['cs.cl'],scigraphqa,1002.0773,https://arxiv.org/pdf/1002.0773v1
594d7464b96242615b8d86067913ea54,"a,b,c,d","a,b,c,d",594d7464b96242615b8d86067913ea54,none,none,c00-1054.pdf-figure9.png,c00-1054.pdf-figure9,figure 9: projection of output tape of gestlang transducer,graph,False,1,closed-ended finite answer set non-binary visual,which of the following is the label of a straight arrow?,,acl,nan,aclfig,c00-1054,https://aclanthology.org/c00-1054.pdf
1daaaa798064165eaecd08e7322e8aeb,c,c,1daaaa798064165eaecd08e7322e8aeb,"a,b,c,d","a,b,c,d",2020.acl-main.343.pdf-figure4.png,2020.acl-main.343.pdf-figure4,"figure 4: visualization in unimodal representations. in each subfigure, red, green, and blue points represent the unimodal representations in text, audio, and video, respectively. the first row shows the learned representations from models with the multimodal task only. the second row shows the learned representations from multi-task models. the two subgraphs in the same column contrast each other",scatter plot,True,6,closed-ended finite answer set non-binary visual,in which plot do all three color points form u shapes?,,acl,nan,aclfig,2020.acl-main.343,https://aclanthology.org/2020.acl-main.343.pdf
93ab89b88dc6cf747230d5841cae3c22,d,d,93ab89b88dc6cf747230d5841cae3c22,"a,d","a,d",2020.acl-main.333.pdf-figure3.png,2020.acl-main.333.pdf-figure3,"figure 3: correlation between n-gram entropy and human ratings on the baseline dataset, ws dataset and ctg dataset.",scatter plot,True,9,closed-ended finite answer set non-binary visual,which of the following plots has a red line which intersect the left side of the frame at the lowest y value (at the beginning of its corresponding x range)?,,acl,nan,aclfig,2020.acl-main.333,https://aclanthology.org/2020.acl-main.333.pdf
afcc87a844e9f630ca22da8e6445e081,b,b,afcc87a844e9f630ca22da8e6445e081,"b,c","b,c",n18-1121.pdf-figure3.png,n18-1121.pdf-figure3,figure 3: illustration of our proposed model. the context network is a differentiable network that computes context vector ct for word xt taking the whole sequence as input.  represents the operation that combines original word embedding xt with corresponding context vector ct to form context-aware word embeddings.,neural networks,False,1,closed-ended finite answer set non-binary visual,"which of the following arrows show the flow of information from the ""context network"" to the word embeddings?",,acl,nan,aclfig,n18-1121,https://aclanthology.org/n18-1121.pdf
a3a8d24f6f3434110741a2b991c55c62,"a,c","a,c",a3a8d24f6f3434110741a2b991c55c62,c,c,w12-4701.pdf-figure8.png,w12-4701.pdf-figure8,figure 8: samanakalkatvam,tree,False,1,closed-ended finite answer set non-binary visual,which of the following colors are used in figure 8?,,acl,nan,aclfig,w12-4701,https://aclanthology.org/w12-4701.pdf
5542aa2e3214cd7e62f2b0eb382a0757,"b,c","b,c",5542aa2e3214cd7e62f2b0eb382a0757,d,d,w12-4627.pdf-figure1.png,w12-4627.pdf-figure1,figure 1: tree set for some fundraiser,tree,False,1,closed-ended finite answer set non-binary visual,which of the following labels appear directly below the lower 't' label with a '2' in the box?,,acl,nan,aclfig,w12-4627,https://aclanthology.org/w12-4627.pdf
cb4158bcd79ae612ba68ef520df85238,a,a,cb4158bcd79ae612ba68ef520df85238,d,d,y15-2011.pdf-figure2.png,y15-2011.pdf-figure2,figure 2. realignment from finer-grained to coarser-grained,graph,False,1,closed-ended finite answer set non-binary visual,what connects the mongolian words to chinese characters?,,acl,nan,aclfig,y15-2011,https://aclanthology.org/y15-2011.pdf
3873b26511ea04bae76186dc011fb5c4,a,a,3873b26511ea04bae76186dc011fb5c4,d,d,y15-2010.pdf-figure5.png,y15-2010.pdf-figure5,figure 5: this is an example of a different expression where again the solid line is the correct parse and the dashed line is the wrong parse caused by dm.,tree,False,1,closed-ended finite answer set non-binary visual,at how many points do black lines cross each other in figure 5?,,acl,nan,aclfig,y15-2010,https://aclanthology.org/y15-2010.pdf
b8a326b5fd82add20107c90c7d9212e8,a,a,b8a326b5fd82add20107c90c7d9212e8,c,c,2020.acl-demos.29.pdf-figure2.png,2020.acl-demos.29.pdf-figure2,"figure 2: the main editor window, showing a story with start node a. the node b is selected, and so its details appear in the inspector on the right. note that its display name is distinct from the richer game text (c). the results of using the node tester on the potential input battle the beast are shown in (d). they demonstrate that this utterance would cause a transition to node e, an autoadvance node that would immediately transition to one of two end states depending on the players previous choices.",graph,False,1,closed-ended finite answer set non-binary visual,what is the color of the square labeled e?,,acl,nan,aclfig,2020.acl-demos.29,https://aclanthology.org/2020.acl-demos.29.pdf
9e1cd0efae49f56652cfe043f32cfef2,a,a,9e1cd0efae49f56652cfe043f32cfef2,"c,d","c,d",w03-2002.pdf-figure6.png,w03-2002.pdf-figure6,"figure 6: comparison between a 11x11 use viewpoint thematic map and a 16x16 use viewpoint thematic map through map extracts: the 11x11 map extract is presented at the left, the 16x16 map extract is presented at the right. on the figure, the focus is given machine oil topic. the comparison highlights, as an example, that the logical surrounding of this topic is more precisely defined in the 16x16 map (optimal quality) than in the 11x11 map (lower quality). moreover, in the 11x11 map, the topic machine oil has been derived in a more fuzzy scope topic named machine and vehicles.",other,True,2,closed-ended finite answer set non-binary visual,what is the topic placed at the bottom right corner of the image?,,acl,nan,aclfig,w03-2002,https://aclanthology.org/w03-2002.pdf
fc7a1271780754aede855547bd9aa2eb,c,c,fc7a1271780754aede855547bd9aa2eb,b,b,2020.acl-main.219.pdf-figure4.png,2020.acl-main.219.pdf-figure4,"figure 4: human evaluations on image-chat. engagingness win rates of pairwise comparisons between human utterances and transresnetret (resnet152 or resnext-ig-3.5b) or transresnetgen , comparing over the rounds of dialogue.",bar chart,False,1,closed-ended finite answer set non-binary visual,which color does not appear left of the black vertical line separating the bar chart into two sections?,,acl,nan,aclfig,2020.acl-main.219,https://aclanthology.org/2020.acl-main.219.pdf
88cb4d9bba5c1c31d0e09f6fddb26067,c,c,88cb4d9bba5c1c31d0e09f6fddb26067,"a,b,c","a,b,c",w16-2921.pdf-figure2.png,w16-2921.pdf-figure2,figure 2: number of sentences annotated by different annotators in the testing dataset.,venn diagram,False,1,closed-ended finite answer set non-binary visual,which annotator's label is located at the very bottom center of the image?,,acl,nan,aclfig,w16-2921,https://aclanthology.org/w16-2921.pdf
