instance_id,answer_pred_bespoke,answer_pred_str_bespoke,id,answer_pred_qwen,answer_pred_str_qwen,image_file,figure_id,caption,figure_type,compound,figs_numb,qa_pair_type,question,answer_options,venue,categories,source_dataset,paper_id,pdf_url
3cf8604eff230ce0530582a2203a5d53,b,b,3cf8604eff230ce0530582a2203a5d53,a,a,2020.lrec-1.628.pdf-figure2.png,2020.lrec-1.628.pdf-figure2,figure 2: distribution of votes in the final version of the corpus. the numbers 1 to 5 are the different scores the annotators could assign to the humorous tweets.,pie chart,False,1,closed-ended finite answer set non-binary non-visual,which score was given most often by annotators?,,acl,nan,aclfig,2020.lrec-1.628,https://aclanthology.org/2020.lrec-1.628.pdf
55b03b0f9408194955db99a4b565c13c,"b,c","b,c",55b03b0f9408194955db99a4b565c13c,"b,c,d","b,c,d",1507.02140v1-figure2-1.png,1507.02140v1-figure2-1,figure 2. impact of the threshold on the classification results,line chart,True,3,closed-ended finite answer set non-binary non-visual,which of the following classification performance metrics decreases as the threshold increases?,,arxiv,['cs.dl cs.cl cs.ir'],scigraphqa,1507.02140,https://arxiv.org/pdf/1507.02140v1
8daff804c1622107a601f3bd8d9bbb04,b,b,8daff804c1622107a601f3bd8d9bbb04,m,m,2001.01863v7-figure24-1.png,2001.01863v7-figure24-1,figure 24. training time comparison across the ml algorithms and the feature selection methods.,line chart,True,5,closed-ended finite answer set non-binary non-visual,which ml algorithm has the highest training time when the number of selected features is 100?,,arxiv,['cs.cl'],scigraphqa,2001.01863,https://arxiv.org/pdf/2001.01863v7
108a4ae5f38903034c2cd83c1b2d3829,"a,b","a,b",108a4ae5f38903034c2cd83c1b2d3829,a,a,1709.09373v1-figure6-1.png,1709.09373v1-figure6-1,figure 6: mi and si - 25 topics 10 years window size,line chart,True,2,closed-ended finite answer set non-binary non-visual,which of the following date ranges has the highest value for both the 'merging index' and 'splitting index'?,,arxiv,['cs.cl econ.gn q-fin.ec'],scigraphqa,1709.09373,https://arxiv.org/pdf/1709.09373v1
9aed060a52c9e039f9fb654062a84bfe,d,d,9aed060a52c9e039f9fb654062a84bfe,"a,b,c,d","a,b,c,d",2002.11848v1-figure7-1.png,2002.11848v1-figure7-1,figure 7: diverse beam search. curve colors correspond to results with decoding an xe-trained model with different temperatures; each curve tracks varying λ in dbs.,line chart,True,2,closed-ended finite answer set non-binary non-visual,what is the range of the values for self-cider?,,arxiv,['cs.cl cs.cv'],scigraphqa,2002.11848,https://arxiv.org/pdf/2002.11848v1
f2affa895e48299aa801e8c89b6d6849,a,a,f2affa895e48299aa801e8c89b6d6849,"a,a","a,a",1911.07013v1-figure2-1.png,1911.07013v1-figure2-1,figure 2: convergence curves of layernorm-simple and detachnorm on two translation datasets.,line chart,True,2,closed-ended finite answer set non-binary non-visual,which language pairs are shown in figure 2?,,arxiv,['cs.lg cs.cl stat.ml'],scigraphqa,1911.07013,https://arxiv.org/pdf/1911.07013v1
6b104880ab7da66703a9fc0d5020356b,d,d,6b104880ab7da66703a9fc0d5020356b,a,a,2006.09174v1-figure1-1.png,2006.09174v1-figure1-1,"fig. 1. the micro f-measure achieved by systems across different years of the bioasq challenge. for each test set the micro f-measure is presented for the best performing system (top) and the mti, as well as the average micro f-measure of all the participating systems (avg).",line chart,True,7,closed-ended finite answer set non-binary non-visual,which of the following bioasq test sets had the lowest average micro f-measure?,,arxiv,['cs.cl cs.ir cs.lg'],scigraphqa,2006.09174,https://arxiv.org/pdf/2006.09174v1
643b67f9e03e1516c03a6065d8b2c548,"b,d","b,d",643b67f9e03e1516c03a6065d8b2c548,b,b,2002.01065v2-figure2-1.png,2002.01065v2-figure2-1,fig. 2. prior (left) and posterior (right) distribution of a synthetic causal relation. the new knowledge that we want to validate is represented by the figure of the center. this relation is rejected due to the fact that it is very different from the learned knowledge.,line chart,True,3,closed-ended finite answer set non-binary non-visual,what is the range of the values for casual probability?,,arxiv,['cs.ai cs.cl'],scigraphqa,2002.01065,https://arxiv.org/pdf/2002.01065v2
3d59c2df5258080f0454408237f035b5,"a,b,c,d","a,b,c,d",3d59c2df5258080f0454408237f035b5,d,d,2004.06188v4-figure5-1.png,2004.06188v4-figure5-1,"figure 5: mean anger, fear, sadness, and joy by grade and gender, as well as model-implied trends.",line chart,True,4,closed-ended finite answer set non-binary non-visual,which of the following emotions show a trend where mean values increase with grade for males?,,arxiv,['cs.cl'],scigraphqa,2004.06188,https://arxiv.org/pdf/2004.06188v4
41071d7d507a682fb97dcb206d8480cc,c,c,41071d7d507a682fb97dcb206d8480cc,"b,c","b,c",1504.07225v3-figure6-1.png,1504.07225v3-figure6-1,figure 6: cross-lingual classification accuracy results for de→ en,line chart,False,1,closed-ended finite answer set non-binary non-visual,which of the following methods consistently achieve an accuracy of over 70% in the cross-lingual classification task?,,arxiv,['cs.cl cs.lg cs.ne stat.ml'],scigraphqa,1504.07225,https://arxiv.org/pdf/1504.07225v3
d6f6e78473fbcc8367763818c8cf141b,c,c,d6f6e78473fbcc8367763818c8cf141b,"b,c","b,c",2005.10213v1-figure1-1.png,2005.10213v1-figure1-1,figure 1: development set accuracy for 5 languages on morphological inflection with different batch sizes. we evince our two primary contributions: (1) we set the new state of the art morphological inflection using the transformer and (2) we demonstrate the transformer’s dependence on the batch size.,line chart,False,1,closed-ended finite answer set non-binary non-visual,which of the following models achieves the highest accuracy on morphological inflection?,,arxiv,['cs.cl'],scigraphqa,2005.10213,https://arxiv.org/pdf/2005.10213v1
55252c4d011a8c359e5f0b3a66b71f9f,a,a,55252c4d011a8c359e5f0b3a66b71f9f,b,b,1805.01070v2-figure1-1.png,1805.01070v2-figure1-1,"figure 1: probing task scores after each training epoch, for nmt and skipthought. we also report training score evolution: bleu for nmt; perplexity (ppl) for skipthought.",line chart,True,4,closed-ended finite answer set non-binary non-visual,"in 'skipthrough - bilstm-max' plot, which is the number of epoch where 'bleu (or ppl)' reaches 100?",,arxiv,['cs.cl'],scigraphqa,1805.01070,https://arxiv.org/pdf/1805.01070v2
c3a45761e299f1a6bd6eaaf6232c9e24,c,c,c3a45761e299f1a6bd6eaaf6232c9e24,"b,c","b,c",1904.13258v1-figure1-1.png,1904.13258v1-figure1-1,fig. 1. the nist stt benchmark test history - may’09 [7],line chart,False,1,closed-ended finite answer set non-binary non-visual,what is the range of the years presented in x-axis?,,arxiv,['cs.cl cs.sd eess.as'],scigraphqa,1904.13258,https://arxiv.org/pdf/1904.13258v1
86861e2f5c07d33951f377d2fb818bf9,a,a,86861e2f5c07d33951f377d2fb818bf9,"a,d","a,d",1910.08534v1-figure15-1.png,1910.08534v1-figure15-1,"figure 15: similarity comparison vs. type-token ratio. the higher the type-token ratio, the more similar the important features are. the positive correlation becomes stronger as k grows. in some cases, e.g., lime method on deception dataset, correlation becomes weaker as k grows.",line chart,True,6,closed-ended finite answer set non-binary non-visual,what are the names of the six subplots?,,arxiv,['cs.cl cs.cy cs.hc cs.lg'],scigraphqa,1910.08534,https://arxiv.org/pdf/1910.08534v1
ae815dde97f9aa59cee3790145e8fef6,b,b,ae815dde97f9aa59cee3790145e8fef6,"b,c,d","b,c,d",1612.08083v3-figure3-1.png,1612.08083v3-figure3-1,figure 3. learning curves on wikitext-103 (left) and google billion word (right) for models with different activation mechanisms. models with gated linear units (glu) converge faster and to a lower perplexity.,line chart,True,2,closed-ended finite answer set non-binary non-visual,"in google billion word plot, which activation mechanism shows the highest perplexity at 100 hours?",,arxiv,['cs.cl'],scigraphqa,1612.08083,https://arxiv.org/pdf/1612.08083v3
5bb401d02a55a587c1821c41834594dd,c,c,5bb401d02a55a587c1821c41834594dd,"a,c","a,c",2005.00048v1-figure4-1.png,2005.00048v1-figure4-1,figure 4: training & validation performance,line chart,False,1,closed-ended finite answer set non-binary non-visual,what is the range of the loss values presented in the y-axis?,,arxiv,['cs.cl cs.lg'],scigraphqa,2005.00048,https://arxiv.org/pdf/2005.00048v1
39ea9367f134e84cda1e7013c8b8faee,d,d,39ea9367f134e84cda1e7013c8b8faee,"a,c","a,c",1609.06686v1-figure2-1.png,1609.06686v1-figure2-1,figure 2: f1 scores on emails dataset figure 3: f1 scores on blogs dataset,line chart,True,2,closed-ended finite answer set non-binary non-visual,which two methods have a f1 score of approximately 41 between 400 and 600 authors?,,arxiv,['cs.cl cs.lg'],scigraphqa,1609.06686,https://arxiv.org/pdf/1609.06686v1
5272f9832fa10609f402cfe10924ce89,c,c,5272f9832fa10609f402cfe10924ce89,"b,c","b,c",1702.06216v2-figure1-1.png,1702.06216v2-figure1-1,"fig. 1. training curves, stopping points, and mean stopping point for the random models",line chart,False,1,closed-ended finite answer set non-binary non-visual,what is the f1-score of all lines a training data size = 1?,,arxiv,['cs.cl cs.ir cs.lg stat.ml'],scigraphqa,1702.06216,https://arxiv.org/pdf/1702.06216v2
ca710c2f4b991d46a155562150bb7f56,d,d,ca710c2f4b991d46a155562150bb7f56,"a,c,d","a,c,d",1704.07050v2-figure3-1.png,1704.07050v2-figure3-1,figure 3: precision-recall curves for spanish-english. baseline denotes state of the art performance.,line chart,False,1,closed-ended finite answer set non-binary non-visual,which of the following is/are methods represented in the graph?,,arxiv,['cs.cl cs.lg stat.ml'],scigraphqa,1704.07050,https://arxiv.org/pdf/1704.07050v2
0de9b8454d76c8807d6e57771230fe6d,a,a,0de9b8454d76c8807d6e57771230fe6d,"a,b,c,d","a,b,c,d",1912.02114v1-figure7-1.png,1912.02114v1-figure7-1,figure 7: index size for varying vertices and keywords,line chart,True,2,closed-ended finite answer set non-binary non-visual,what is the range of the size values in the vertices plot?,,arxiv,['cs.si cs.cl'],scigraphqa,1912.02114,https://arxiv.org/pdf/1912.02114v1
76663426848ccb8731b63dc4483f10b2,d,d,76663426848ccb8731b63dc4483f10b2,"b,c","b,c",1704.02565v2-figure17-1.png,1704.02565v2-figure17-1,"figure 17: english question-answer interview sequence extracted from aix-marsec corpus, item j0104g (male voices).",line chart,True,3,closed-ended finite answer set non-binary non-visual,"in the plot ""english_j0104g-argentina, tier ""syllables"""" what is the maximum value presented in the x-axis?",,arxiv,['cs.cl'],scigraphqa,1704.02565,https://arxiv.org/pdf/1704.02565v2
86bff8bf91845ce5d58abb6323467d10,"a,b,c","a,b,c",86bff8bf91845ce5d58abb6323467d10,"a,b,c,d","a,b,c,d",d18-1152.pdf-figure3.png,d18-1152.pdf-figure3,figure 3: wfsa d1 discussed in 4.3. two initial states q1 and q4 are used here.,graph,False,1,closed-ended finite answer set non-binary non-visual,which states have a loop arrow directed to themselves?,,acl,nan,aclfig,d18-1152,https://aclanthology.org/d18-1152.pdf
89f91c2ca70703dadee5b510a34ccfac,a,a,89f91c2ca70703dadee5b510a34ccfac,"a,b,c,d","a,b,c,d",w12-0203.pdf-figure4.png,w12-0203.pdf-figure4,figure 4: screencap of motion chart for collision,scatter plot,False,1,closed-ended finite answer set non-binary non-visual,what is the range of the values presented in x-axis?,,acl,nan,aclfig,w12-0203,https://aclanthology.org/w12-0203.pdf
612467c170efbd669e712126156bc530,"a,b,c","a,b,c",612467c170efbd669e712126156bc530,c,c,2020.acl-main.97.pdf-figure2.png,2020.acl-main.97.pdf-figure2,"figure 2: overview of dte. dte consists of two parts: tree comment network (the left) and decision tree model (the right), which is used to evaluate the credibility of each node in the tree comment network for discovering evidence.",tree,True,2,closed-ended finite answer set non-binary non-visual,what is the label of the nodes directly connected to root node c in the tree comments figure?,,acl,nan,aclfig,2020.acl-main.97,https://aclanthology.org/2020.acl-main.97.pdf
89005dde1655244a861d1432e9d3f66d,a,a,89005dde1655244a861d1432e9d3f66d,c,c,w12-4701.pdf-figure6.png,w12-4701.pdf-figure6,figure 6: purvakalkatvam,tree,False,1,closed-ended finite answer set non-binary non-visual,what is/are the role/s of words karta and karma?,,acl,nan,aclfig,w12-4701,https://aclanthology.org/w12-4701.pdf
1acaac39b309e27691481db89f7cfc1d,"a,a,d","a,a,d",1acaac39b309e27691481db89f7cfc1d,"a,b,c,d","a,b,c,d",c00-2092.pdf-figure4.png,c00-2092.pdf-figure4,figure 4: example of a linked tree pair in verbmobil,tree,False,1,closed-ended finite answer set non-binary non-visual,which of the following grammatical components are present in both of the linked tree pairs shown in verbmobil?,,acl,nan,aclfig,c00-2092,https://aclanthology.org/c00-2092.pdf
4b0abc30867ce8a6a1af9c7f27a612db,a,a,4b0abc30867ce8a6a1af9c7f27a612db,"a,d","a,d",2020.acl-main.67.pdf-figure2.png,2020.acl-main.67.pdf-figure2,figure 2: neighborhood information in different orders.,graph,False,1,closed-ended finite answer set non-binary non-visual,which are two labels present in the figure?,,acl,nan,aclfig,2020.acl-main.67,https://aclanthology.org/2020.acl-main.67.pdf
af10950eed98bc9ae0f801dfd02acd1c,a,a,af10950eed98bc9ae0f801dfd02acd1c,"a,b,c,d","a,b,c,d",1611.02590v2-figure4-1.png,1611.02590v2-figure4-1,"figure 4: significant differences for resolving tweets in claims validated as true vs false. in verified claims, resolving tweets show higher certainty cue (crt) related values than non-resolving tweets. in falsified claims, resolving tweets show higher doubt cue (dcr) related values than non-resolving tweets.",box plot,True,7,closed-ended finite answer set non-binary non-visual,which of the following certainty cue (crt) related values are higher in resolving tweets than non-resolving tweets in verified claims?,,arxiv,['cs.cl'],scigraphqa,1611.02590,https://arxiv.org/pdf/1611.02590v2
6019ef8c549ae66f1f762593eec700a2,a,a,6019ef8c549ae66f1f762593eec700a2,"a,c","a,c",w16-2206.pdf-figure4.png,w16-2206.pdf-figure4,figure 4: a translation example produced by our system. the shown german sentence is preordered.,confusion matrix,False,1,closed-ended finite answer set non-binary non-visual,which are two punctuation marks present in the x-axis?,,acl,nan,aclfig,w16-2206,https://aclanthology.org/w16-2206.pdf
2e0c27174026d9d76291bea67d46346d,"a,b,c,d","a,b,c,d",2e0c27174026d9d76291bea67d46346d,"a,c,d","a,c,d",w16-2302.pdf-figure5.png,w16-2302.pdf-figure5,figure 5: english-to-german (en-de) system-level metric significance test results; a green cell corresponds to a significant increase in correlation for the metric in a given row over the metric in a given column according to williams test; rr = standard wmt relative ranking.,confusion matrix,True,2,closed-ended finite answer set non-binary non-visual,"according to the figure, for which of the following en-de metrics was there a significant increase in correlation in the ittest2016 dataset compared to the newstest2016 dataset?",,acl,nan,aclfig,w16-2302,https://aclanthology.org/w16-2302.pdf
ac451a9a94ae98e4e2611940ac5ed04a,d,d,ac451a9a94ae98e4e2611940ac5ed04a,"b,c,d","b,c,d",w19-5211.pdf-figure16.png,w19-5211.pdf-figure16,figure 16: pos-based classification accuracy on states from the ende encoder.,confusion matrix,False,1,closed-ended finite answer set non-binary non-visual,which pos tag has the highest accuracy for all layers?,,acl,nan,aclfig,w19-5211,https://aclanthology.org/w19-5211.pdf
da70020b3f4e2a7d8a016fa7ccf522a6,a,a,da70020b3f4e2a7d8a016fa7ccf522a6,c,c,u15-1009.pdf-figure2.png,u15-1009.pdf-figure2,figure 2: motifs in 300-dimension lex plot of domestic violence report,confusion matrix,False,1,closed-ended finite answer set non-binary non-visual,what is the label of the y-axis?,,acl,nan,aclfig,u15-1009,https://aclanthology.org/u15-1009.pdf
126e971d76aa575dd5c499a9e4ca699c,"a,b,c","a,b,c",126e971d76aa575dd5c499a9e4ca699c,"b,c","b,c",2007.sigdial-1.12.pdf-figure7.png,2007.sigdial-1.12.pdf-figure7,figure 7. roc area for n*-best and other n-best methods (n* is represented as n=0),bar chart,False,1,closed-ended finite answer set non-binary non-visual,for which values of 'n' is the area under the roc curve (auc) less than zero?,,acl,nan,aclfig,2007.sigdial-1.12,https://aclanthology.org/2007.sigdial-1.12.pdf
eb54315ab152abfd63666a6a14d33a47,"b,c","b,c",eb54315ab152abfd63666a6a14d33a47,none,none,2019.ccnlg-1.1.pdf-figure13.png,2019.ccnlg-1.1.pdf-figure13,figure 13: unpredictability (surprise) scores for each game. error bars indicate one standard deviation.,bar chart,True,2,closed-ended finite answer set non-binary non-visual,which of the following game pairings has a mean difference value greater than 5?,,acl,nan,aclfig,2019.ccnlg-1.1,https://aclanthology.org/2019.ccnlg-1.1.pdf
3eccc2505f80650fb41eb4b3be6a3bbe,a,a,3eccc2505f80650fb41eb4b3be6a3bbe,b,b,2020.acl-main.597.pdf-figure1.png,2020.acl-main.597.pdf-figure1,"figure 1: the conditional entropies (h) and mutual information quantities (mi) of form (w ), meaning (v ), and declension class (c), given gender (g) in german and czech.",venn diagram,False,1,closed-ended finite answer set non-binary non-visual,"what is the value of mi(c;w,v|g) in czech?",,acl,nan,aclfig,2020.acl-main.597,https://aclanthology.org/2020.acl-main.597.pdf
0366992fc375af79f8ec5012c6aa576e,d,d,0366992fc375af79f8ec5012c6aa576e,c,c,2020.ngt-1.24.pdf-figure1.png,2020.ngt-1.24.pdf-figure1,figure 1: profiling of the throughput during inference on newstest2018 using a 35-6 model.,pie chart,False,1,closed-ended finite answer set non-binary non-visual,which of the following is not a component of the pie chart?,,acl,nan,aclfig,2020.ngt-1.24,https://aclanthology.org/2020.ngt-1.24.pdf
460eca0d87686c73959cb45ea0e95a17,b,b,460eca0d87686c73959cb45ea0e95a17,"b,c","b,c",2002.08307v2-figure1-1.png,2002.08307v2-figure1-1,"figure 1: (blue) the best glue dev accuracy and training losses for models pruned during pre-training, averaged over 5 tasks. also shown are models with information deletion during pre-training (orange), models pruned after downstream fine-tuning (green), and models pruned randomly during pre-training instead of by lowest magnitude (red). 30-40% of weights can be pruned using magnitude weight pruning without decreasing dowsntream accuracy. notice that information deletion fits the training data better than un-pruned models at all sparsity levels but does not fully recover evaluation accuracy. also, models pruned after downstream fine-tuning have the same or worse development accuracy, despite achieving lower training losses. note: none of the pruned models are overfitting because un-pruned models have the lowest training loss and the highest development accuracy. while the results for individual tasks are in table 1, each task does not vary much from the average trend, with an exception discussed in section 4.3.",line chart,True,2,closed-ended finite answer set non-binary non-visual,which pruning method achieves the lowest training loss at a prune percentage of 0.4?,,arxiv,['cs.cl'],scigraphqa,2002.08307,https://arxiv.org/pdf/2002.08307v2
18277ba099913f834e5423d500160a4b,d,d,18277ba099913f834e5423d500160a4b,"b,c,d","b,c,d",1701.08340v2-figure3-1.png,1701.08340v2-figure3-1,figure 3: effect of using different corpora in with different comparability degree,line chart,False,1,closed-ended finite answer set non-binary non-visual,which of the following combinations shows the highest accuracy for top-10 using speccorpus?,,arxiv,['cs.cl'],scigraphqa,1701.08340,https://arxiv.org/pdf/1701.08340v2
b19fdbcdc0f5c502b1c9db75cefe67a7,a,a,b19fdbcdc0f5c502b1c9db75cefe67a7,"a,c","a,c",1711.06004v1-figure7.4-1.png,1711.06004v1-figure7.4-1,"figure 7.4: comparison of lse (with window size n = 4) with latent vector space baselines (lsi, lda and word2vec; section 7.4.5) on home & kitchen, clothing, shoes & jewelry, pet supplies and sports & outdoors product search benchmarks (section 7.4.3) and evaluated on the test sets. significance (section 7.4.4) is computed between lse and the baselines for each vector space size.",line chart,True,4,closed-ended finite answer set non-binary non-visual,which of the product search benchmarks shows the highest value of lse when the entity space dimensionality is 128?,,arxiv,['cs.ir cs.ai cs.cl'],scigraphqa,1711.06004,https://arxiv.org/pdf/1711.06004v1
a924458245e34da0a43c51dfeeffb52b,"b,a","b,a",a924458245e34da0a43c51dfeeffb52b,"a,b,c,d","a,b,c,d",1609.04309v3-figure2-1.png,1609.04309v3-figure2-1,"figure 2. computational time for the two-clusters adaptive softmax on the bulgarian europarl data, as a function of the size of the head cluster kh. we report values predicted by our model (theoretical) as well as measured on a k40 (empirical). even with this very simple hierarchy, we observe more than 5× speedup over the full softmax. the red dotted line indicates the value of the parameter kh such that both clusters have equal probability: ph = pt = 0.5.","line chart,scatter plot",False,1,closed-ended finite answer set non-binary non-visual,which of the following is a type of computational time reported in figure 2?,,arxiv,['cs.cl cs.lg'],scigraphqa,1609.04309,https://arxiv.org/pdf/1609.04309v3
d428efba2b90e4ae1b5d50210286310c,d,d,d428efba2b90e4ae1b5d50210286310c,"b,c","b,c",1510.03820v4-figure4-1.png,1510.03820v4-figure4-1,figure 4: effect of the number of feature maps.,line chart,False,1,closed-ended finite answer set non-binary non-visual,which of the following methods have a value less than -2 at 10 feature maps?,,arxiv,['cs.cl cs.lg cs.ne'],scigraphqa,1510.03820,https://arxiv.org/pdf/1510.03820v4
850249aa9668023f24852ed42aa34306,"a,b","a,b",850249aa9668023f24852ed42aa34306,"b,c,d","b,c,d",2010.10907v1-figure5-1.png,2010.10907v1-figure5-1,"figure 5: results for random prefixes. for each generation step, the figure shows (a) contribution of source, (b) entropy of source contributions.",line chart,True,2,closed-ended finite answer set non-binary non-visual,which of the models have a source contribution entropy greater than 2.992 at target token position 15?,,arxiv,['cs.cl'],scigraphqa,2010.10907,https://arxiv.org/pdf/2010.10907v1
9d7092e8d78dd0f9d952512c9c69988a,"a,b,c","a,b,c",9d7092e8d78dd0f9d952512c9c69988a,b,b,2009.10355v1-figure3-1.png,2009.10355v1-figure3-1,figure 3: the comparison between 3 kinds of agent. comnet achieved performance close to the upper bound (hand-crafted) while there is still room for improvement for vanilla dqn.,line chart,True,9,closed-ended finite answer set non-binary non-visual,in which of the following task does the hand-crafted method have the highest value for cr+lap?,,arxiv,['cs.cl'],scigraphqa,2009.10355,https://arxiv.org/pdf/2009.10355v1
07ebd27be228c1a80b70c16fdd9ee053,"c,d","c,d",07ebd27be228c1a80b70c16fdd9ee053,"a,b,c,d","a,b,c,d",1605.04569v2-figure1-1.png,1605.04569v2-figure1-1,figure 1: performance with nplm over beam size on english-german news-test2015. a beam of 12 corresponds to row 15 in tab. 3.,line chart,False,1,closed-ended finite answer set non-binary non-visual,at which of the following beam sizes is the bleu score greater than 23.8?,,arxiv,['cs.cl'],scigraphqa,1605.04569,https://arxiv.org/pdf/1605.04569v2
73f5f54617d3ee3a7c33ef4b00257f26,"a,c","a,c",73f5f54617d3ee3a7c33ef4b00257f26,"a,b,c,d","a,b,c,d",2015.lilt-12.2.pdf-figure4.png,2015.lilt-12.2.pdf-figure4,figure 4 graph of stylistic change for tiresias,line chart,False,1,closed-ended finite answer set non-binary non-visual,which style(s) show a decreasing trend in stylistic change for tiresias between x-value of 4 and 5?,,acl,nan,aclfig,2015.lilt-12.2,https://aclanthology.org/2015.lilt-12.2.pdf
0628e1bf5653d49714194bee4f91ebed,a,a,0628e1bf5653d49714194bee4f91ebed,"a,c","a,c",1909.01459v1-figure2-1.png,1909.01459v1-figure2-1,figure 2: gender and sentiment trajectories in the senate corpus.,line chart,True,2,closed-ended finite answer set non-binary non-visual,which of these factors show a decrease in the year 2015 compared to the year 1980?,,arxiv,['cs.cl cs.lg stat.ml'],scigraphqa,1909.01459,https://arxiv.org/pdf/1909.01459v1
c1f37e43d33e5153522af54fd2de47a7,"d,c","d,c",c1f37e43d33e5153522af54fd2de47a7,"a,b,c,d","a,b,c,d",1911.10768v2-figure4-1.png,1911.10768v2-figure4-1,figure 4: performance (f1) of the proposed model in adaptation from squad and newsqa to duorc versus number of source training data.,line chart,False,1,closed-ended finite answer set non-binary non-visual,at which of the following number of rc instances is the f1 score of newsqa greater than squad?,,arxiv,['cs.cl'],scigraphqa,1911.10768,https://arxiv.org/pdf/1911.10768v2
957fb1936c5c8641ec00b94b1a1e35e1,c,c,957fb1936c5c8641ec00b94b1a1e35e1,"c,d","c,d",1804.06759v1-figure2-1.png,1804.06759v1-figure2-1,figure 2: volume of hostile comments over time for four discovered clusters of posts.,line chart,True,4,closed-ended finite answer set non-binary non-visual,which cluster had the highest average number of hostile comments?,,arxiv,['cs.cl cs.si'],scigraphqa,1804.06759,https://arxiv.org/pdf/1804.06759v1
b136383c07efa8d59c05205e016764b6,c,c,b136383c07efa8d59c05205e016764b6,"a,c","a,c",1907.08889v1-figure1-1.png,1907.08889v1-figure1-1,figure 1: (exp1) models trained on the artificial data generated by the corresponding aeg model. the xaxis represents the amount of artificial data added to nucle-clc during training.,line chart,False,1,closed-ended finite answer set non-binary non-visual,which model achieves the highest f0.5 score when trained on +50k data?,,arxiv,['cs.cl'],scigraphqa,1907.08889,https://arxiv.org/pdf/1907.08889v1
0e75f7e2a4548dc54468e2cf7ad261b0,c,c,0e75f7e2a4548dc54468e2cf7ad261b0,d,d,1910.08534v1-figure18-1.png,1910.08534v1-figure18-1,"figure 18: distance of the part-of-speech tag distributions between important features and all words (background). distance is generally smaller with post-hoc methods for all models, although some exceptions exist for lstm with attention and bert.",line chart,True,3,closed-ended finite answer set non-binary non-visual,which of the following methods achieves the lowest jensen-shannon score in sst dataset?,,arxiv,['cs.cl cs.cy cs.hc cs.lg'],scigraphqa,1910.08534,https://arxiv.org/pdf/1910.08534v1
e9760d0eff4a225fa5c55e921fc8c4b0,"d,c","d,c",e9760d0eff4a225fa5c55e921fc8c4b0,"c,d","c,d",1804.00084v1-figure4.1-1.png,1804.00084v1-figure4.1-1,"figure 4.1: distribution of the fraction of females (in blue color) and males (in green color) in the rank of users with most followers. the intersection point happens in the top 14%, meaning the fraction of females became higher than males from this point.",line chart,False,1,closed-ended finite answer set non-binary non-visual,which of the following are true regarding the distribution of females and males in the rank of users with most followers?,,arxiv,['cs.si cs.cl'],scigraphqa,1804.00084,https://arxiv.org/pdf/1804.00084v1
a1f5ed07570c165827f4d55d0973c93e,b,b,a1f5ed07570c165827f4d55d0973c93e,"b,c,d","b,c,d",1510.08418v1-figure3-1.png,1510.08418v1-figure3-1,"figure 3: per-edge precision, recall and f1-score using different thresholds on the prediction values of maxent.",line chart,False,1,closed-ended finite answer set non-binary non-visual,at which of the following approximate threshold values do all the metrics have the same value?,,arxiv,['cs.cl'],scigraphqa,1510.08418,https://arxiv.org/pdf/1510.08418v1
2aec914b6fcbcb87137d9e5396b5f046,b,b,2aec914b6fcbcb87137d9e5396b5f046,"b,c","b,c",1909.00923v1-figure3-1.png,1909.00923v1-figure3-1,fig. 3 distribution of repetition rate of ten-fold cross-validation,line chart,False,1,closed-ended finite answer set non-binary non-visual,what is the approximate highest repetition rate recorded for ppr(at)?,,arxiv,['cs.cl cs.ai'],scigraphqa,1909.00923,https://arxiv.org/pdf/1909.00923v1
28a6604084d951b2a006e826e14d99c4,a,a,28a6604084d951b2a006e826e14d99c4,d,d,1801.06146v5-figure4-1.png,1801.06146v5-figure4-1,"figure 4: validation error rate curves for finetuning the classifier with ulmfit and ‘full’ on imdb, trec-6, and ag (top to bottom).",line chart,True,3,closed-ended finite answer set non-binary non-visual,which dataset has the highest validation error rate for ulmfit?,,arxiv,['cs.cl cs.lg stat.ml'],scigraphqa,1801.06146,https://arxiv.org/pdf/1801.06146v5
eceec9c374e727788e71c9e3a1227720,c,c,eceec9c374e727788e71c9e3a1227720,a,a,1611.10277v4-figure1-1.png,1611.10277v4-figure1-1,"figure 1: speed comparisons to a fixed number of iterations as the number of documents and words vary. new york times articles and pubmed abstracts were collected from the uci machine learning repository (lichman, 2013). the disaster relief articles are described in section 4.1, and represented simply as bags of words, not phrases.",line chart,True,6,closed-ended finite answer set non-binary non-visual,which of the following takes less than 10 seconds on new york times at 1000 docs?,,arxiv,['cs.cl cs.ir cs.it math.it stat.ml'],scigraphqa,1611.10277,https://arxiv.org/pdf/1611.10277v4
221e51c3b22325618acd555c557422fe,"a,b,e,f,g,h,i,j,k,l,m,n,o,p,q,r,s,t,u,v,w,x,y,z,a,b,c,d,e,f,g,h,i,j,k,l,m,n,o,p,q,r,s,t,u,v,w,x,y,z,a,b,c,d,e,f,g,h,i,j,k,l,m,n,o,p,q,r,s,t,u,v,w,x,y,z,a,b,c,d,e,f,g,h,i,j,k,l,m,n,o,p,q,r,s,t,u,v,w,x,y,z,a,b,c,d,e,f,g,h,i,j,k,l,m,n,o,p,q,r,s,t,u,v,w,x,y,z,a,b,c,d,e,f,g,h,i,j,k,l,m,n,o,p,q,r,s,t,u,v,w,x,y,z,a,b,c,d,e,f,g,h,i,j,k,l,m,n,o,p,q,r,s,t,u,v,w,x,y,z,a,b,c,d,e,f,g,h,i,j,k,l,m,n,o,p,q,r,s,t,u,v,w,x,y,z,a,b,c,d,e,f,g,h,i,j,k,l,m,n,o,p,q,r,s,t,u,v,w,x,y,z,a,b,c,d,e,f,g,h,i,j,k,l,m,n,o,p,q,r,s,t,u,v,w,x,y,z,a,b,c,d,e,f,g,h,i,j,k,l,m,n,o,p,q,r,s,t,u,v,w,x,y,z,a,b,c,d,e,f,g,h,i,j,k,l,m,n,o,p","a,b,e,f,g,h,i,j,k,l,m,n,o,p,q,r,s,t,u,v,w,x,y,z,a,b,c,d,e,f,g,h,i,j,k,l,m,n,o,p,q,r,s,t,u,v,w,x,y,z,a,b,c,d,e,f,g,h,i,j,k,l,m,n,o,p,q,r,s,t,u,v,w,x,y,z,a,b,c,d,e,f,g,h,i,j,k,l,m,n,o,p,q,r,s,t,u,v,w,x,y,z,a,b,c,d,e,f,g,h,i,j,k,l,m,n,o,p,q,r,s,t,u,v,w,x,y,z,a,b,c,d,e,f,g,h,i,j,k,l,m,n,o,p,q,r,s,t,u,v,w,x,y,z,a,b,c,d,e,f,g,h,i,j,k,l,m,n,o,p,q,r,s,t,u,v,w,x,y,z,a,b,c,d,e,f,g,h,i,j,k,l,m,n,o,p,q,r,s,t,u,v,w,x,y,z,a,b,c,d,e,f,g,h,i,j,k,l,m,n,o,p,q,r,s,t,u,v,w,x,y,z,a,b,c,d,e,f,g,h,i,j,k,l,m,n,o,p,q,r,s,t,u,v,w,x,y,z,a,b,c,d,e,f,g,h,i,j,k,l,m,n,o,p,q,r,s,t,u,v,w,x,y,z,a,b,c,d,e,f,g,h,i,j,k,l,m,n,o,p",221e51c3b22325618acd555c557422fe,"a,b,c,e,f,g,h,i,j,k,l,m,n,o,p,q,r,s,t,u,v,w,x,y,z","a,b,c,e,f,g,h,i,j,k,l,m,n,o,p,q,r,s,t,u,v,w,x,y,z",2006.01210v1-figure6-1.png,2006.01210v1-figure6-1,figure 6. frequency of chinese character constructive parts.,line chart,False,1,closed-ended finite answer set non-binary non-visual,which of the following languages are represented in figure 6?,,arxiv,['cs.cl'],scigraphqa,2006.01210,https://arxiv.org/pdf/2006.01210v1
e55e5096f46a08ba60cf5498d8e8d84a,d,d,e55e5096f46a08ba60cf5498d8e8d84a,"b,c","b,c",2007.03988v1-figure4-1.png,2007.03988v1-figure4-1,figure 4:mrr (left) and number of parameters (right) under different embedding sizes. evaluated on wikipeople-4.,line chart,True,2,closed-ended finite answer set non-binary non-visual,which embedding size has the highest mrr for n-cp?,,arxiv,['cs.cl'],scigraphqa,2007.03988,https://arxiv.org/pdf/2007.03988v1
3948961520800ecd73bdff9a0e43f58b,"b,c,d","b,c,d",3948961520800ecd73bdff9a0e43f58b,"c,d","c,d",2010.04736v1-figure13-1.png,2010.04736v1-figure13-1,"figure 13: accuracy, sufficiency and comprehensiveness of random forest models by number of estimators.",line chart,True,3,closed-ended finite answer set non-binary non-visual,which of the following models are shown to have a consistently decreasing accuracy as the number of estimators increase from 4 to 16 in graph (c)?,,arxiv,['cs.cl cs.ai cs.cy cs.hc cs.lg'],scigraphqa,2010.04736,https://arxiv.org/pdf/2010.04736v1
c686c28a093805248726a88f5c74278a,"c,a","c,a",c686c28a093805248726a88f5c74278a,"c,e","c,e",1808.09943v1-figure1-1.png,1808.09943v1-figure1-1,figure 1: test bleu for character and bpe translation as architectures scale from 1 bilstm encoder layer and 2 lstm decoder layers (1×2+2) to our standard 6×2+8. the y-axis spans 6 bleu points for each language pair.,line chart,True,4,closed-ended finite answer set non-binary non-visual,for which language pair is the difference between character and bpe translation for 6x2+8 architecture the smallest?,,arxiv,['cs.cl'],scigraphqa,1808.09943,https://arxiv.org/pdf/1808.09943v1
cab29eb832bf34b6395cf88646a6e6f3,a,a,cab29eb832bf34b6395cf88646a6e6f3,d,d,2009.01312v2-figure2-1.png,2009.01312v2-figure2-1,"figure 2: the number of missing prediction trees for different independence assumptions. x-axis is the training epochs, y-axis is the number of missing trees for each epoch.",line chart,False,1,closed-ended finite answer set non-binary non-visual,what is the number of missing trees for training epoch 9 under completely independent assumption?,,arxiv,['cs.cl'],scigraphqa,2009.01312,https://arxiv.org/pdf/2009.01312v2
7c152aaa2f1fa774735e3111851a1e29,c,c,7c152aaa2f1fa774735e3111851a1e29,d,d,1812.00235v3-figure10-1.png,1812.00235v3-figure10-1,"figure 10. changes to collected captions over rounds. model trained with 10% warmup, h = 70%, 3 chunks.",line chart,False,1,closed-ended finite answer set non-binary non-visual,what is the approximate highest average collect reward?,,arxiv,['cs.cv cs.cl'],scigraphqa,1812.00235,https://arxiv.org/pdf/1812.00235v3
79f299a06f38e0b54827d800dc02c39a,a,a,79f299a06f38e0b54827d800dc02c39a,"a,c","a,c",1209.3126v1-figure4-1.png,1209.3126v1-figure4-1,figure 4: scatter plot of mean length of words for two english corpora (heterogeneous and summarization raw corpora after filtering).,line chart,False,1,closed-ended finite answer set non-binary non-visual,which of the following corpora has a higher mean length of words for 7-letter words?,,arxiv,['cs.ir cs.cl'],scigraphqa,1209.3126,https://arxiv.org/pdf/1209.3126v1
84a66370aae06489517f42f3e73dc352,c,c,84a66370aae06489517f42f3e73dc352,"a,b,c","a,b,c",1601.06755v1-figure11-1.png,1601.06755v1-figure11-1,"figure 11. contraction hedges slightly reduce high levels of alo. at pp = 0.57, alo is reduced from 0.92 to 0.89. expansion hedges reduce minimum alo from 0.1 for unhedged assertions to 0.02 for expansion hedged assertions, at pp = 0.45.",line chart,False,1,closed-ended finite answer set non-binary non-visual,which method shows the highest alo value at pp=0.5?,,arxiv,['cs.ai cs.cl cs.ma'],scigraphqa,1601.06755,https://arxiv.org/pdf/1601.06755v1
852da9febdbdbad822b6d8b5a52ed300,"b,c","b,c",852da9febdbdbad822b6d8b5a52ed300,"b,d","b,d",1908.01968v1-figure3-1.png,1908.01968v1-figure3-1,"figure 3: changes in the ‖w‖/‖x‖ and ||xmask|| during training in two experiments. figure 3(a), figure 3(b) are ”cnn-hidden-layer” in mr and ”idcnnhidden-layer” in conll-2003 respectively.",line chart,True,2,closed-ended finite answer set non-binary non-visual,which of the following is true about the experiment in figure 3(a)?,,arxiv,['cs.cl cs.lg'],scigraphqa,1908.01968,https://arxiv.org/pdf/1908.01968v1
5772fec6972b73c04ce843e8fb415a22,c,c,5772fec6972b73c04ce843e8fb415a22,a,a,1205.4387v1-figure2-1.png,1205.4387v1-figure2-1,"figure 2: roc curves for the various riskiness predictors on the dev set. the true positive rate is the percentage of incorrect decisions which were identified as risky, and the false positive rate is the percentage of correct decisions which were identified as risky.",line chart,False,1,closed-ended finite answer set non-binary non-visual,which of the following riskiness predictors has the lowest true positive rate at a false positive rate of 0.1?,,arxiv,['cs.cl'],scigraphqa,1205.4387,https://arxiv.org/pdf/1205.4387v1
3d7a2b6ec85b6abc040a1f52b7d674ae,c,c,3d7a2b6ec85b6abc040a1f52b7d674ae,a,a,1703.10344v1-figure5-1.png,1703.10344v1-figure5-1,figure 5: feature analysis for the aep placement task for t = 2009.,line chart,False,1,closed-ended finite answer set non-binary non-visual,which group has the highest precision value at a recall of 0.25?,,arxiv,['cs.ir cs.cl cs.si'],scigraphqa,1703.10344,https://arxiv.org/pdf/1703.10344v1
13900a21f5cfe49e0cb7dfa5879efc4f,d,d,13900a21f5cfe49e0cb7dfa5879efc4f,b,b,1608.00929v1-figure2-1.png,1608.00929v1-figure2-1,figure 2: left: densities versus oracle error rates of lattices generated by different pruning methods.right: time spent on generating the lattices with different pruning methods.,line chart,True,2,closed-ended finite answer set non-binary non-visual,what is the approximate lowest oracle error rate recorded as the lattice density is varied?,,arxiv,['cs.cl'],scigraphqa,1608.00929,https://arxiv.org/pdf/1608.00929v1
c1921868f26f5da2973e7abf41658da2,"a,c,d,c","a,c,d,c",c1921868f26f5da2973e7abf41658da2,"a,c,d","a,c,d",1803.03232v1-figure2-1.png,1803.03232v1-figure2-1,"figure 2: learning curves for feudal-dqn and dipdqn in env. 4, compared to the two best performing algorithms in (casanueva et al., 2017) (dqn and gpsarsa). the shaded area depicts the mean ± the standard deviation over ten random seeds.",line chart,True,2,closed-ended finite answer set non-binary non-visual,which algorithms are compared in this figure?,,arxiv,['cs.cl cs.ai cs.ne'],scigraphqa,1803.03232,https://arxiv.org/pdf/1803.03232v1
fcebc97ec007210ad0f397d137aeed8c,b,b,fcebc97ec007210ad0f397d137aeed8c,"b,c","b,c",2010.09233v2-figure10-1.png,2010.09233v2-figure10-1,figure 10: k-nn accuracy in the visualization space by plsv-vae with different rbfs (k = 10).,line chart,True,4,closed-ended finite answer set non-binary non-visual,which rbfs show a decreasing trend in accuracy as the number of topics increases in the arxiv dataset?,,arxiv,['cs.cl'],scigraphqa,2010.09233,https://arxiv.org/pdf/2010.09233v2
9c9833dc75b954e7459b2853593f2573,c,c,9c9833dc75b954e7459b2853593f2573,"a,c","a,c",2004.05887v1-figure4-1.png,2004.05887v1-figure4-1,figure 4: classification accuracies on the validation sets with different values for δ. the x-axis shows the selected qth percentiles of the loge frequencies in the training corpus. the y-axis denotes the accuracy when δ is set to the loge frequency value representing the specific qth percentile.,line chart,True,2,closed-ended finite answer set non-binary non-visual,which of the following models shows the highest accuracy in the validation set for qth percentile values greater than 90?,,arxiv,['cs.cl'],scigraphqa,2004.05887,https://arxiv.org/pdf/2004.05887v1
2b71bf8a543cb1705e160fe6e34ab83e,d,d,2b71bf8a543cb1705e160fe6e34ab83e,"a,b,c,d","a,b,c,d",d11-1077.pdf-figure1.png,d11-1077.pdf-figure1,figure 1: bayesian network for mwe identification,graph,False,1,closed-ended finite answer set non-binary non-visual,which of the following nodes in the bayesian network are directly influenced by the node 'mwe'?,,acl,nan,aclfig,d11-1077,https://aclanthology.org/d11-1077.pdf
87d63cfa53e18735c11da29bdc51868b,"a,b,d","a,b,d",87d63cfa53e18735c11da29bdc51868b,"c,d","c,d",1803.03667v1-figure1-1.png,1803.03667v1-figure1-1,fig 1. the text of “harry potter and the chamber of secrets” treated according to zipf’s,"line chart,scatter plot",True,4,closed-ended finite answer set non-binary non-visual,which plot(s) depict the relationship between the frequency of word usage (f) and the rank (n) in the text of “harry potter and the chamber of secrets”?,,arxiv,['cs.cl physics.soc-ph stat.ot'],scigraphqa,1803.03667,https://arxiv.org/pdf/1803.03667v1
90cd900774b8dda9fa844a18d7ded2b2,b,b,90cd900774b8dda9fa844a18d7ded2b2,"b,c","b,c",w14-3112.pdf-figure1.png,w14-3112.pdf-figure1,"figure 1: a sample gib layout from (rodrigues et al., 2011). the layout visualizes clusters distributed in a treemap structure where the partitions are based on the size of the clusters.",graph,True,10,closed-ended finite answer set non-binary non-visual,what are the basis of partitions in the gib layout?,,acl,nan,aclfig,w14-3112,https://aclanthology.org/w14-3112.pdf
c6de40028c76a4f708db56660d9d78cc,"a,b","a,b",c6de40028c76a4f708db56660d9d78cc,"b,c","b,c",c00-2092.pdf-figure3.png,c00-2092.pdf-figure3,figure 3: the composition operation,tree,True,1,closed-ended finite answer set non-binary non-visual,what is minimum number of child nodes does vp have in all the trees shown in figure 3?,,acl,nan,aclfig,c00-2092,https://aclanthology.org/c00-2092.pdf
690ad0d9d026721a6805a5d9a9f4a4a4,d,d,690ad0d9d026721a6805a5d9a9f4a4a4,a,a,w12-4625.pdf-figure10.png,w12-4625.pdf-figure10,"figure 10: disambiguated frmg output, with depfrmg edges above and converted depftb edges below",tree,False,1,closed-ended finite answer set non-binary non-visual,what is the root word in figure 10?,,acl,nan,aclfig,w12-4625,https://aclanthology.org/w12-4625.pdf
43d4fe0e59103fc8798c6e4a456619fe,"a,b,c","a,b,c",43d4fe0e59103fc8798c6e4a456619fe,"a,b,c,d","a,b,c,d",1996.amta-1.9.pdf-figure2.png,1996.amta-1.9.pdf-figure2,figure 2,architecture diagram,True,1,closed-ended finite answer set non-binary non-visual,which of the following are types of rules used in this system?,,acl,nan,aclfig,1996.amta-1.9,https://aclanthology.org/1996.amta-1.9.pdf
8f32f6653c9e3b1326fc6fc92a06d4a6,"a,b,c,d","a,b,c,d",8f32f6653c9e3b1326fc6fc92a06d4a6,"a,c,d","a,c,d",s19-2116.pdf-figure1.png,s19-2116.pdf-figure1,"figure 1: sub-task a,rnn method",confusion matrix,False,1,closed-ended finite answer set non-binary non-visual,"based on the provided caption and data in figure 1, which of the following statements are true regarding the rnn method's performance on sub-task a?",,acl,nan,aclfig,s19-2116,https://aclanthology.org/s19-2116.pdf
cf25622c362b101bb4bbfbab65941390,"a,b,d","a,b,d",cf25622c362b101bb4bbfbab65941390,"a,b,c,d","a,b,c,d",s19-2116.pdf-figure4.png,s19-2116.pdf-figure4,"figure 4: sub-task b,msoc method",confusion matrix,False,1,closed-ended finite answer set non-binary non-visual,"based on figure 4, which of the following values are present in the confusion matrix for sub-task b using the msoc method?",,acl,nan,aclfig,s19-2116,https://aclanthology.org/s19-2116.pdf
1320b9eb016aa74df0e75c095946041b,"a,d","a,d",1320b9eb016aa74df0e75c095946041b,"a,b,c,d","a,b,c,d",w16-2302.pdf-figure4.png,w16-2302.pdf-figure4,figure 4: english-to-czech (en-cs) system-level metric significance test results; a green cell corresponds to a significant increase in correlation for the metric in a given row over the metric in a given column according to williams test; rr = standard wmt relative ranking; rr + tt = standard wmt relative ranking for translation and tuning task systems.,confusion matrix,True,2,closed-ended finite answer set non-binary non-visual,which of the following metrics show significant increase in correlation over the mosesper metric in the 'newstest2016' system?,,acl,nan,aclfig,w16-2302,https://aclanthology.org/w16-2302.pdf
056de0a4528236547c0ec46ffefc989c,c,c,056de0a4528236547c0ec46ffefc989c,"b,c,d","b,c,d",2019.ccnlg-1.1.pdf-figure10.png,2019.ccnlg-1.1.pdf-figure10,figure 10: accomplishment (value) scores for each game. error bars indicate one standard deviation.,bar chart,False,1,closed-ended finite answer set non-binary non-visual,which of the following games have an average accomplishment score (value) greater than 6?,,acl,nan,aclfig,2019.ccnlg-1.1,https://aclanthology.org/2019.ccnlg-1.1.pdf
a805cef9018e80e4315f23ef8e451832,,nan,a805cef9018e80e4315f23ef8e451832,"a,b,c,d","a,b,c,d",2020.acl-main.39.pdf-figure6.png,2020.acl-main.39.pdf-figure6,figure 6: seqacc for the location attender and best baseline on the long lookup tables task (10 runs).,bar chart,False,1,closed-ended finite answer set non-binary non-visual,which of the following datasets show a higher sequence accuracy for the transformer attention?,,acl,nan,aclfig,2020.acl-main.39,https://aclanthology.org/2020.acl-main.39.pdf
42307c419d24657d3ee76a47c85e9a37,a,a,42307c419d24657d3ee76a47c85e9a37,"b,c","b,c",w12-3001.pdf-figure1.png,w12-3001.pdf-figure1,figure 1: hypergraph with 7 vertices (axioms) and 4 edges (conflict sets). both the maximum degree of the hypergraph and the size of the largest edge are 3.,venn diagram,False,1,closed-ended finite answer set non-binary non-visual,how many vertices are not associated with any edges?,,acl,nan,aclfig,w12-3001,https://aclanthology.org/w12-3001.pdf
bcec292e6212175ff0d0446f9db63df3,"a,c,d","a,c,d",bcec292e6212175ff0d0446f9db63df3,"a,b,c,d","a,b,c,d",2020.lrec-1.141.pdf-figure4.png,2020.lrec-1.141.pdf-figure4,figure 4: distribution of question types based on initial word (and some multi-word expressions).,pie chart,False,1,closed-ended finite answer set non-binary non-visual,which of these words are represented in the pie chart?,,acl,nan,aclfig,2020.lrec-1.141,https://aclanthology.org/2020.lrec-1.141.pdf
b1a4eb9139afc4c732f0168b1d4bb50d,d,d,b1a4eb9139afc4c732f0168b1d4bb50d,"a,b,c,d","a,b,c,d",2020.figlang-1.23.pdf-figure5.png,2020.figlang-1.23.pdf-figure5,figure 5. distribution of marriage equality metaphors in the traditional stance sources.,pie chart,False,1,closed-ended finite answer set non-binary non-visual,which of the following metaphors are used to describe marriage equality in the 'traditional stance' sources?,,acl,nan,aclfig,2020.figlang-1.23,https://aclanthology.org/2020.figlang-1.23.pdf
8360c3cd60259a47ee66ffb4f7141c15,"a,d","a,d",8360c3cd60259a47ee66ffb4f7141c15,a,a,2006.14806v1-figure7-1.png,2006.14806v1-figure7-1,figure 7: ablation study results.,line chart,True,2,closed-ended finite answer set non-binary non-visual,which of the following statements are true regarding the results shown in figure 7?,,arxiv,['cs.ir cs.cl'],scigraphqa,2006.14806,https://arxiv.org/pdf/2006.14806v1
758986500889d23265364ebea5d2c799,a,a,758986500889d23265364ebea5d2c799,b,b,1810.12646v1-figure5-1.png,1810.12646v1-figure5-1,figure 5: interaction plot for authority and support in cooperative (left) and competitive (right) dialogs.,line chart,True,2,closed-ended finite answer set non-binary non-visual,"in cooperative dialogs, what is the trend for participants with no support as authority decreases?",,arxiv,['cs.cl'],scigraphqa,1810.12646,https://arxiv.org/pdf/1810.12646v1
b4a2a0b4d1dc3910bd694e064fb4d8e3,a,a,b4a2a0b4d1dc3910bd694e064fb4d8e3,b,b,2005.13407v3-figure12-1.png,2005.13407v3-figure12-1,figure 12: mean mlm (left) and tc/cc (right) losses (each point is the average of a 1000 training steps) for stage 2 of the adjectives treatment. bert-mlm refers to the model variant which is trained only on the mlm task. bert-cf refers to the model variant which employs mlm alongside both tc and cc tasks and bert-cf no control refers to to the same model without the cc task.,line chart,True,2,closed-ended finite answer set non-binary non-visual,which of the following models is not represented in the graph?,,arxiv,['cs.cl cs.ai cs.lg'],scigraphqa,2005.13407,https://arxiv.org/pdf/2005.13407v3
469155f3ad545e101094b22b2ae7e532,a,a,469155f3ad545e101094b22b2ae7e532,"a,c","a,c",1711.09645v2-figure6-1.png,1711.09645v2-figure6-1,figure 6: distribution of predicted polarity scores across three classes (yelp’13 sentences).,line chart,True,6,closed-ended finite answer set non-binary non-visual,which of the following options accurately describes the predicted polarity scores in the provided figure?,,arxiv,['cs.cl cs.ir cs.lg'],scigraphqa,1711.09645,https://arxiv.org/pdf/1711.09645v2
67d6129e80e1df4789a02c058859f87c,a,a,67d6129e80e1df4789a02c058859f87c,c,c,2010.03532v2-figure2-1.png,2010.03532v2-figure2-1,figure 2: the accuracy range of the annotators on the nli training and hidden unanimous examples as they annotated their first 300 examples.,line chart,False,1,closed-ended finite answer set non-binary non-visual,what is the approximate range of annotator accuracy after 300 examples have been annotated?,,arxiv,['cs.cl cs.ai cs.lg'],scigraphqa,2010.03532,https://arxiv.org/pdf/2010.03532v2
00f4d7697c401464878df12e85a88fba,a,a,00f4d7697c401464878df12e85a88fba,"a,b,c,d","a,b,c,d",1601.00893v2-figure3-1.png,1601.00893v2-figure3-1,"figure 3: mean development set results for the tasks parse and senti. ‘mean’ and ’mean+’ stand for mean results across all single context types and context concatenations, respectively.",line chart,True,2,closed-ended finite answer set non-binary non-visual,what general trend is observed in accuracy as the number of dimensions increases in both parse and senti tasks?,,arxiv,['cs.cl'],scigraphqa,1601.00893,https://arxiv.org/pdf/1601.00893v2
09f7860dd21d27de35fb40cbcc3db652,d,d,09f7860dd21d27de35fb40cbcc3db652,"b,c","b,c",1705.03389v1-figure2-1.png,1705.03389v1-figure2-1,fig. 2. the percentage of correct logical form returned for training as the number of epoch increases.,line chart,False,1,closed-ended finite answer set non-binary non-visual,at what epoch does the percentage of correct logical form returned for training with brackets reach a higher value than without brackets at the end of training?,,arxiv,['cs.cl'],scigraphqa,1705.03389,https://arxiv.org/pdf/1705.03389v1
ac07e404ff4916c92bde405b266eeaac,d,d,ac07e404ff4916c92bde405b266eeaac,c,c,1706.03815v2-figure6-1.png,1706.03815v2-figure6-1,"figure 6: synonym discrimination error rates, per representation and synonym pair.",line chart,False,1,closed-ended finite answer set non-binary non-visual,how many synonym pairs are represented in the graph?,,arxiv,['cs.cl cs.lg cs.sd'],scigraphqa,1706.03815,https://arxiv.org/pdf/1706.03815v2
ca92040345861b6da5b12834bd6d0e74,a,a,ca92040345861b6da5b12834bd6d0e74,"a,d","a,d",1608.01238v1-figure5.2-1.png,1608.01238v1-figure5.2-1,figure 5.2: frequencies of the most frequent 100 words in a corpus of length 1 000 000 and vocabulary of size 56 000. a wider step means more words with the same frequency.,line chart,False,1,closed-ended finite answer set non-binary non-visual,which of the following are true about the data displayed in the figure?,,arxiv,['cs.cl cs.lg'],scigraphqa,1608.01238,https://arxiv.org/pdf/1608.01238v1
4a45f110fb57bd80fcdca5d14e958b5a,a,a,4a45f110fb57bd80fcdca5d14e958b5a,c,c,1110.2215v1-figure5-1.png,1110.2215v1-figure5-1,figure 5: the accuracy of mars when the different animacy filters are applied,line chart,False,1,closed-ended finite answer set non-binary non-visual,what is true about the accuracy of ai when more filtering techniques are added?,,arxiv,['cs.cl'],scigraphqa,1110.2215,https://arxiv.org/pdf/1110.2215v1
0a5ee4cfedd5a8b5e7eea9f83b8d2b28,d,d,0a5ee4cfedd5a8b5e7eea9f83b8d2b28,b,b,1411.4960v1-figure5-1.png,1411.4960v1-figure5-1,figure 5: triad significance profile for 5 datasets,line chart,False,1,closed-ended finite answer set non-binary non-visual,which of the following datasets is not represented in the graph?,,arxiv,['cs.cl'],scigraphqa,1411.4960,https://arxiv.org/pdf/1411.4960v1
87add654c021810917720fa9a9647108,c,c,87add654c021810917720fa9a9647108,"b,c","b,c",1909.11430v3-figure2-1.png,1909.11430v3-figure2-1,"figure 2: bleu scores on tst2010, using asr transcripts as inputs, varying α",line chart,False,1,closed-ended finite answer set non-binary non-visual,which of the following alpha values achieves the highest 4-gram bleu score at training step 3?,,arxiv,['cs.cl eess.as'],scigraphqa,1909.11430,https://arxiv.org/pdf/1909.11430v3
a82b26d67261a8a6121d6c2631cb0719,a,a,a82b26d67261a8a6121d6c2631cb0719,d,d,1909.01187v1-figure5-1.png,1909.01187v1-figure5-1,"figure 5: sari score as a function of the training-data size for three models. unless we have tens of thousands of training examples, the tagging approach clearly outperforms the seq2seq baseline.",line chart,True,2,closed-ended finite answer set non-binary non-visual,which model has the highest sari score for split and rephrase at 10k training examples?,,arxiv,['cs.cl'],scigraphqa,1909.01187,https://arxiv.org/pdf/1909.01187v1
96f0a21c8d32ef50ad3d4de3b6234386,a,a,96f0a21c8d32ef50ad3d4de3b6234386,"a,b,c,d","a,b,c,d",1804.06004v1-figure5-1.png,1804.06004v1-figure5-1,"figure 5: left: rule-based entity precision and recall for police fatality victims, with greedy parsing and monte carlo inference. right: f1 scores for rpi-jie, greedy, and 1-sample methods, and maximum f1 on pr curve for probabilistic (multiple sample) inference.",line chart,True,2,closed-ended finite answer set non-binary non-visual,what is the f1 score of 1-sample?,,arxiv,['cs.cl'],scigraphqa,1804.06004,https://arxiv.org/pdf/1804.06004v1
8d524ec9d0ad70f4beed5092172c922d,b,b,8d524ec9d0ad70f4beed5092172c922d,"a,b,c,d","a,b,c,d",1812.10991v1-figure3-1.png,1812.10991v1-figure3-1,"fig. 3: for three english novels two measures, the skew and a cos-measure, are used to compare the word transition matrices of the gossr model (blue) those of real texts (red) and their associated bernoulli model (black). the values for the simon model (green) with varying w0 (from 1 to 10), and the random typewriting model (magenta) for v = 30, are shown.",line chart,True,6,closed-ended finite answer set non-binary non-visual,how does the performance of gossr change in terms of cos as ng increases?,,arxiv,['cs.cl physics.soc-ph'],scigraphqa,1812.10991,https://arxiv.org/pdf/1812.10991v1
9fb113c680b2ebccbb860a538f6a1270,a,a,9fb113c680b2ebccbb860a538f6a1270,"a,b,c","a,b,c",2010.12563v1-figure7-1.png,2010.12563v1-figure7-1,figure 7: the attack success rate when poisoning sentiment analysis models to make the phrase “the despicable donald j. trump” positive.,line chart,False,1,closed-ended finite answer set non-binary non-visual,how does the 'with overlap' method compare to 'no overlap' in attack success rate as poison examples increase?,,arxiv,['cs.cl'],scigraphqa,2010.12563,https://arxiv.org/pdf/2010.12563v1
99aaa50cbc056cd29bbd1cd80a89469c,"b,c,d","b,c,d",99aaa50cbc056cd29bbd1cd80a89469c,"a,c,d","a,c,d",1908.07818v1-figure5-1.png,1908.07818v1-figure5-1,figure 5: performance of frequency and probabilistic features (best viewed in color).,line chart,True,2,closed-ended finite answer set non-binary non-visual,which of these feature types are not shown in the frequency statistics plot?,,arxiv,['cs.cl cs.dl cs.ir'],scigraphqa,1908.07818,https://arxiv.org/pdf/1908.07818v1
60ffe9e74ab996b0cd06737db05892c0,b,b,60ffe9e74ab996b0cd06737db05892c0,"b,c","b,c",1612.08504v1-figure8-1.png,1612.08504v1-figure8-1,figure 8: distribution of relative overlaps between classifications. (left) distribution of overlaps at all time steps; (right) corresponding mean time-series. the decreasing trend starting around 1996 confirms a qualitative regime shift in that period.,line chart,True,2,closed-ended finite answer set non-binary non-visual,what happens to mean relative overlap after the year 2000?,,arxiv,['physics.soc-ph cs.cl'],scigraphqa,1612.08504,https://arxiv.org/pdf/1612.08504v1
a808f237daa9719cf37cb9ae224e13cd,d,d,a808f237daa9719cf37cb9ae224e13cd,c,c,2003.04073v1-figure5-1.png,2003.04073v1-figure5-1,"figure 5: time series distribution for sources in the finlin corpus. the bottom plot shows the distribution for the company reports, investor reports, and news, using a smaller y-axis.",line chart,True,2,closed-ended finite answer set non-binary non-visual,which source type shows the highest frequency in september in the plot with smaller y-axis?,,arxiv,['cs.cl'],scigraphqa,2003.04073,https://arxiv.org/pdf/2003.04073v1
597c5db649a0db9ff1cc8841e48a3ed6,"b,c,a","b,c,a",597c5db649a0db9ff1cc8841e48a3ed6,"b,c,d","b,c,d",1902.00438v3-figure7-1.png,1902.00438v3-figure7-1,"figure 7: hypernym frequency distribution for the pan 2016 (age) data set. the equation above the upper plot denotes the coefficients of a power law distribution (c is a constant). in real world phenomena, the exponent of the rightmost expression was observed to range between ≈ 2 and ≈ 3, indicating the hypernym structure of the feature space is subject to a heavy-tailed (possibly best fit—power law) distribution. the xmin denotes the hypernym count, after which notable differences in hypernym counts—scale free behavior is observed. such distribution is to some extent expected, as some hypernyms are more general than others, and thus present in more document-hypernym mappings.",line chart,True,2,closed-ended finite answer set non-binary non-visual,which of the following distributions is present in the figure?,,arxiv,['cs.cl'],scigraphqa,1902.00438,https://arxiv.org/pdf/1902.00438v3
8249ece6319713d685b386adce53c15e,b,b,8249ece6319713d685b386adce53c15e,"a,b,c,d","a,b,c,d",1606.04199v3-figure3-1.png,1606.04199v3-figure3-1,"figure 3: bleu scores vs. source sequence length. five lines are our deep-att single model, deep-att ensemble model, our deep-ed model, previous enc-dec model with four layers and smt model.",line chart,False,1,closed-ended finite answer set non-binary non-visual,which model has the highest blue score at 12 sentences by length?,,arxiv,['cs.cl cs.lg'],scigraphqa,1606.04199,https://arxiv.org/pdf/1606.04199v3
c089cbc9c47aff63282e5711d88d505c,"a,b","a,b",c089cbc9c47aff63282e5711d88d505c,d,d,2020.acl-main.94.pdf-figure2.png,2020.acl-main.94.pdf-figure2,figure 2: bli performance for each pos in the comparable setting.,line chart,True,4,closed-ended finite answer set non-binary non-visual,which pos category shows the highest bli performance for the 'de' language?,,acl,nan,aclfig,2020.acl-main.94,https://aclanthology.org/2020.acl-main.94.pdf
d2602ca90bafb21ffdb95119a8477525,b,b,d2602ca90bafb21ffdb95119a8477525,c,c,1910.13707v1-figure3-1.png,1910.13707v1-figure3-1,fig. 3: wers (%) obtained with # of estimation iterations by wpe+mpdr and wpe+wmpdr with joint and separate optimization schemes,line chart,True,2,closed-ended finite answer set non-binary non-visual,what is the value of wer for the wpe+wmpdr (joint opt.) at 3 iterations in the reverb graph?,,arxiv,['cs.sd cs.cl eess.as'],scigraphqa,1910.13707,https://arxiv.org/pdf/1910.13707v1
1405dc6c032494c91506db7d6112475c,"a,c,d","a,c,d",1405dc6c032494c91506db7d6112475c,"a,b,c,d","a,b,c,d",2010.06150v1-figure5-1.png,2010.06150v1-figure5-1,figure 5: four models with four metrics evaluated on sts 12-16 using different layers. squares connected by solid lines are with batch centering. dots connected by dashed lines are their counterparts without batch centering.,line chart,True,4,closed-ended finite answer set non-binary non-visual,which of these metrics were evaluated on sts 12-16?,,arxiv,['cs.cl cs.lg'],scigraphqa,2010.06150,https://arxiv.org/pdf/2010.06150v1
2f37c97c6bc69dfd24e21808559bc971,c,c,2f37c97c6bc69dfd24e21808559bc971,"c,d","c,d",1903.02852v1-figure4-1.png,1903.02852v1-figure4-1,figure 4: asr results with updated lm and vocabulary.,line chart,False,1,closed-ended finite answer set non-binary non-visual,what types of data were used to produce the asr results in figure 4?,,arxiv,['cs.cl'],scigraphqa,1903.02852,https://arxiv.org/pdf/1903.02852v1
bc36bafbdabc29e2fa8a5a829b6af329,a,a,bc36bafbdabc29e2fa8a5a829b6af329,"a,b","a,b",1906.04501v1-figure5-1.png,1906.04501v1-figure5-1,fig. 5. comparisons with different depths of gcn in our model.,line chart,True,2,closed-ended finite answer set non-binary non-visual,what metrics do the y-axis in the plots represent?,,arxiv,['cs.cl cs.lg'],scigraphqa,1906.04501,https://arxiv.org/pdf/1906.04501v1
21c216ac26119e5a8df38380c57e0e36,"b,d","b,d",21c216ac26119e5a8df38380c57e0e36,"b,c","b,c",1407.7357v1-figure2-1.png,1407.7357v1-figure2-1,"fig. 2. f-1 measure for hyperonymization of orders 1 ≤ n ≤ 12: the average case, class gspo, class gdip",line chart,True,3,closed-ended finite answer set non-binary non-visual,approximately for which hyperonym degree (n) does the average case of the f1 measure reach its maximum value?,,arxiv,['cs.ir cs.cl'],scigraphqa,1407.7357,https://arxiv.org/pdf/1407.7357v1
562970d6cab1c2b1eae73b0c48fba9ba,b,b,562970d6cab1c2b1eae73b0c48fba9ba,d,d,1603.08594v1-figure8-1.png,1603.08594v1-figure8-1,figure 8: iterations vs. correct pp-attachments,line chart,False,1,closed-ended finite answer set non-binary non-visual,which of the following are true about the number of iterations and the number of correctly identified pp-attachments?,,arxiv,['cs.cl'],scigraphqa,1603.08594,https://arxiv.org/pdf/1603.08594v1
cbb7573a16103105b005d1905e80ebb0,a,a,cbb7573a16103105b005d1905e80ebb0,"a,c,d","a,c,d",1712.01238v1-figure8-1.png,1712.01238v1-figure8-1,"figure 8: top: accuracy during training (solid lines) and chance level (dashed lines) per answer type. bottom: normalized informative scores per answer type, averaged over 10k questions. see section 5.4 for details.",line chart,True,2,closed-ended finite answer set non-binary non-visual,which of the answer types shows the largest increase in accuracy during training?,,arxiv,['cs.cv cs.cl cs.lg'],scigraphqa,1712.01238,https://arxiv.org/pdf/1712.01238v1
a100ed030d694fe07bb8cb111bd904ed,c,c,a100ed030d694fe07bb8cb111bd904ed,"c,d","c,d",2008.01533v1-figure6-1.png,2008.01533v1-figure6-1,"fig. 6. identification accuracy of character frequency features (n-grams, n > 1) for a different of training and test tweets. best in colour.",line chart,True,4,closed-ended finite answer set non-binary non-visual,what is the biggest training size used in the experiment?,,arxiv,['cs.cl cs.ir'],scigraphqa,2008.01533,https://arxiv.org/pdf/2008.01533v1
c8a44952705cbad2bc72eede856142a3,a,a,c8a44952705cbad2bc72eede856142a3,"a,b,c,d","a,b,c,d",1612.01928v1-figure1-1.png,1612.01928v1-figure1-1,figure 1: model structure for invariant training and asr results.,"line chart,architecture diagram",True,3,closed-ended finite answer set non-binary non-visual,what is the minimum number of noise conditions used for training in the model?,,arxiv,['cs.cl cs.cv cs.lg cs.sd stat.ml'],scigraphqa,1612.01928,https://arxiv.org/pdf/1612.01928v1
d9270e6fc924352fee2a4f39539f2b0c,"d,a,b","d,a,b",d9270e6fc924352fee2a4f39539f2b0c,c,c,1301.1429v1-figure3-1.png,1301.1429v1-figure3-1,"fig. 3. utterance length distributions of (a) different authors in pg (b) different authors in pgs and (c) 50 randomly selected movies in subs. distribution of utterance lengths over the entire (d) pg, (e) pgs and (f) subs datasets fitted with eq. (2).","line chart,heat map",True,6,closed-ended finite answer set non-binary non-visual,which of the following graphs is a heatmap?,,arxiv,['physics.soc-ph cs.cl physics.data-an'],scigraphqa,1301.1429,https://arxiv.org/pdf/1301.1429v1
6bc9e7ad7b221ac4013e8f0447c28333,b,b,6bc9e7ad7b221ac4013e8f0447c28333,c,c,1910.09302v1-figure2-1.png,1910.09302v1-figure2-1,figure 2: test accuracy on the dative alternation dataset over the syntactic dimension (left) and average performance on the lexical dimension (right) as a function of number of training examples. the larger gaps on the left graph in comparison to the much smaller gaps on the right graph indicate a limited generalization ability over the syntactic dimension and a better one over different dative verbs,line chart,True,2,closed-ended finite answer set non-binary non-visual,what is the approximate accuracy for 'simple → simple' at 250 fine-tuning examples?,,arxiv,['cs.cl'],scigraphqa,1910.09302,https://arxiv.org/pdf/1910.09302v1
d04d6863d6f8350e495cd52ace1d582e,d,d,d04d6863d6f8350e495cd52ace1d582e,"a,d","a,d",2010.10743v2-figure2-1.png,2010.10743v2-figure2-1,figure 2: the effect on the number of units: (a) bleu scores (%) against number of units used in the mute model. (b) inference speed (tokens per second) on gpu against number of units used in the mute model. experiments are conducted on the valid set of nist zhen with decoding batch size = 30 and beam size = 4.,line chart,True,2,closed-ended finite answer set non-binary non-visual,which of the following statements is true about the bleu scores? ,,arxiv,['cs.cl'],scigraphqa,2010.10743,https://arxiv.org/pdf/2010.10743v2
944926517ea26f70bc49a85ee2a48214,a,a,944926517ea26f70bc49a85ee2a48214,"a,c","a,c",1907.11889v1-figure2-1.png,1907.11889v1-figure2-1,figure 2: precision-recall curves for the top-3 claim matching configurations (all using hm) on test.,line chart,False,1,closed-ended finite answer set non-binary non-visual,which configuration has the highest precision when recall is 0.2?,,arxiv,['cs.cl cs.ai cs.lg'],scigraphqa,1907.11889,https://arxiv.org/pdf/1907.11889v1
6cdbb0c5f9abb85672e38842f2927fc0,d,d,6cdbb0c5f9abb85672e38842f2927fc0,"a,b,c","a,b,c",1911.08522v2-figure5-1.png,1911.08522v2-figure5-1,figure 5: entity f1 scores on the testing dataset given different memory sizes. higher values are preferred.,line chart,True,2,closed-ended finite answer set non-binary non-visual,which of the following have a higher entity f1 score with a memory size of 4000 compared to a memory size of 1000 for the smtd dataset?,,arxiv,['cs.cl cs.ai cs.lg'],scigraphqa,1911.08522,https://arxiv.org/pdf/1911.08522v2
242b412de7b8add926d14b6af0510d41,"a,d","a,d",242b412de7b8add926d14b6af0510d41,"a,c","a,c",2010.04650v1-figure7-1.png,2010.04650v1-figure7-1,"figure 7: mean marginal target probability of the close symbol in a rule. solid lines are trained in the unfamiliarscaffold set, dashed lines on familiar-scaffold. color is specified by scaffold length (k). scale of y-axis is matched among graphs.",line chart,True,2,closed-ended finite answer set non-binary non-visual,what are the values of k that represent the lines trained on the familiar-scaffold set?,,arxiv,['cs.cl cs.lg'],scigraphqa,2010.04650,https://arxiv.org/pdf/2010.04650v1
a36827e0c773b0741296af8952aea795,a,a,a36827e0c773b0741296af8952aea795,"a,c","a,c",1803.00047v4-figure10-1.png,1803.00047v4-figure10-1,"figure 10. scatter plot showing log-probability and bleu of samples drawn from the model for four sentences taken from the test set of wmt’14 en-fr (each color corresponds to a different test sentence). (1) shows samples where the model copied the source sentence, yielding very large likelihood but low bleu. (2) and (3) are valid translations of the same source sentence, except that (2) is a cluster of samples using different choice of words.",scatter plot,False,1,closed-ended finite answer set non-binary non-visual,what is the log-probability for the sent #115 with the highest blue score?,,arxiv,['cs.cl'],scigraphqa,1803.00047,https://arxiv.org/pdf/1803.00047v4
0f4676e9bf334cb51491fe7e26a46b78,d,d,0f4676e9bf334cb51491fe7e26a46b78,"a,b,c,d","a,b,c,d",2020.acl-main.574.pdf-figure3.png,2020.acl-main.574.pdf-figure3,"figure 3: visualization of learned representations on conll-03 test dataset. entity types are represented in different shapes with red for per, blue for org, green for loc and orange for misc. rare entities are represented using bigger points. the points with x are for the delexicalized entities.",scatter plot,False,1,closed-ended finite answer set non-binary non-visual,which of the following entity types are represented in the figure?,,acl,nan,aclfig,2020.acl-main.574,https://aclanthology.org/2020.acl-main.574.pdf
9826e698c43264767095c72883665356,m,m,9826e698c43264767095c72883665356,d,d,2020.acl-main.493.pdf-figure10.png,2020.acl-main.493.pdf-figure10,"figure 10: t-sne visualization of syntactic differences in all languages we study, projected to 32 dimensions using pca.",scatter plot,False,1,closed-ended finite answer set non-binary non-visual,which of the following is not a syntactic difference visualized in the figure?,,acl,nan,aclfig,2020.acl-main.493,https://aclanthology.org/2020.acl-main.493.pdf
a6e712719aa361489311289017ddb75c,d,d,a6e712719aa361489311289017ddb75c,"a,d","a,d",n18-1044.pdf-figure2.png,n18-1044.pdf-figure2,"figure 2: diagram of difftime. timevec(t) encodes temporal information as a vector. mw encodes lexical information as a matrix. the target vector for w at time t, usew (w, t), is found by combining transw and timevec(t). context version usec(c, t) is the same except that it has its own embedding layer.",neural networks,False,1,closed-ended finite answer set non-binary non-visual,what are the components of difftime?,,acl,nan,aclfig,n18-1044,https://aclanthology.org/n18-1044.pdf
0718db4b69dafd36dc3415efcf7fb066,a,a,0718db4b69dafd36dc3415efcf7fb066,rhem,rhem,y17-1032.pdf-figure1.png,y17-1032.pdf-figure1,figure 1: annotation of discourse relations in pdit 2.0. the relations are represented by two orange arrows connecting roots of the arguments. information about the discourse types and connectives is given at the starting node of the relations.,tree,False,1,closed-ended finite answer set non-binary non-visual,what is the label of the word 'dokonce'?,,acl,nan,aclfig,y17-1032,https://aclanthology.org/y17-1032.pdf
6bd3512172248755a5bbfe79cbaae306,b,b,6bd3512172248755a5bbfe79cbaae306,a,a,w12-4625.pdf-figure9.png,w12-4625.pdf-figure9,figure 9: linguistic application of constraint redirect,tree,False,1,closed-ended finite answer set non-binary non-visual,what is the grammatical function of the word 'gens'?,,acl,nan,aclfig,w12-4625,https://aclanthology.org/w12-4625.pdf
20de03ff96c3ef22ed758d7839699cd4,d,d,20de03ff96c3ef22ed758d7839699cd4,c,c,1996.amta-1.1.pdf-figure3.png,1996.amta-1.1.pdf-figure3,fig. 3. concepts linked in the reverb translation memory.,architecture diagram,False,1,closed-ended finite answer set non-binary non-visual,how many chunks are included in case 1 in the diagram?,,acl,nan,aclfig,1996.amta-1.1,https://aclanthology.org/1996.amta-1.1.pdf
d0c492fc723abf319efed2a700c05d29,d,d,d0c492fc723abf319efed2a700c05d29,c,c,2007.03184v1-figure5-1.png,2007.03184v1-figure5-1,fig. 5: sensitivity analysis of maximum length of input sequence,line chart,True,4,closed-ended finite answer set non-binary non-visual,which task(s) show a consistently decreasing trend in performance as the length of input sequence increases?,,arxiv,['cs.ai cs.cl cs.lg'],scigraphqa,2007.03184,https://arxiv.org/pdf/2007.03184v1
e307d20a23d2c5e819834c661dffca96,b,b,e307d20a23d2c5e819834c661dffca96,a,a,1603.00423v1-figure6-1.png,1603.00423v1-figure6-1,figure 6: ratios at depth 10 in each epoch of training the rnn (a) and the rlstm (b).,box plot,True,2,closed-ended finite answer set non-binary non-visual,what is the approximate accuracy at epoch 2 in the rlstm plot?,,arxiv,['cs.ai cs.cl cs.ne'],scigraphqa,1603.00423,https://arxiv.org/pdf/1603.00423v1
8844b62df2c194ed410efad4385a6a13,"a,b,c,d","a,b,c,d",8844b62df2c194ed410efad4385a6a13,"a,b,c","a,b,c",2005.07174v1-figure6-1.png,2005.07174v1-figure6-1,figure 6: effect of class labels on uncertainty estimates.,box plot,True,3,closed-ended finite answer set non-binary non-visual,which of the following class labels were used in the uncertainty estimation study?,,arxiv,['cs.cl cs.lg'],scigraphqa,2005.07174,https://arxiv.org/pdf/2005.07174v1
a1464d727219cea091aa768512801e69,"a,d","a,d",a1464d727219cea091aa768512801e69,d,d,w16-4821.pdf-figure3.png,w16-4821.pdf-figure3,figure 3: the confusion matrix of the system as in run3 (table 3).,confusion matrix,False,1,closed-ended finite answer set non-binary non-visual,which of the following labels are perfectly predicted by the system in run3?,,acl,nan,aclfig,w16-4821,https://aclanthology.org/w16-4821.pdf
f2014c964e8608e4b47a8195e381d647,d,d,f2014c964e8608e4b47a8195e381d647,"a,b,c,d","a,b,c,d",2020.lrec-1.751.pdf-figure4.png,2020.lrec-1.751.pdf-figure4,figure 4: most popular subreddits for genders,pie chart,False,1,closed-ended finite answer set non-binary non-visual,which of the subreddits below have different rank among males and females?,,acl,nan,aclfig,2020.lrec-1.751,https://aclanthology.org/2020.lrec-1.751.pdf
1643ae95dea227126de1b1aab59c1fe9,d,d,1643ae95dea227126de1b1aab59c1fe9,"b,c","b,c",1707.00110v1-figure4-1.png,1707.00110v1-figure4-1,figure 4: comparing training curves for en-fi and en-tr with sigmoid encoder scoring and softmax decoder scoring and position encoding. note that en-tr curves converged very quickly.,line chart,True,2,closed-ended finite answer set non-binary non-visual,at approximately what number of steps does log perplexity reach its minimum for en-tr?,,arxiv,['cs.cl'],scigraphqa,1707.00110,https://arxiv.org/pdf/1707.00110v1
06083c12b1a398b2033f488480cecf35,b,b,06083c12b1a398b2033f488480cecf35,"a,c","a,c",2002.07106v2-figure11-1.png,2002.07106v2-figure11-1,"figure 11. comparing the fraction of gl = 1.0 (equivalent to the fraction of times a particular sub-network was active) for all layers in the encoder and decoder at different budgets. sa, ff and ca correspond to the self-attention, feed-forward (averaged over m ) and cross-attention sub-networks respectively, while p0.2 and p0.5 indicate the computation budget.",line chart,True,2,closed-ended finite answer set non-binary non-visual,which of the following sub-networks are represented in the figure for p=0.5?,,arxiv,['cs.lg cs.cl stat.ml'],scigraphqa,2002.07106,https://arxiv.org/pdf/2002.07106v2
b9cdb80d685e57b3021145838d571027,d,d,b9cdb80d685e57b3021145838d571027,"b,c","b,c",1806.08462v2-figure3-1.png,1806.08462v2-figure3-1,"figure 3: learning curves of the kl term in the vae loss function (λ ·kl) for different values of λ, and the variant where λ is annealed.",line chart,False,1,closed-ended finite answer set non-binary non-visual,which value of λ had the lowest λ · kl (batch average) after 500 iterations?,,arxiv,['cs.cl cs.lg stat.ml'],scigraphqa,1806.08462,https://arxiv.org/pdf/1806.08462v2
d205f61f1c8cf2ecc734fc465da8cbda,a,a,d205f61f1c8cf2ecc734fc465da8cbda,"a,b,c,d","a,b,c,d",2010.03763v2-figure3-1.png,2010.03763v2-figure3-1,figure 3: correlation on bird dataset with phrases embedded in sentence context (context-available input setting).,line chart,True,10,closed-ended finite answer set non-binary non-visual,which model achieves highest correlation across all methods and layers without abba?,,arxiv,['cs.cl'],scigraphqa,2010.03763,https://arxiv.org/pdf/2010.03763v2
905ed5291086fcd6512203b1458f340e,a,a,905ed5291086fcd6512203b1458f340e,"b,c","b,c",1306.4890v1-figure2-1.png,1306.4890v1-figure2-1,"fig. 2. the percentage of the original text in x-axis vs. ake metrics in y-axis. the evaluation performed in the test set used the manhattan metric, 10% and 20% ssc obtained the precision and recall extracting: (a) 10, (b) 20 and (c) 30 key phrases.",line chart,True,6,closed-ended finite answer set non-binary non-visual,what is the highest precision value marked on the y axis of any plot in figure 2?,,arxiv,['cs.cl cs.ir'],scigraphqa,1306.4890,https://arxiv.org/pdf/1306.4890v1
6028bef6e0818a49ac9aea2dc76dcc0b,b,b,6028bef6e0818a49ac9aea2dc76dcc0b,"b,c","b,c",1507.04116v1-figure12-1.png,1507.04116v1-figure12-1,"fig. 12: neural network learning. error vs epoch of training. upper panel: english vs italian. lower panel: french vs swedish. notice that the error on english (namely the percentage of english sentences that are mistakenly classified as italian) is higher than the error on italian. by contrast, the error of french vs swedish is almost symmetric.",line chart,True,2,closed-ended finite answer set non-binary non-visual,which language pair was trained for at least 80 epochs?,,arxiv,['cond-mat.dis-nn cs.cl cs.ne physics.soc-ph'],scigraphqa,1507.04116,https://arxiv.org/pdf/1507.04116v1
d21b73db0678bb773952ab1181cd594f,d,d,d21b73db0678bb773952ab1181cd594f,"c,d","c,d",1705.03556v2-figure6-1.png,1705.03556v2-figure6-1,"the performance of relevance-based embedding models with respect to different amount of training data (training queries), in terms of f1-measure.",line chart,False,1,closed-ended finite answer set non-binary non-visual,what is the minimum f1 value marked on the y axis of the graph in figure 6?,,arxiv,['cs.ir cs.cl cs.lg cs.ne'],scigraphqa,1705.03556,https://arxiv.org/pdf/1705.03556v2
756ce2b8a8169a2f3c32d413d1ebccfa,"b,c","b,c",756ce2b8a8169a2f3c32d413d1ebccfa,"a,b,c,d","a,b,c,d",2011.04640v1-figure3-1.png,2011.04640v1-figure3-1,figure 3: perplexity on ptb by state size |z| (λ = 0.5 and m = 128).,line chart,False,1,closed-ended finite answer set non-binary non-visual,what is the difference in ppl values between consecutive y ticks?,,arxiv,['cs.cl cs.lg'],scigraphqa,2011.04640,https://arxiv.org/pdf/2011.04640v1
b4c6e60176215c3ad28db794ee3d106a,f,f,b4c6e60176215c3ad28db794ee3d106a,"c,d","c,d",1904.02668v4-figure3-1.png,1904.02668v4-figure3-1,"figure 3: inoculation by fine-tuning results. (a–e): nli accuracy for the esim and decomposable attention (da) models. (f): reading comprehension f1 scores for the bidaf and qanet models. fine-tuning on a small number of word overlap (a) and negation (b) examples erases the performance gap (outcome 1). fine-tuning does not yield significant improvement on spelling errors (c) and length mismatch (d), but does not degrade original performance either (outcome 2). fine-tuning on numerical reasoning (e) closes the gap entirely, but also reduces performance on the original dataset (outcome 3). on adversarial squad (f), around 60% of the performance gap is closed after fine-tuning, though performance on the original dataset decreases (outcome 3). on each challenge dataset, we observe similar trends between different models.",line chart,True,6,closed-ended finite answer set non-binary non-visual,in which graph are there y ticks with values that are not multiples of five?,,arxiv,['cs.cl'],scigraphqa,1904.02668,https://arxiv.org/pdf/1904.02668v4
b64d17cc74a87b1edd9669dbe5dc3460,"b,d","b,d",b64d17cc74a87b1edd9669dbe5dc3460,"c,d","c,d",1609.01962v1-figure2-1.png,1609.01962v1-figure2-1,fig. 2. micro-f1 and macro-f1 scores for different methods versus the size of the target rumour used for training in the lpo setting on the pheme dataset. the test set is fixed to all but the first 50 tweets of the target rumour.,line chart,True,2,closed-ended finite answer set non-binary non-visual,which methods have their micro-f1 score decreasing as the size of the target rumour used for training increases?,,arxiv,['cs.cl cs.ir cs.si'],scigraphqa,1609.01962,https://arxiv.org/pdf/1609.01962v1
147e56605dafbf1d8d1969588d955044,a,a,147e56605dafbf1d8d1969588d955044,b,b,1808.07733v1-figure1-1.png,1808.07733v1-figure1-1,"figure 1: variation in models trained on sst-2 (sentenceonly). accuracies of 100 randomly initialized models are plotted against the number of epochs of training (in gray), along with their average accuracies (in red, with 95% confidence interval error bars). the inset density plot shows the distribution of accuracies when trained with early stopping.",line chart,True,2,closed-ended finite answer set non-binary non-visual,what is the lowest x-value shown in the density plot?,,arxiv,['cs.cl'],scigraphqa,1808.07733,https://arxiv.org/pdf/1808.07733v1
5ce9767e9b02a392b554cf900e6c8f95,"a,b","a,b",5ce9767e9b02a392b554cf900e6c8f95,"b,c,d","b,c,d",2006.13760v1-figure3-1.png,2006.13760v1-figure3-1,figure 3: training and test performance when training on restricted sets of seeds.,line chart,True,2,closed-ended finite answer set non-binary non-visual,which of the following sets of seeds demonstrates the largest difference between training and test performance in the 'score' subplot?,,arxiv,['cs.lg cs.ai cs.cl cs.ne stat.ml'],scigraphqa,2006.13760,https://arxiv.org/pdf/2006.13760v1
127b03a2348d1e543252a799c8d39f8d,"a,b,c","a,b,c",127b03a2348d1e543252a799c8d39f8d,"a,b,c,d","a,b,c,d",1712.06086v1-figure3.5-1.png,1712.06086v1-figure3.5-1,figure 3.5: log-energy decay of h[n],line chart,False,1,closed-ended finite answer set non-binary non-visual,"according to figure 3.5 and its caption, which of the following statements about t60 are true?",,arxiv,['cs.cl cs.sd eess.as'],scigraphqa,1712.06086,https://arxiv.org/pdf/1712.06086v1
7f210bd432fba8ee433918d45db0d545,"a,c,d","a,c,d",7f210bd432fba8ee433918d45db0d545,"a,b,c,d","a,b,c,d",2005.04245v1-figure6-1.png,2005.04245v1-figure6-1,"figure 6: mean naive distance, backwards-range (←−σ ), and % of utterances with questions, per segment for riskassessed (orange) and non-risk-assessed (black) conversations; solid circles indicate statistically significant differences (wilcoxon p < 0.01, comparing conversation types within counselor).",line chart,True,3,closed-ended finite answer set non-binary non-visual,which of the following conversation segments have statistically significant differences between risk-assessed and non-risk-assessed conversations in the 'naive distance' plot?,,arxiv,['cs.cl'],scigraphqa,2005.04245,https://arxiv.org/pdf/2005.04245v1
f4f1cd261548284e30c2ec86110a3305,"a,c","a,c",f4f1cd261548284e30c2ec86110a3305,"a,b,c","a,b,c",2011.03469v1-figure4-1.png,2011.03469v1-figure4-1,"figure 4: accuracy evolution over layers on grammatical, locative, and infinitive probing tasks, in char-d7 and bpe-d7, using randlstm and max for composition, respectively.",line chart,True,3,closed-ended finite answer set non-binary non-visual,in which of the following tasks is char-d7 higher than bpe-d7?,,arxiv,['cs.cl'],scigraphqa,2011.03469,https://arxiv.org/pdf/2011.03469v1
bae706b9b72df178c3f58f1e440444ae,"a,b","a,b",bae706b9b72df178c3f58f1e440444ae,a,a,2017.lilt-15.3.pdf-figure4.png,2017.lilt-15.3.pdf-figure4,"figure 4: results for a configuration with best parameters values: lstm rnn with 2 layers of 1350 units, dropout rate 0.1, vocabulary size 100k, training on 90%, and lexical embedding dimension size 150",line chart,False,1,closed-ended finite answer set non-binary non-visual,which of the following have a value lower than 0.8 at x = 6?,,acl,nan,aclfig,2017.lilt-15.3,https://aclanthology.org/2017.lilt-15.3.pdf
426ce7d5ffb680630ebd14f8be915a4b,"a,a","a,a",426ce7d5ffb680630ebd14f8be915a4b,"a,b","a,b",2010.11230v1-figure4-1.png,2010.11230v1-figure4-1,"figure 4: comparison of the supervised training baseline and the proposed self-supervised pretraining methods for the in-domain test set using different number of training samples (top: auc-pr, bottom: auc-roc).",line chart,True,2,closed-ended finite answer set non-binary non-visual,which of the following methods reach an auc-pr score of more than 80% at 10^4 training samples?,,arxiv,['cs.lg cs.cl'],scigraphqa,2010.11230,https://arxiv.org/pdf/2010.11230v1
ea53d8f06983e1ff52f792ca39aa53ae,"c,d","c,d",ea53d8f06983e1ff52f792ca39aa53ae,c,c,1911.01324v1-figure1-1.png,1911.01324v1-figure1-1,figure 1: two example sentiment trajectories.,line chart,True,2,closed-ended finite answer set non-binary non-visual,what is the range of the sentiment in bot plots?,,arxiv,['cs.si cs.cl'],scigraphqa,1911.01324,https://arxiv.org/pdf/1911.01324v1
1590a1f36db5e0f514e949af37257b27,"a,a,a,a","a,a,a,a",1590a1f36db5e0f514e949af37257b27,"a,c,d","a,c,d",1709.05227v1-figure4-1.png,1709.05227v1-figure4-1,"figure 4: errors corrected for dynamic-proposed and several other settings (see table 7.2), plotted against update frequency (first 3 methods) or enrollment time (following 2 methods) as described in the text.",line chart,False,1,closed-ended finite answer set non-binary non-visual,which of the following settings are dynamic?,,arxiv,['cs.cl'],scigraphqa,1709.05227,https://arxiv.org/pdf/1709.05227v1
2969acda99e768263f80e1d7856a4d36,a,a,2969acda99e768263f80e1d7856a4d36,"a,b","a,b",1705.03261v2-figure5-1.png,1705.03261v2-figure5-1,fig. 5. the f1 scores on the whole testing set,line chart,False,1,closed-ended finite answer set non-binary non-visual,"which of the following configurations of rnn, word embedding, and att achieve a f1 score above 0.7 at least once during training?",,arxiv,['cs.cl'],scigraphqa,1705.03261,https://arxiv.org/pdf/1705.03261v2
3a812546aeee78b8e74fd23ebc8edd0f,d,d,3a812546aeee78b8e74fd23ebc8edd0f,"a,b,c","a,b,c",1810.11804v1-figure10-1.png,1810.11804v1-figure10-1,"fig. 10. excerpt of reconstructed temporal profile of human-robot interaction: the given excerpt, taken from the reconstructed profile of p14’s 3rd session, displays the temporal relation between prohibitive utterances and utterances of disallowance (top blue line), the robot’s sensing of pressure being applied to its arm (middle red line), and the robot’s internal motivation (bottom green line).",line chart,False,1,closed-ended finite answer set non-binary non-visual,what are the labels in y-axis?,,arxiv,['cs.cl cs.ai cs.ro'],scigraphqa,1810.11804,https://arxiv.org/pdf/1810.11804v1
3eaf2f448521399a15cf88e15ba72b1e,a,a,3eaf2f448521399a15cf88e15ba72b1e,"b,c","b,c",1905.04914v1-figure6-1.png,1905.04914v1-figure6-1,figure 6. comparison of degree distributions of the entity alignment datasets extracted by different methods,line chart,True,2,closed-ended finite answer set non-binary non-visual,"which of the methods, in '(b) wikidata' plot have a cumulative distribution of 8 at degree 5?",,arxiv,['cs.ai cs.cl cs.lg'],scigraphqa,1905.04914,https://arxiv.org/pdf/1905.04914v1
c08d420f44cc77d34cb0ab207b9a8e30,"b,c","b,c",c08d420f44cc77d34cb0ab207b9a8e30,"a,c","a,c",2010.04736v1-figure12-1.png,2010.04736v1-figure12-1,"figure 12: accuracy, sufficiency and comprehensiveness of logistic regressions models by regularization term c.",line chart,True,3,closed-ended finite answer set non-binary non-visual,which of the following datasets have normalized sufficiency values that are greater than 0.4 for c=10?,,arxiv,['cs.cl cs.ai cs.cy cs.hc cs.lg'],scigraphqa,2010.04736,https://arxiv.org/pdf/2010.04736v1
428aa6d4f6b7ca6bc4555c59fc69700b,b,b,428aa6d4f6b7ca6bc4555c59fc69700b,"b,c","b,c",1907.08922v1-figure1-1.png,1907.08922v1-figure1-1,figure 1: female employment numbers,line chart,False,1,closed-ended finite answer set non-binary non-visual,what is the range of the values presented in the y-axis?,,arxiv,['cs.cl cs.cy cs.lg stat.ml'],scigraphqa,1907.08922,https://arxiv.org/pdf/1907.08922v1
ca2b40c47c365017f4b9e973b468016c,d,d,ca2b40c47c365017f4b9e973b468016c,"a,b,c,d","a,b,c,d",1011.2575v1-figure2-1.png,1011.2575v1-figure2-1,"figure 2: comparison of statistical models with various states k and model orders on acoustic features of bengalese finch song. (a-b) plot of lower bound on marginal log likelihood. larger this bound, the more appropriate model is for representing given data. for both cases, first-order hmm gave largest bound provided there was sufficient number of states available. (c-d) cross validated log-likelihood on test data sets obtained from same bird on same date but ten different bouts from those used for training model. (a,c): representative bird (bf08). (b, d): average over all birds on normalized value. error bars indicate standard deviation.",line chart,True,4,closed-ended finite answer set non-binary non-visual,what models are presented in the figure?,,arxiv,['q-bio.nc cs.cl'],scigraphqa,1011.2575,https://arxiv.org/pdf/1011.2575v1
c363664ceee55c6dc499cca40416d711,d,d,c363664ceee55c6dc499cca40416d711,"a,c","a,c",1908.07181v5-figure3-1.png,1908.07181v5-figure3-1,figure 3: elbo and bleu scores measured with the target predictions obtained at each inference step for aspec ja-en and wmt’14 en-de datasets.,line chart,False,1,closed-ended finite answer set non-binary non-visual,what is the range of the values of elbo?,,arxiv,['cs.cl cs.lg'],scigraphqa,1908.07181,https://arxiv.org/pdf/1908.07181v5
d6d884dbcb7067bb6e6d78ba683d7120,"c,a","c,a",d6d884dbcb7067bb6e6d78ba683d7120,"c,d","c,d",1905.11658v3-figure3-1.png,1905.11658v3-figure3-1,figure 3: effect of l2 and l3.,line chart,True,2,closed-ended finite answer set non-binary non-visual,which of the following values of lambda show an increased accuracy with l3 compared to l2?,,arxiv,['cs.cl'],scigraphqa,1905.11658,https://arxiv.org/pdf/1905.11658v3
cf8d618168935019575ace55a2e9c508,c,c,cf8d618168935019575ace55a2e9c508,a,a,2006.00249v1-figure5-1.png,2006.00249v1-figure5-1,"figure 5: effect of dynamic mask with different source prediction strategies. the strategies are explained in section 3, and the oracle means that we use the full-sentence translation to set the mask.",line chart,True,2,closed-ended finite answer set non-binary non-visual,what are the ranges of the values for the normalized erasure in the y-axis for the rightmost plot?,,arxiv,['cs.cl'],scigraphqa,2006.00249,https://arxiv.org/pdf/2006.00249v1
87b6055156cf09770e081dec65235d37,d,d,87b6055156cf09770e081dec65235d37,a,a,2006.00838v1-figure8-1.png,2006.00838v1-figure8-1,"figure 8: uas for different models for arabic, dutch, finnish, and russian development treebanks.",line chart,True,4,closed-ended finite answer set non-binary non-visual,which language development treebank has the highest uas value for 100?,,arxiv,['cs.cl'],scigraphqa,2006.00838,https://arxiv.org/pdf/2006.00838v1
864825e6d09c6c229591b10d4de22174,b,b,864825e6d09c6c229591b10d4de22174,a,a,1401.5390v1-figure10-1.png,1401.5390v1-figure10-1,"figure 10: observed game score as a function of monte-carlo roll-outs for our text-aware full model, and the text-unaware latent-variable model. model parameters are updated after each roll-out, thus performance improves with roll-outs. as can be seen, our full model’s performance improves dramatically over a small number of roll-outs, demonstrating the benefit it derives from textual information.",line chart,False,1,closed-ended finite answer set non-binary non-visual,what is the approximate maximum game score observed?,,arxiv,['cs.cl cs.ai cs.lg'],scigraphqa,1401.5390,https://arxiv.org/pdf/1401.5390v1
af4cc75687032531d5eef733f4cfd248,a,a,af4cc75687032531d5eef733f4cfd248,d,d,1805.00471v1-figure3-1.png,1805.00471v1-figure3-1,"figure 3. for the arkansas dataset, the average topic distance between the “training” half and “validation” half the black interviewer dataset (the “baseline”) compared to the average topic distance between the “training” half of the black interviewer dataset and the white interviewer dataset (the “dist”).",line chart,False,1,closed-ended finite answer set non-binary non-visual,what is the approximate maximum value achieved by distance?,,arxiv,['cs.cl'],scigraphqa,1805.00471,https://arxiv.org/pdf/1805.00471v1
05b2909907f5b076a9b3e20db950978f,"b,c","b,c",05b2909907f5b076a9b3e20db950978f,"b,d","b,d",2010.06396v2-figure4-1.png,2010.06396v2-figure4-1,"figure 4: in this figure we show the kl divergence to human attention of cnn and the lstm models (cf. figure 4a as well as of cnn and the xlnet models (cf. figure 4b) to point out the differences between models. the cnn model divergences are highlighted in the large blue dots, and lstm and xlnet models are indicated in smaller orange dots. the correctness (in red) indicated on the right y-axis, shows the number correct cnn models per document.",scatter plot,True,2,closed-ended finite answer set non-binary non-visual,"against what are cnn, lstm, and xlnet being compared?",,arxiv,['cs.cl'],scigraphqa,2010.06396,https://arxiv.org/pdf/2010.06396v2
231ca81999df29a2b436cace90814eeb,d,d,231ca81999df29a2b436cace90814eeb,b,b,d17-1005.pdf-figure3.png,d17-1005.pdf-figure3,"figure 3: graphical model of oc,is correctness",graph,False,1,closed-ended finite answer set non-binary non-visual,which of the following is the final state?,,acl,nan,aclfig,d17-1005,https://aclanthology.org/d17-1005.pdf
24654f32fceee3b00d8f147ee5a2699d,,nan,24654f32fceee3b00d8f147ee5a2699d,a,a,d13-1130.pdf-figure1.png,d13-1130.pdf-figure1,figure 1: an example of a lattice l.,graph,False,1,closed-ended finite answer set non-binary non-visual,"which of the following nodes have incoming edges from node 2,1?",,acl,nan,aclfig,d13-1130,https://aclanthology.org/d13-1130.pdf
cacf1343da049693dae1a94afb4a7270,a,a,cacf1343da049693dae1a94afb4a7270,"a,d","a,d",c02-1151.pdf-figure1.png,c02-1151.pdf-figure1,figure 1: conceptual view of entities and relations,graph,True,1,closed-ended finite answer set non-binary non-visual,what relations are associated with e1?,,acl,nan,aclfig,c02-1151,https://aclanthology.org/c02-1151.pdf
37d9d2254d254f9fe2537e192bf83ace,b,b,37d9d2254d254f9fe2537e192bf83ace,a,a,1310.7782v2-figure5-1.png,1310.7782v2-figure5-1,"figure 5. numerical world color survey with human jnds: weakness of the bias. the histogram of the squared distance d = ∑14 i=1(xi − xi) 2 between the position of the i-th centroid and its average (“typical”) value. black data represent the statistics of those populations displaying 14 linguistic categories at the end of category game simulations with the human jnd, which were roughly ∼ 1300 of the total 5000 considered populations. the inset displays the actual values of d for each population. green and red data come from a “random” model where each “language” is produced by a uniform random distribution of 14 category centroids. a random case with a very large number of languages (red curve) represents the “ideal” statistics of such a model. the distances d from the average pattern (shown in the inset) appear to have a larger average drand than the category game model dcg (where by d we refer to the mean value of the random and the cg cases, respectively), but since we are interested in the fluctuations we have rescaled the random model data, dividing them by drand/dcg, in order to compare the histograms. a power law fit ∼ x−3 is also shown as a guide for the eye.",line chart,True,1,closed-ended finite answer set non-binary non-visual,what is the number of languages of the category game?,,arxiv,['physics.soc-ph cs.cl cs.ma q-bio.pe'],scigraphqa,1310.7782,https://arxiv.org/pdf/1310.7782v2
a100d01aee3d6da7fe4483bdf52c8e5d,b,b,a100d01aee3d6da7fe4483bdf52c8e5d,a,a,1302.4619v1-figure3-1.png,1302.4619v1-figure3-1,"figure 3. node degree distribution (log-log scale) of chvg constructed from “the master and margarita” (a) and “moby-dick; or, the whale” (b). horizontal axis contains node degrees k, vertical axis shows the values 1 – f(k), where f(k) is a distribution function of node degrees",line chart,True,2,closed-ended finite answer set non-binary non-visual,which of these books has a higher r-squared value for its node degree distribution?,,arxiv,['cs.cl cs.ds'],scigraphqa,1302.4619,https://arxiv.org/pdf/1302.4619v1
2e5e18939fbd49fbae72997a38c7d32b,"a,b","a,b",2e5e18939fbd49fbae72997a38c7d32b,b,b,y11-1002.pdf-figure2.png,y11-1002.pdf-figure2,figure 2: maximum matching and candidate generation,tree,False,1,closed-ended finite answer set non-binary non-visual,how is the name 'markstein' divided during the syllabification step?,,acl,nan,aclfig,y11-1002,https://aclanthology.org/y11-1002.pdf
f1c4e2c885b41c624d8e32e31da0be07,"a,b","a,b",f1c4e2c885b41c624d8e32e31da0be07,a,a,w12-0703.pdf-figure5.png,w12-0703.pdf-figure5,"figure 5: figure of box plots for different inference iterations i and m = 1000, t = 100,  = 50/t ,  = 0.1, r = 1 .",box plot,False,1,closed-ended finite answer set non-binary non-visual,at which iteration number is the median p_k value the highest?,,acl,nan,aclfig,w12-0703,https://aclanthology.org/w12-0703.pdf
b646ab07ed49a44e02922069e445dac9,"c,d","c,d",b646ab07ed49a44e02922069e445dac9,d,d,2003.11520v1-figure2-1.png,2003.11520v1-figure2-1,"fig. 2: classifier bias on (islam, christianity)",violin plot,False,1,closed-ended finite answer set non-binary non-visual,which of the following models are used in the experiment?,,arxiv,['cs.cl cs.lg stat.ml'],scigraphqa,2003.11520,https://arxiv.org/pdf/2003.11520v1
593adf2fbeea12bd838080bed94994ed,d,d,593adf2fbeea12bd838080bed94994ed,"a,d","a,d",w16-1003.pdf-figure4.png,w16-1003.pdf-figure4,figure 4: confusion matrix for activities without using an ontology.,confusion matrix,False,1,closed-ended finite answer set non-binary non-visual,which of the following activities is not represented in the graph?,,acl,nan,aclfig,w16-1003,https://aclanthology.org/w16-1003.pdf
32e3d07e669ade3f39f7ab46552f0742,a,a,32e3d07e669ade3f39f7ab46552f0742,c,c,w16-2001.pdf-figure5.png,w16-2001.pdf-figure5,"figure 5: sax-mindist(left) and f0-euclidean (right) distance matrix of 1920 mandarin tones sorted by tone category. tones are ordered by tone categories along the x- and y-axis. origin at top left corner (i.e., on both axis data points are ordered by 480 instances of tone 1, tone 2, tone 3, and tone 4 when moving away from origin).","confusion matrix,heat map",True,2,closed-ended finite answer set non-binary non-visual,which distance matrix has the largest range of values?,,acl,nan,aclfig,w16-2001,https://aclanthology.org/w16-2001.pdf
363caad68ed700c33eed348baea696fb,"a,b,d","a,b,d",363caad68ed700c33eed348baea696fb,"a,b,c,d","a,b,c,d",w16-4821.pdf-figure1.png,w16-4821.pdf-figure1,figure 1: the confusion matrix of the system as in run1 (table 1).,confusion matrix,False,1,closed-ended finite answer set non-binary non-visual,which of the following languages were correctly identified more than 50% of the time?,,acl,nan,aclfig,w16-4821,https://aclanthology.org/w16-4821.pdf
6c486b65bc8c222430e3dc9bbb5aa30c,"a,b,c,d","a,b,c,d",6c486b65bc8c222430e3dc9bbb5aa30c,d,d,2020.acl-main.309.pdf-figure3.png,2020.acl-main.309.pdf-figure3,"figure 3: an ablation study to see the performance of models trained with reduced explicit negative examples (token-level and construction-level). one color represents the same models across plots, except the last bar (construction-level), which is different for each plot.",bar chart,True,4,closed-ended finite answer set non-binary non-visual,"based on the caption and the information provided in figure 3, which model training methods are compared in this ablation study?",,acl,nan,aclfig,2020.acl-main.309,https://aclanthology.org/2020.acl-main.309.pdf
41d9967f3cb97080f3b5be8fd432ba04,"a,b,c,d","a,b,c,d",41d9967f3cb97080f3b5be8fd432ba04,"a,b,d","a,b,d",c10-2016.pdf-figure3.png,c10-2016.pdf-figure3,figure 3: the distribution of pos tags based on the output em algorithm in chinese using the 500k dataset. tag t-n-y% means that there are n hidden states mapped to the specific pos tag t accounting for y% of word tokens tagged with these n states by the em algorithm.,pie chart,False,1,closed-ended finite answer set non-binary non-visual,which of the following pos tags account for more than 10% of word tokens tagged by the em algorithm?,,acl,nan,aclfig,c10-2016,https://aclanthology.org/c10-2016.pdf
4dc13dd8b44b5e7a7f3e33ba8d89d8d5,c,c,4dc13dd8b44b5e7a7f3e33ba8d89d8d5,"b,c","b,c",2020.lrec-1.399.pdf-figure1.png,2020.lrec-1.399.pdf-figure1,figure 1: distribution of names with a certain length in characters,histogram,False,1,closed-ended finite answer set non-binary non-visual,which of these name lengths have the highest frequency?,,acl,nan,aclfig,2020.lrec-1.399,https://aclanthology.org/2020.lrec-1.399.pdf
a1849c94999dfb0773ba740141d51a67,"a,c","a,c",a1849c94999dfb0773ba740141d51a67,"a,b","a,b",1908.06039v3-figure6-1.png,1908.06039v3-figure6-1,"figure 6: learning curve of cnn+proto (left) v.s. our (right) on the reuters dataset. we plot average 5-way 1-shot accuracy over 50 episodes sampled from seen classes (blue) and unseen classes (red). while our has weaker representational power, it generalizes better to unseen classes.",line chart,True,2,closed-ended finite answer set non-binary non-visual,which approach has a higher average accuracy?,,arxiv,['cs.cl cs.lg'],scigraphqa,1908.06039,https://arxiv.org/pdf/1908.06039v3
bc99369495a90e089e3aaeaa0ca297a5,b,b,bc99369495a90e089e3aaeaa0ca297a5,"b,c","b,c",1908.08419v3-figure5-1.png,1908.08419v3-figure5-1,fig. 5 comparisons between different sampling strategies when the ratio of initial labeled set and unlabeled set is 3:7.,line chart,True,2,closed-ended finite answer set non-binary non-visual,what is the range of improvement in the f1 score with bigram features as the number of iterations increases?,,arxiv,['cs.cl'],scigraphqa,1908.08419,https://arxiv.org/pdf/1908.08419v3
399d6965695b50db8903a72cc0e19289,d,d,399d6965695b50db8903a72cc0e19289,"a,b,c,d","a,b,c,d",1611.00457v1-figure6-1.png,1611.00457v1-figure6-1,figure 6. proportion of balanced triangles with different proportions of positive edges in traditional balance theory,line chart,False,1,closed-ended finite answer set non-binary non-visual,which of the following factors is investigated in this figure?,,arxiv,['cs.si cs.cl'],scigraphqa,1611.00457,https://arxiv.org/pdf/1611.00457v1
b24fd543048932d07a0befa616420b13,"a,b","a,b",b24fd543048932d07a0befa616420b13,"a,c","a,c",1906.03656v1-figure5-1.png,1906.03656v1-figure5-1,figure 5: pre-training performance vs. downstream accuracy on yelp. performance measured on validation data. there is no apparent correlation between bleu and downstream accuracy.,line chart,False,1,closed-ended finite answer set non-binary non-visual,which cnn ends with a higher accuracy than it started with?,,arxiv,['cs.cl'],scigraphqa,1906.03656,https://arxiv.org/pdf/1906.03656v1
2d26854cd1956d41d915ae5b86229e33,b,b,2d26854cd1956d41d915ae5b86229e33,"b,c","b,c",1804.05017v1-figure6-1.png,1804.05017v1-figure6-1,"fig. 6. the impact of different number of hidden units on the performance of our proposed approach in terms of precision, recall and f1-measure.",line chart,False,1,closed-ended finite answer set non-binary non-visual,which of the following performance measures achieves a value above 0.915?,,arxiv,['cs.cl'],scigraphqa,1804.05017,https://arxiv.org/pdf/1804.05017v1
fb1de037b76bca51a18f45a95833dbd8,"a,d","a,d",fb1de037b76bca51a18f45a95833dbd8,c,c,1908.10090v1-figure4-1.png,1908.10090v1-figure4-1,figure 4: number of search errors under beam-10 and empty global bests over the source sentence length.,line chart,False,1,closed-ended finite answer set non-binary non-visual,which of the following is not a factor affecting the number of search errors?,,arxiv,['cs.cl'],scigraphqa,1908.10090,https://arxiv.org/pdf/1908.10090v1
d45b418c7910de51c83af6c626088a86,d,d,d45b418c7910de51c83af6c626088a86,a,a,2010.06786v1-figure3-1.png,2010.06786v1-figure3-1,fig. 3. the training and validation loss and accuracy over 50 epochs of training,line chart,True,2,closed-ended finite answer set non-binary non-visual,what is the lower loss that train loss achieves?,,arxiv,['cs.cl'],scigraphqa,2010.06786,https://arxiv.org/pdf/2010.06786v1
afc1504c0acdc9eef19aed77951a4f31,d,d,afc1504c0acdc9eef19aed77951a4f31,"a,b,c,d","a,b,c,d",1907.05333v1-figure4-1.png,1907.05333v1-figure4-1,fig. 4. the precicion-recall curve of different algorithms on nyt and gds datasets,line chart,True,2,closed-ended finite answer set non-binary non-visual,which algorithm has the highest precision when recall is close to 0.9 on the gds dataset?,,arxiv,['cs.cl cs.ir'],scigraphqa,1907.05333,https://arxiv.org/pdf/1907.05333v1
cbc34da585a7a47c0bc32f6918f0d386,,nan,cbc34da585a7a47c0bc32f6918f0d386,"b,c,d","b,c,d",1810.04839v1-figure2-1.png,1810.04839v1-figure2-1,"figure 2: relation between some of the different gaze features and the score. the gaze features are (a) rd, (b) sfd, (c) fc and (d) rc. for figures (a) and (b), the units on the y-axis are milliseconds. for figures (c) and (d) the numbers are a ratio to the number of interest areas in the text. the x-axis in all 4 graphs is the score given by the annotators.",line chart,True,4,closed-ended finite answer set non-binary non-visual,which of the following gaze features show values above 30 on the y-axis?,,arxiv,['cs.cl'],scigraphqa,1810.04839,https://arxiv.org/pdf/1810.04839v1
dfe6ed648f4889a4a9f375629a644eb3,b,b,dfe6ed648f4889a4a9f375629a644eb3,"b,c,d","b,c,d",1909.09814v2-figure5-1.png,1909.09814v2-figure5-1,figure 5: performance of conll-2005 models after performing corrections from he et al. (2017).,line chart,False,1,closed-ended finite answer set non-binary non-visual,which model shows the best performance after performing corrections from he et al. (2017) on the conll-2005 dataset?,,arxiv,['cs.cl cs.lg'],scigraphqa,1909.09814,https://arxiv.org/pdf/1909.09814v2
c03f176fd0e4443ef027bd04bcd40514,"a,b","a,b",c03f176fd0e4443ef027bd04bcd40514,"a,b,c,d","a,b,c,d",2004.14769v2-figure3-1.png,2004.14769v2-figure3-1,"figure 3: performances of de-cnn and bert-ftc on different-sized augmentation datasets, where 1 means the original datasets without augmentation. all the results are based on the average scores of five runs.",line chart,True,2,closed-ended finite answer set non-binary non-visual,which line consistently increases as the augmentation size increases?,,arxiv,['cs.cl'],scigraphqa,2004.14769,https://arxiv.org/pdf/2004.14769v2
f66b199cac7d2d35c2196ba969568523,b,b,f66b199cac7d2d35c2196ba969568523,"b,c,d","b,c,d",1811.02549v6-figure4-1.png,1811.02549v6-figure4-1,figure 4: results on the emnlp 2017 news dataset. (lower is better for all metrics). mle under a temperature sweep achieves better quality-diversity trade-off compared to the gan approaches.,line chart,True,2,closed-ended finite answer set non-binary non-visual,what is the behavior of the slope in the first graph?,,arxiv,['cs.cl cs.lg'],scigraphqa,1811.02549,https://arxiv.org/pdf/1811.02549v6
43178519b010132c4c608c8fbfac063c,"a,d","a,d",43178519b010132c4c608c8fbfac063c,"a,b","a,b",1304.2476v1-figure4-1.png,1304.2476v1-figure4-1,figure 4. sentence overlap between the summary of document 3 and 16 human summaries,line chart,False,1,closed-ended finite answer set non-binary non-visual,which reviewer numbers correspond to a sentence count of 2?,,arxiv,['cs.ir cs.cl'],scigraphqa,1304.2476,https://arxiv.org/pdf/1304.2476v1
8ed5e1aba08e96526e6fd76c20c9a184,d,d,8ed5e1aba08e96526e6fd76c20c9a184,"a,c,d","a,c,d",1608.04465v1-figure7-1.png,1608.04465v1-figure7-1,"figure 7: memory and runtime statistics for cst and kenlm for construction and querying with different amounts of german common crawl training data and different markov orders, m. we compare the query runtimes against the optimised version of kenlm for memory (lazy) and speed (populate). for clarity, in the figure we only show cst numbers form = 10; the results for other settings ofm are very similar. kenlm was trained to match the construction memory requirements of the cst-precompute method.",line chart,True,4,closed-ended finite answer set non-binary non-visual,which of the following methods are compared in the figure?,,arxiv,['cs.cl'],scigraphqa,1608.04465,https://arxiv.org/pdf/1608.04465v1
e0bb026330bb654c160e59cbfe9acc03,"b,c","b,c",e0bb026330bb654c160e59cbfe9acc03,"b,d","b,d",1907.04954v1-figure3-1.png,1907.04954v1-figure3-1,figure 3: pinc when comparing to the master,line chart,False,1,closed-ended finite answer set non-binary non-visual,which lines have a higher pinc at the beginning than at the end?,,arxiv,['cs.cl'],scigraphqa,1907.04954,https://arxiv.org/pdf/1907.04954v1
198bb72b82e9956375d2e5d84844264c,c,c,198bb72b82e9956375d2e5d84844264c,d,d,1811.00659v1-figure2-1.png,1811.00659v1-figure2-1,figure 2: (a) the averaged norm of all incoming/outgoing weight vectors. (b) lipschitz constant for each model. pure sgd outperforms others in both measures.,line chart,True,2,closed-ended finite answer set non-binary non-visual,which of the following model types achieve an averaged norm above 10?,,arxiv,['cs.cl cs.lg cs.ne'],scigraphqa,1811.00659,https://arxiv.org/pdf/1811.00659v1
737932e7b94512ce5fa1528e9efaf619,c,c,737932e7b94512ce5fa1528e9efaf619,d,d,2009.10847v1-figure4-1.png,2009.10847v1-figure4-1,"figure 4: statement length experiment. stare (h) + transformer (h) saturates after two qualifiers with slightly increase, whereas transformer (h) is unstable in handling qualifiers.",line chart,True,4,closed-ended finite answer set non-binary non-visual,"in the first graph, which of the following dataset-model combinations shows a significant increase at qual pair = 2 and then remains constant?",,arxiv,['cs.lg cs.ai cs.cl stat.ml'],scigraphqa,2009.10847,https://arxiv.org/pdf/2009.10847v1
426667b840a938253ce5e13185abf1e7,b,b,426667b840a938253ce5e13185abf1e7,"a,b,c,d","a,b,c,d",1708.05565v2-figure4-1.png,1708.05565v2-figure4-1,figures 4: experiment results with the ecpm policy as baseline.,line chart,True,4,closed-ended finite answer set non-binary non-visual,"according to figure 4, which metrics are used to evaluate the experiment results with the ecpm policy as the baseline?",,arxiv,['cs.lg cs.ai cs.cl cs.gt'],scigraphqa,1708.05565,https://arxiv.org/pdf/1708.05565v2
2d7cf1edb16815622348f8c5c1b5a1e9,,nan,2d7cf1edb16815622348f8c5c1b5a1e9,"a,c,d","a,c,d",2004.02363v1-figure3-1.png,2004.02363v1-figure3-1,figure 3: performance for various approaches by varying the fraction of events seen by the model. we present results on accuracy±10 for different product categories.,line chart,True,5,closed-ended finite answer set non-binary non-visual,for which product category does the prices-only approach achieve the highest accuracy?,,arxiv,['cs.cl cs.hc'],scigraphqa,2004.02363,https://arxiv.org/pdf/2004.02363v1
eb1ddb108991eb9db6eeb9f919ca4218,"b,h,c,a","b,h,c,a",eb1ddb108991eb9db6eeb9f919ca4218,d,d,2004.13783v1-figure8-1.png,2004.13783v1-figure8-1,"figure 8: scores of (a) homogeneity, (b) completeness, (c) coverage and (d) v-measure are provided to compare news based communities with social media communities. here we used ypred and ygr derived in algorithm 2 as our cluster label and classes. completeness measures how members of a given class are assigned to the same cluster, while homogeneity measures how each cluster contains only members of a single class. their harmonic mean is the v-measure [64].",line chart,True,4,closed-ended finite answer set non-binary non-visual,which metric starts with a higher value than it ends with?,,arxiv,['cs.cl cs.si'],scigraphqa,2004.13783,https://arxiv.org/pdf/2004.13783v1
0d1185a43ea68ae3a4ef243895c1a476,a,a,0d1185a43ea68ae3a4ef243895c1a476,"a,b","a,b",1907.04954v1-figure2-1.png,1907.04954v1-figure2-1,figure 2: bleu when comparing to the master,line chart,False,1,closed-ended finite answer set non-binary non-visual,which of these methods shows the highest bleu score after 20 iterations?,,arxiv,['cs.cl'],scigraphqa,1907.04954,https://arxiv.org/pdf/1907.04954v1
fd1e0d138b261d074933ac4bf8aa5935,d,d,fd1e0d138b261d074933ac4bf8aa5935,"a,b,c,d","a,b,c,d",2002.09253v4-figure12-1.png,2002.09253v4-figure12-1,"figure 12: exploration metrics for different goal imagination mechanisms: (a) interesting interaction count (ic) on training set, ic on testing set, (c) ic on extra set. goal imagination starts early (vertical line), except for the no imagination baseline (green). standard errors of the mean plotted for clarity (as usual, 10 seeds).",line chart,True,3,closed-ended finite answer set non-binary non-visual,"based on the caption and provided data, in which datasets does goal imagination start early?",,arxiv,['cs.ai cs.cl cs.lg'],scigraphqa,2002.09253,https://arxiv.org/pdf/2002.09253v4
abcae625097f480c61d0ea7f410925c4,b,b,abcae625097f480c61d0ea7f410925c4,c,c,2002.09253v4-figure11-1.png,2002.09253v4-figure11-1,"figure 11: zero-shot versus n-shot. we look at the low coverage variant of our goal imagination mechanism that only covers 43.7% the test set with a 45% precision. we report success rates on testing goals of type 5 (grow + plant) and compare with the no imagination baseline (green). we split in two: goals that were imagined (blue), and goals that were not (orange).",line chart,False,1,closed-ended finite answer set non-binary non-visual,which of the following describes the success rate trend of the no imagination baseline?,,arxiv,['cs.ai cs.cl cs.lg'],scigraphqa,2002.09253,https://arxiv.org/pdf/2002.09253v4
abe79aa3509a88d8051f580684773af3,"b,a","b,a",abe79aa3509a88d8051f580684773af3,"b,c","b,c",1006.5827v1-figure1-1.png,1006.5827v1-figure1-1,figure 1: distance labels figure 2: times labels,line chart,True,2,closed-ended finite answer set non-binary non-visual,which of the following distance categories have y = 1 within the first 250 cm?,,arxiv,['cs.ro cs.cl'],scigraphqa,1006.5827,https://arxiv.org/pdf/1006.5827v1
77dc836b3d17fff7801068ef4862dcb6,a,a,77dc836b3d17fff7801068ef4862dcb6,"a,b,c,d","a,b,c,d",1106.4571v1-figure16-1.png,1106.4571v1-figure16-1,figure 16: baseline artificial corpus,line chart,False,1,closed-ended finite answer set non-binary non-visual,what is the maximum accuracy value achieved for the baseline corpus?,,arxiv,['cs.cl cs.ai'],scigraphqa,1106.4571,https://arxiv.org/pdf/1106.4571v1
9a0fc67174fbd718ac3f71cf1a6903ea,d,d,9a0fc67174fbd718ac3f71cf1a6903ea,"a,b,c,d","a,b,c,d",1911.01102v1-figure2-1.png,1911.01102v1-figure2-1,fig. 2: evaluation on robust vgg-lstm asr,line chart,True,2,closed-ended finite answer set non-binary non-visual,which of the following were used in the evaluation of robust vgg-lstm asr?,,arxiv,['cs.cl cs.ne cs.sd eess.as'],scigraphqa,1911.01102,https://arxiv.org/pdf/1911.01102v1
a25eff7bb3d1d649fd12e7709baa33e4,"a,b,d","a,b,d",a25eff7bb3d1d649fd12e7709baa33e4,"a,b,c,d","a,b,c,d",1606.01614v5-figure2-1.png,1606.01614v5-figure2-1,figure 2: adan performance and standard deviation for chinese in the semi-supervised setting when using various amount of labeled chinese data.,line chart,False,1,closed-ended finite answer set non-binary non-visual,which performance measures are compared in the figure?,,arxiv,['cs.cl'],scigraphqa,1606.01614,https://arxiv.org/pdf/1606.01614v5
0b4ad154430a4e71fb379ba980aef730,a,a,0b4ad154430a4e71fb379ba980aef730,d,d,d11-1122.pdf-figure2.png,d11-1122.pdf-figure2,"figure 2: the update rule (equation 2) can be understood as choosing a minimal edge-cut, thereby greedily maximizing intra-cluster similarity and minimizing intercluster similarity. assuming equal weight for all edges above, label 3 is chosen for the vertex being updated such that the sum of weights of edges crossing the cut is minimal.",graph,False,1,closed-ended finite answer set non-binary non-visual,what is the total number of vertices?,,acl,nan,aclfig,d11-1122,https://aclanthology.org/d11-1122.pdf
8a560924a55c8eb25de3ca29908c756a,d,d,8a560924a55c8eb25de3ca29908c756a,"a,b,c,d","a,b,c,d",2020.scil-1.56.pdf-figure1.png,2020.scil-1.56.pdf-figure1,figure 1: a 2-i-2-tisl sfst for lhor (top) and a 2-isl sfst for its tier projection (bottom).,graph,True,2,closed-ended finite answer set non-binary non-visual,what is the type of state transition labelled with 'l: l' in the figure?,,acl,nan,aclfig,2020.scil-1.56,https://aclanthology.org/2020.scil-1.56.pdf
a7fb8ceffdb84c6882f4a86d31e0ea19,"c,d","c,d",a7fb8ceffdb84c6882f4a86d31e0ea19,c,c,2010.00363v1-figure6-1.png,2010.00363v1-figure6-1,"figure 6: (a),(b): distribution of values for each principal component on c and u. vertical axis represents a standard deviation. (c),(d): pca and re-pca (see text) results of u vectors in learned lstm. from left, vb, vbz, nn, nns, and cd, respectively. characteristic dimensions of each pos can be distinguished. note that lstm is learned from raw text in this scenario.",line chart,True,4,closed-ended finite answer set non-binary non-visual,what are the primary components analyzed in the figure?,,arxiv,['cs.cl'],scigraphqa,2010.00363,https://arxiv.org/pdf/2010.00363v1
0aa64869bb8c1035ee39489c1848d26c,"a,b,c,d","a,b,c,d",0aa64869bb8c1035ee39489c1848d26c,"a,b","a,b",2011.03984v1-figure8-1.png,2011.03984v1-figure8-1,"figure 8: interaction between nigerian entities. subtitles show the names of the given entity pair. red lines give the geodesic distance between two entities. blue dots represent the number of interactions between two entities (relative degree) at each timestamp, and blue lines are regression of the relative degree between two entities over time.",scatter plot,True,4,closed-ended finite answer set non-binary non-visual,which interactions are represented in the figure?,,arxiv,['cs.lg cs.ai cs.cl'],scigraphqa,2011.03984,https://arxiv.org/pdf/2011.03984v1
1b19aeb1a58e6aa0668989741e5c8866,a,a,1b19aeb1a58e6aa0668989741e5c8866,b,b,1308.4618v1-figure5-1.png,1308.4618v1-figure5-1,fig. 5. average entries per sentence. graph showing the average number of entries that each sentence appears in for (a) swiss-prot and (b) trembl.,scatter plot,True,2,closed-ended finite answer set non-binary non-visual,which database has a dataset that comprises more decades?,,arxiv,['cs.cl cs.ce cs.dl q-bio.qm'],scigraphqa,1308.4618,https://arxiv.org/pdf/1308.4618v1
0fade96e782eb77afbb9a6b3a196beb2,"b,c","b,c",0fade96e782eb77afbb9a6b3a196beb2,"b,c,d","b,c,d",1310.6775v1-figure1-1.png,1310.6775v1-figure1-1,figure 1: word rank distribution,line chart,False,1,closed-ended finite answer set non-binary non-visual,which distribution types are shown in this graph?,,arxiv,['cs.ai cs.cl cs.lg'],scigraphqa,1310.6775,https://arxiv.org/pdf/1310.6775v1
313693afc35c28962e5ee1a0ca7e381c,"a,b,d","a,b,d",313693afc35c28962e5ee1a0ca7e381c,"a,b,c,d","a,b,c,d",2020.acl-main.428.pdf-figure3.png,2020.acl-main.428.pdf-figure3,figure 3: eli5: perplexity vs. context repeats as a function of  in the context unlikelihood objective.,scatter plot,False,1,closed-ended finite answer set non-binary non-visual,what are the possible values of ppl for α = 1?,,acl,nan,aclfig,2020.acl-main.428,https://aclanthology.org/2020.acl-main.428.pdf
adf9dfaa0e90fec1d250cb63b9790da7,"a,d","a,d",adf9dfaa0e90fec1d250cb63b9790da7,"a,c,d","a,c,d",n16-1181.pdf-figure2.png,n16-1181.pdf-figure2,"figure 2: simple neural module networks, corresponding to the questions what color is the bird? and are there any states? (a) a neural find module for computing an attention over pixels. (b) the same operation applied to a knowledge base. (c) using an attention produced by a lower module to identify the color of the region of the image attended to. (d) performing quantification by evaluating an attention directly.",neural networks,True,2,closed-ended finite answer set non-binary non-visual,what is the final output of the network?,,acl,nan,aclfig,n16-1181,https://aclanthology.org/n16-1181.pdf
1c4d270a90c74690ad3404251118a3c7,"b,d","b,d",1c4d270a90c74690ad3404251118a3c7,"a,b,c,d","a,b,c,d",n18-1151.pdf-figure1.png,n18-1151.pdf-figure1,figure 1: the overall structure of our keyphrase extraction framework with context encoder. grey dotted array refer to the inputs of target posts that are also used in context encoding.,neural networks,False,1,closed-ended finite answer set non-binary non-visual,which of the following are parts of the architecture?,,acl,nan,aclfig,n18-1151,https://aclanthology.org/n18-1151.pdf
8baebd8206a62111785126f33c30e737,a,a,8baebd8206a62111785126f33c30e737,b,b,y15-2010.pdf-figure2.png,y15-2010.pdf-figure2,"figure 2: for tree-to-tree system, it searches the case watashi katta (i buy) because it is a dependency pair in source parse tree and target parse tree. it does not search the case watashi akai (i red) because it is not a dependency pair in source parse tree neither in target parse tree. unlike fig.1, it does not search akai honwo (red book) because although it is a dependency pair in source side, it is disconnected in target side",tree,False,1,closed-ended finite answer set non-binary non-visual,how many alignment mechanisms are there?,,acl,nan,aclfig,y15-2010,https://aclanthology.org/y15-2010.pdf
06640311bdf3e0f6fb562d04dd7e4f7d,"a,b,c,e","a,b,c,e",06640311bdf3e0f6fb562d04dd7e4f7d,"a,b,c,d","a,b,c,d",y16-2010.pdf-figure1.png,y16-2010.pdf-figure1,figure 1: example of preordering.,graph,False,1,closed-ended finite answer set non-binary non-visual,which words are present in the sentence s'?,,acl,nan,aclfig,y16-2010,https://aclanthology.org/y16-2010.pdf
e1b958f6faa21f07ad3352b53fbdd007,"a,c","a,c",e1b958f6faa21f07ad3352b53fbdd007,"a,b,c,d","a,b,c,d",y17-1001.pdf-figure1.png,y17-1001.pdf-figure1,figure 1: semantic content of yes and no,graph,True,3,closed-ended finite answer set non-binary non-visual,which of the following are parts of max-qud?,,acl,nan,aclfig,y17-1001,https://aclanthology.org/y17-1001.pdf
7e9c8466d2ab096e92f845f753b022f0,"a,b,d","a,b,d",7e9c8466d2ab096e92f845f753b022f0,"a,b","a,b",w12-4626.pdf-figure13.png,w12-4626.pdf-figure13,"figure 13: this figure shows trees that with the atomic proposition trees construct (from left to right) negation, conjunction, and disjunction.",tree,True,3,closed-ended finite answer set non-binary non-visual,which of the following logical connectives are used in figure 13?,,acl,nan,aclfig,w12-4626,https://aclanthology.org/w12-4626.pdf
9a4f7347be5089e1e79b8d45d8b4efe3,"f,p","f,p",9a4f7347be5089e1e79b8d45d8b4efe3,filmaker,filmaker,w14-2515.pdf-figure2.png,w14-2515.pdf-figure2,"figure 2: accuracy of classifier trained and tested on balanced set contrasting agreed upon twitter users of a given role, against users pulled at random from the 1% stream.",box plot,False,1,closed-ended finite answer set non-binary non-visual,which of the following user types show outliers?,,acl,nan,aclfig,w14-2515,https://aclanthology.org/w14-2515.pdf
80ff7eb12c030ba74379cfc16b59ba22,d,d,80ff7eb12c030ba74379cfc16b59ba22,"b,c,d","b,c,d",w19-5211.pdf-figure18.png,w19-5211.pdf-figure18,figure 18: pos-based classification accuracy on states from the ende decoder.,confusion matrix,False,1,closed-ended finite answer set non-binary non-visual,which of the following pos categories has the highest classification accuracy on the ende decoder across all layers?,,acl,nan,aclfig,w19-5211,https://aclanthology.org/w19-5211.pdf
760da8eb16392063dc1b4a1a2855657c,a,a,760da8eb16392063dc1b4a1a2855657c,b,b,w14-3627.pdf-figure2.png,w14-3627.pdf-figure2,"figure 2: meteor x-ray alignment of the sentence in table 6. the left side is the output of the one-step system, the right side is the output of the two-step system, and the top is the reference. the shaded cells represent matches between the reference and the one-step system, and the dots represent matches between the reference and the twostep system.",confusion matrix,False,1,closed-ended finite answer set non-binary non-visual,which system matches the reference for the sentence 'استخدام ا',,acl,nan,aclfig,w14-3627,https://aclanthology.org/w14-3627.pdf
0957364da9c55f637cf6b16cf1b08d18,"a,c","a,c",0957364da9c55f637cf6b16cf1b08d18,"a,c,d","a,c,d",2020.acl-main.201.pdf-figure2.png,2020.acl-main.201.pdf-figure2,"figure 2: train and test accuracy (p@1) for bli on muse; projection-based clwe underfit the training dictionary (gray), but retrofitting to the training dictionary overfits (pink). adding a synthetic dictionary balances between training and test accuracy (orange).",bar chart,True,3,closed-ended finite answer set non-binary non-visual,which of the following statements are true regarding the bli on muse?,,acl,nan,aclfig,2020.acl-main.201,https://aclanthology.org/2020.acl-main.201.pdf
f62177dbbceca9d106ef742cca00b3b5,b,b,f62177dbbceca9d106ef742cca00b3b5,d,d,2020.acl-main.222.pdf-figure1.png,2020.acl-main.222.pdf-figure1,"figure 1: human evaluations on image chat and wizard of wikipedia (wow), comparing existing state of the art models with our all tasks mt conversational agent. engagingness win rates are statistically significant in all three matchups (binomial test, p < .05).",bar chart,False,1,closed-ended finite answer set non-binary non-visual,which tasks use dinan et al. (2019)?,,acl,nan,aclfig,2020.acl-main.222,https://aclanthology.org/2020.acl-main.222.pdf
8cb92bbaadff87fc61da098a936dc7b1,"a,b","a,b",8cb92bbaadff87fc61da098a936dc7b1,"a,d","a,d",2011.06132v1-figure3-1.png,2011.06132v1-figure3-1,figure 3: the bleu scores of various systems with respect to the reference sentence lengths on wmt’14 en-de testset.,line chart,False,1,closed-ended finite answer set non-binary non-visual,which of these systems consistently achieve bleu scores below 25?,,arxiv,['cs.cl'],scigraphqa,2011.06132,https://arxiv.org/pdf/2011.06132v1
528d906c8aed23775fda9c99fd63f3bd,c,c,528d906c8aed23775fda9c99fd63f3bd,"c,d","c,d",1505.07184v1-figure2-1.png,1505.07184v1-figure2-1,figure 2: accuracy vs. dimensionality of the representation.,line chart,False,1,closed-ended finite answer set non-binary non-visual,what is the maximum accuracy that the proposed method reaches across any number of dimensions?,,arxiv,['cs.cl'],scigraphqa,1505.07184,https://arxiv.org/pdf/1505.07184v1
a64e68e9ce6f1875953e6efe8a8a663c,c,c,a64e68e9ce6f1875953e6efe8a8a663c,a,a,1703.05260v1-figure11-1.png,1703.05260v1-figure11-1,"figure 11: entropy over verb lemmas for events (left y-axis, h(x)) in the going on a train scenario. bars in the background indicate the absolute number of occurrence of instances (right yaxis, n(x)).","line chart,bar chart",False,1,closed-ended finite answer set non-binary non-visual,what is the approximate minimum absolute number of occurences for descript across all verb lemmas?,,arxiv,['cs.cl cs.ai'],scigraphqa,1703.05260,https://arxiv.org/pdf/1703.05260v1
a982f57d7d3a2001cb17bd75a77ea011,"b,c","b,c",a982f57d7d3a2001cb17bd75a77ea011,"a,b,c","a,b,c",2017.lilt-15.3.pdf-figure5.png,2017.lilt-15.3.pdf-figure5,figure 5: comparing lstm trained language model (with voc. size 100 and 1000 units) for the two methods of predicting verb number. the solid blue line represents our (supervised) benchmark lstm rnn.,line chart,False,1,closed-ended finite answer set non-binary non-visual,which of the following methods are used to predict verb number?,,acl,nan,aclfig,2017.lilt-15.3,https://aclanthology.org/2017.lilt-15.3.pdf
3f8f534fa390efa35106a340a63ba8e1,"a,b","a,b",3f8f534fa390efa35106a340a63ba8e1,"a,b,c","a,b,c",1807.02202v1-figure6-1.png,1807.02202v1-figure6-1,"figure 6: 80% bootstrap confidence interval length as a function of the number of human judgments used when evaluating the indicated systems on their respective datasets and prompts. (a) we see a modest reduction in variance (and hence cost) relative to human evaluation by using the vecsim automatic metric with the proposed control variates estimator to estimate overall scores on the cnn/daily mail task; the data efficiency (de) is 1.06. (b) by improving the evaluation prompt to use edits instead, it is possible to further reduce variance relative to humans (de is 1.15). (c) another way to reduce variance relative to humans is to improve the automatic metric evaluation; here using rouge-1 instead of vecsim improves the de from 1.03 to 1.16.",line chart,True,3,closed-ended finite answer set non-binary non-visual,in which graph is the cofidence interval for 'humans + perfect metric' not the shortest?,,arxiv,['cs.cl'],scigraphqa,1807.02202,https://arxiv.org/pdf/1807.02202v1
10ff8819f0fa005c04896bc615db52ac,"a,b","a,b",10ff8819f0fa005c04896bc615db52ac,"a,b,c","a,b,c",2010.12794v1-figure7-1.png,2010.12794v1-figure7-1,"figure 7: hyper-parameter sensitivity in x-class. for t and p , we report the performance of x-class-align to explore their direct effects.",line chart,True,3,closed-ended finite answer set non-binary non-visual,which hyperparameters are used to evaluate the performance of x-class-align?,,arxiv,['cs.cl cs.ir cs.lg'],scigraphqa,2010.12794,https://arxiv.org/pdf/2010.12794v1
e5e8e1a3c273815ed47636c630eabf3a,b,b,e5e8e1a3c273815ed47636c630eabf3a,d,d,1706.07206v2-figure3-1.png,1706.07206v2-figure3-1,"figure 3: impact of word deleting on initially correctly (left) and falsely (right) classified test sentences, using either sa or lrp as relevance decomposition method (lrpcons is a variant of lrp with relevance conservation). the relevance target class is the true sentence class, and words are deleted in decreasing (left) and increasing (right) order of their relevance. random deletion is averaged over 10 runs (std < 0.016). a steep decline (left) and incline (right) indicate informative word relevance.",line chart,True,2,closed-ended finite answer set non-binary non-visual,which method(s) show the steepest decline in accuracy with an increasing number of word deletions for initially correctly classified sentences?,,arxiv,['cs.cl cs.ai cs.ne stat.ml'],scigraphqa,1706.07206,https://arxiv.org/pdf/1706.07206v2
9671f66736c570e4e804938128987d54,"a,d","a,d",9671f66736c570e4e804938128987d54,"a,c,d","a,c,d",1803.09551v1-figure10-1.png,1803.09551v1-figure10-1,fig. 10. predictive performance of mr3++ by varying hyperparameters. left: varying λrel and λrev by fixing f = 10; rmse is 1.0139 when both are zero; percent of training is 80%. right: varying f by fixing λrel = 0.001 and λrev = 0.005. dataset: ciao.,line chart,True,2,closed-ended finite answer set non-binary non-visual,which of the following values are considered in figure 10 for λrel?,,arxiv,['cs.ir cs.ai cs.cl cs.lg'],scigraphqa,1803.09551,https://arxiv.org/pdf/1803.09551v1
d1f56b5ed9116fee80384feab5025ce1,b,b,d1f56b5ed9116fee80384feab5025ce1,"b,c,d","b,c,d",2011.09289v1-figure4.7-1.png,2011.09289v1-figure4.7-1,figure 4.7. processing speed graph of nslt with 3d-cnn and 2d-cnn.,line chart,False,1,closed-ended finite answer set non-binary non-visual,roughly how many periods (local peaks) does the number of words per second of 2d-cnn have per 10000 steps?,,arxiv,['cs.cl'],scigraphqa,2011.09289,https://arxiv.org/pdf/2011.09289v1
4308538266be98b676b0427ffddf4ffa,"c,d","c,d",4308538266be98b676b0427ffddf4ffa,"a,b,c,d","a,b,c,d",1709.07758v1-figure5-1.png,1709.07758v1-figure5-1,figure 5: validation perplexity of the medium model during all epochs of learning,line chart,False,1,closed-ended finite answer set non-binary non-visual,which of the following models have a lower perplexity at epoch 5?,,arxiv,['cs.cl'],scigraphqa,1709.07758,https://arxiv.org/pdf/1709.07758v1
37fb7ce891112309ee7095dc0ae734cb,a,a,37fb7ce891112309ee7095dc0ae734cb,"a,b,c,d","a,b,c,d",1209.4277v2-figure8-1.png,1209.4277v2-figure8-1,"fig. 8. micro and macro mutation rates according to the sub-family total number of mentions, along with their fitted model. ρm (n) = 0.225n−0.763 and ρµ(n) = 0.057n−0.739. the figure is obtained by creating 15 equally populated quantiles and averaging the mutation rate values corresponding to each quantile. error bars stand for confidence interval (5%).",line chart,False,1,closed-ended finite answer set non-binary non-visual,which of the following has a data point with mutation rate between 0.05 and 0.06 presented in the figure?,,arxiv,['cs.cy cs.cl cs.si physics.soc-ph'],scigraphqa,1209.4277,https://arxiv.org/pdf/1209.4277v2
b8db783b6b10f10b4604bd5cb7406f14,"a,b","a,b",b8db783b6b10f10b4604bd5cb7406f14,b,b,1709.05404v1-figure3-1.png,1709.05404v1-figure3-1,"figure 3: plot of dataset size (x-axis) vs sarc. fmeasure (y-axis) for the three subcorpora, with ngram features",line chart,False,1,closed-ended finite answer set non-binary non-visual,which subcorpora have a sarc. f-measure above 0.65 when the dataset size (in posts/class) is 400?,,arxiv,['cs.cl'],scigraphqa,1709.05404,https://arxiv.org/pdf/1709.05404v1
a6bb72125754a7feaa14889dd20a0e08,d,d,a6bb72125754a7feaa14889dd20a0e08,"b,c","b,c",1802.03606v1-figure7-1.png,1802.03606v1-figure7-1,figure 7. hadoop vs console test,line chart,False,1,closed-ended finite answer set non-binary non-visual,which of the following time durations is most similar to the time taken by hadoop at 16 gb data size?,,arxiv,['cs.dc cs.cl'],scigraphqa,1802.03606,https://arxiv.org/pdf/1802.03606v1
7c374107d96fd5b9aa069395cae579c6,a,a,7c374107d96fd5b9aa069395cae579c6,"a,b,c,d","a,b,c,d",2020.acl-main.72.pdf-figure7.png,2020.acl-main.72.pdf-figure7,"figure 7: hit ratio (|ui|/|c|) in terms of each iteration number by lr, +fd(p), and hb. the upper and lower graphs start with one and three seeds, respectively.",line chart,True,2,closed-ended finite answer set non-binary non-visual,which method starts with the lowest value for hit ratio?,,acl,nan,aclfig,2020.acl-main.72,https://aclanthology.org/2020.acl-main.72.pdf
6db5eba78f2f902d59f6750b4d359db1,c,c,6db5eba78f2f902d59f6750b4d359db1,b,b,1904.02036v1-figure3-1.png,1904.02036v1-figure3-1,"figure 3: word accuracy on the development sets for different amounts of training data (note that the x-axis is log-scaled); nmt-1 is the model by bollmann (2018), nmt-2 is the model by tang et al. (2018).",line chart,True,6,closed-ended finite answer set non-binary non-visual,on which development set does csmtiser+lm not reach 70% accuracy at 10k training data?,,arxiv,['cs.cl'],scigraphqa,1904.02036,https://arxiv.org/pdf/1904.02036v1
d1265c877e2c95ce734df2bec9aee372,"a,b","a,b",d1265c877e2c95ce734df2bec9aee372,"a,b,c","a,b,c",2005.01281v3-figure1-1.png,2005.01281v3-figure1-1,"figure 1: recall@k for neural reranking models (bertmulti, berten, biobert), and word- (bm25) and character-level (tfidfchar) models.",line chart,False,1,closed-ended finite answer set non-binary non-visual,which models achieve a recall@k greater than 0.85 for k=64?,,arxiv,['cs.cl'],scigraphqa,2005.01281,https://arxiv.org/pdf/2005.01281v3
bca6c2f2e2af7d4e81359b2481adda57,d,d,bca6c2f2e2af7d4e81359b2481adda57,"a,b,c,d","a,b,c,d",2004.04070v2-figure4-1.png,2004.04070v2-figure4-1,"figure 4: monolingual “control” experiments when aligning (a) a partially trained en vector space (after m updates, that is, seen word tokens) to a fully trained vector space, and (b) an en vector space fully trained on wikipedia of different sizes (number of sentences). we show rsim scores, mapping performance (i.e., monolingual “bli”) on hfreq and lfreq en words, and monolingual word similarity scores on simverb-3500.",line chart,True,2,closed-ended finite answer set non-binary non-visual,which of the following metrics are used in figure 4 to assess the performance of monolingual experiments?,,arxiv,['cs.cl'],scigraphqa,2004.04070,https://arxiv.org/pdf/2004.04070v2
42c6ac8750f921fb7d0ef84571c4a908,c,c,42c6ac8750f921fb7d0ef84571c4a908,b,b,1807.10311v1-figure2-1.png,1807.10311v1-figure2-1,"figure 2: growth of the english, german and dutch spoken wikipedia resources over time. english and german both grow with about 33h of additional audio per year.",line chart,False,1,closed-ended finite answer set non-binary non-visual,approximately how many cumulative hourse did spoken dutch have on wikipedia in the year 2011?,,arxiv,['cs.cl'],scigraphqa,1807.10311,https://arxiv.org/pdf/1807.10311v1
aa6be943d6f1ff71454b2e9d90864845,a,a,aa6be943d6f1ff71454b2e9d90864845,b,b,1912.12068v1-figure3-1.png,1912.12068v1-figure3-1,"figure 3: performance of our model with transitive extensions of order k = 1,k = 2,k = 3, and k = ∗ on semeval dataset; (a) learned features, (b) learned + linguistic features",line chart,True,2,closed-ended finite answer set non-binary non-visual,which of these combinations of features had the lowest f1-score at k = 2 on only learned features?,,arxiv,['cs.cl'],scigraphqa,1912.12068,https://arxiv.org/pdf/1912.12068v1
50d0fa201d40a7f77d97bcce9aafe763,"a,b,c","a,b,c",50d0fa201d40a7f77d97bcce9aafe763,"a,b,d","a,b,d",1904.00585v2-figure2-1.png,1904.00585v2-figure2-1,figure 2: impact of source data size on the effectiveness of pretrained models for ner.,line chart,False,1,closed-ended finite answer set non-binary non-visual,for which of the models does increasing the source data size improve performance?,,arxiv,['cs.cl'],scigraphqa,1904.00585,https://arxiv.org/pdf/1904.00585v2
8048af27cc4d1740000c993dca4b7187,"a,b,c","a,b,c",8048af27cc4d1740000c993dca4b7187,a,a,1902.07282v1-figure5-1.png,1902.07282v1-figure5-1,figure 5: test bleu score of various sentence lengths,line chart,False,1,closed-ended finite answer set non-binary non-visual,which models reach a bleu score of approximately 22 for sentences with lengths above 31?,,arxiv,['cs.cl cs.ai'],scigraphqa,1902.07282,https://arxiv.org/pdf/1902.07282v1
00ff6d48c083c10a3f27f610d76095a5,"b,c","b,c",00ff6d48c083c10a3f27f610d76095a5,b,b,1906.10910v2-figure1-1.png,1906.10910v2-figure1-1,figure 1: changes in the number of users and questions.,line chart,False,1,closed-ended finite answer set non-binary non-visual,which of the following is true about the number of questions and users?,,arxiv,['cs.lg cs.cl stat.ml'],scigraphqa,1906.10910,https://arxiv.org/pdf/1906.10910v2
901d34e7429e96e5b180bfd72ba23d7e,c,c,901d34e7429e96e5b180bfd72ba23d7e,"b,c","b,c",1607.00570v1-figure2-1.png,1607.00570v1-figure2-1,"figure 2. example distributions of distances between non-related pairs (light grey) and related pairs (dark grey) on twitter data, using a simple mean of word embeddings.",line chart,False,1,closed-ended finite answer set non-binary non-visual,at approximately what normalized distance does the frequency of related and non-related pairs become approximately equal?,,arxiv,['cs.ir cs.cl'],scigraphqa,1607.00570,https://arxiv.org/pdf/1607.00570v1
3f2c2fea70b9cc6203a8789ee8319c33,c,c,3f2c2fea70b9cc6203a8789ee8319c33,"c,d","c,d",1309.1501v3-figure1-1.png,1309.1501v3-figure1-1,fig. 1. held-out loss with dropout techniques,line chart,False,1,closed-ended finite answer set non-binary non-visual,what is the range of loss on the y axis?,,arxiv,['cs.lg cs.cl cs.ne math.oc stat.ml'],scigraphqa,1309.1501,https://arxiv.org/pdf/1309.1501v3
7ff7f8bd582faaa99f24516c2aae2225,d,d,7ff7f8bd582faaa99f24516c2aae2225,b,b,1803.10916v1-figure6-1.png,1803.10916v1-figure6-1,figure 6: rocs for crnn attention-based model with soft attention.,line chart,False,1,closed-ended finite answer set non-binary non-visual,which model has the lowest false rejects for a given number of false alarms per hour of at least 1?,,arxiv,['cs.sd cs.cl eess.as'],scigraphqa,1803.10916,https://arxiv.org/pdf/1803.10916v1
9daa39b9409a34038d3156b362ab890e,d,d,9daa39b9409a34038d3156b362ab890e,c,c,1611.01874v2-figure4-1.png,1611.01874v2-figure4-1,figure 4: learning curves – translation (left y-axis) and reconstruction (right y-axis) performances (in bleu scores) on the validation set as training progresses. we find our approach is capable of generating better translations over time by better reconstructing original inputs.,line chart,False,1,closed-ended finite answer set non-binary non-visual,what is the maximum reconstructed input bleu reached in figure 4?,,arxiv,['cs.cl'],scigraphqa,1611.01874,https://arxiv.org/pdf/1611.01874v2
4242d53895305a2c6f2ad1aed693f30f,a,a,4242d53895305a2c6f2ad1aed693f30f,"a,b,c,d","a,b,c,d",1703.00607v2-figure2-1.png,1703.00607v2-figure2-1,"figure 2: norm (top) and relative frequency (bottom) throughout years 1990-2016.we select the names ofu.s presidents within this time frame - clinton, bush, obama, and trump. we note that bush could refer to george h. w. bush (1989-1993) or georgew. bush (2001-2009). clinton could refer to bill clinton (1993-2001) or hillary clinton (u.s. secretary of state in 2009-2013 and u.s. presidential candidate in 2014-2016).",line chart,True,2,closed-ended finite answer set non-binary non-visual,what is the approximate maximum vector norm value of any name across all years?,,arxiv,['cs.cl stat.ml'],scigraphqa,1703.00607,https://arxiv.org/pdf/1703.00607v2
510b636a330175ebd1ecb45337d7ff83,b,b,510b636a330175ebd1ecb45337d7ff83,c,c,1002.0773v1-figure7-1.png,1002.0773v1-figure7-1,"figure 7: mmi criterion on the training data during 100 iterations of extended baum-welch with lattice regeneration. the x-axis gives the extended baum-welch iteration, with x=0 being the mle.",line chart,False,1,closed-ended finite answer set non-binary non-visual,what is the value of the x-axis corresponding to the maximum value of mmi?,,arxiv,['cs.cl'],scigraphqa,1002.0773,https://arxiv.org/pdf/1002.0773v1
c9c4aec0059b7b00315d5abecb5f6188,b,b,c9c4aec0059b7b00315d5abecb5f6188,a,a,2002.11296v1-figure4-1.png,2002.11296v1-figure4-1,figure 4. effect of sorting iterations k on perplexity scores (lm1b).,line chart,False,1,closed-ended finite answer set non-binary non-visual,how many ticks does the y axis in figure 4 have?,,arxiv,['cs.lg cs.cl'],scigraphqa,2002.11296,https://arxiv.org/pdf/2002.11296v1
02abafd429de2120b27bdfbb22ab10c1,c,c,02abafd429de2120b27bdfbb22ab10c1,"b,c","b,c",c00-1054.pdf-figure9.png,c00-1054.pdf-figure9,figure 9: projection of output tape of gestlang transducer,graph,False,1,closed-ended finite answer set non-binary non-visual,how many pairs of states have two transitions between them?,,acl,nan,aclfig,c00-1054,https://aclanthology.org/c00-1054.pdf
2631fd528087bfb9211f855c4ee462cf,b,b,2631fd528087bfb9211f855c4ee462cf,a,a,2020.acl-main.333.pdf-figure3.png,2020.acl-main.333.pdf-figure3,"figure 3: correlation between n-gram entropy and human ratings on the baseline dataset, ws dataset and ctg dataset.",scatter plot,True,9,closed-ended finite answer set non-binary non-visual,which plot has the highest value for human rating marked on its y axis?,,acl,nan,aclfig,2020.acl-main.333,https://aclanthology.org/2020.acl-main.333.pdf
7852f50bd387a6f8a9b2a29d84f93c4a,d,d,7852f50bd387a6f8a9b2a29d84f93c4a,c,c,n18-1121.pdf-figure3.png,n18-1121.pdf-figure3,figure 3: illustration of our proposed model. the context network is a differentiable network that computes context vector ct for word xt taking the whole sequence as input.  represents the operation that combines original word embedding xt with corresponding context vector ct to form context-aware word embeddings.,neural networks,False,1,closed-ended finite answer set non-binary non-visual,"how many times is the letter ""x"" used in the image of figure 3?",,acl,nan,aclfig,n18-1121,https://aclanthology.org/n18-1121.pdf
b88830202f0cb1e319b4e57787eb6ccb,a,a,b88830202f0cb1e319b4e57787eb6ccb,b,b,n18-1125.pdf-figure2.png,n18-1125.pdf-figure2,figure 2: one slice of the architecture of neural machine translation based on a generic attention.,neural networks,False,1,closed-ended finite answer set non-binary non-visual,"which of the following elements are directly influenced by both ""h"" and ""si-1""?",,acl,nan,aclfig,n18-1125,https://aclanthology.org/n18-1125.pdf
3453a96fdfd0930f0bc3d49a436b2125,"d,c","d,c",3453a96fdfd0930f0bc3d49a436b2125,"c,d","c,d",w12-4701.pdf-figure8.png,w12-4701.pdf-figure8,figure 8: samanakalkatvam,tree,False,1,closed-ended finite answer set non-binary non-visual,which nodes are connected to the edge labeled 'karma (goal)'?,,acl,nan,aclfig,w12-4701,https://aclanthology.org/w12-4701.pdf
022b3f75893c3486fcea740cef90fd69,b,b,022b3f75893c3486fcea740cef90fd69,"b,c,d","b,c,d",w12-4627.pdf-figure1.png,w12-4627.pdf-figure1,figure 1: tree set for some fundraiser,tree,False,1,closed-ended finite answer set non-binary non-visual,what is the value of the node labeled 'np'?,,acl,nan,aclfig,w12-4627,https://aclanthology.org/w12-4627.pdf
c31965822f5e2212df189bd34792a414,d,d,c31965822f5e2212df189bd34792a414,"a,b,c","a,b,c",w12-4705.pdf-figure1.png,w12-4705.pdf-figure1,figure 1: abstract example tree.,tree,False,1,closed-ended finite answer set non-binary non-visual,which of the nodes below have no leaf children?,,acl,nan,aclfig,w12-4705,https://aclanthology.org/w12-4705.pdf
2229fbaf8f5b892db7da98910063b877,a,a,2229fbaf8f5b892db7da98910063b877,"b,6","b,6",y15-2011.pdf-figure2.png,y15-2011.pdf-figure2,figure 2. realignment from finer-grained to coarser-grained,graph,False,1,closed-ended finite answer set non-binary non-visual,the mongolian word at which position connects to exactly two chinese characters?,,acl,nan,aclfig,y15-2011,https://aclanthology.org/y15-2011.pdf
70fd191277dc9d6c8ceb16615ce0f8dd,d,d,70fd191277dc9d6c8ceb16615ce0f8dd,c,c,y15-2010.pdf-figure5.png,y15-2010.pdf-figure5,figure 5: this is an example of a different expression where again the solid line is the correct parse and the dashed line is the wrong parse caused by dm.,tree,False,1,closed-ended finite answer set non-binary non-visual,in which language does the word 'ladies' appear at the beginning of the sentence in figure 5?,,acl,nan,aclfig,y15-2010,https://aclanthology.org/y15-2010.pdf
553f2d42e2928d6daf8cd192e9a14616,b,b,553f2d42e2928d6daf8cd192e9a14616,a,a,y15-1037.pdf-figure6.png,y15-1037.pdf-figure6,figure 6: plots of kruskal-wallis test for criterion c1.,"box plot,heat map",False,2,closed-ended finite answer set non-binary non-visual,which group(s) have a box of hieght zero at y value equal to 1 at position a?,,acl,nan,aclfig,y15-1037,https://aclanthology.org/y15-1037.pdf
f40dac22f753fe062022742c1d53cb59,e,e,f40dac22f753fe062022742c1d53cb59,"b,c","b,c",2020.acl-demos.29.pdf-figure2.png,2020.acl-demos.29.pdf-figure2,"figure 2: the main editor window, showing a story with start node a. the node b is selected, and so its details appear in the inspector on the right. note that its display name is distinct from the richer game text (c). the results of using the node tester on the potential input battle the beast are shown in (d). they demonstrate that this utterance would cause a transition to node e, an autoadvance node that would immediately transition to one of two end states depending on the players previous choices.",graph,False,1,closed-ended finite answer set non-binary non-visual,what state does the transition labeled 'has sword' lead to?,,acl,nan,aclfig,2020.acl-demos.29,https://aclanthology.org/2020.acl-demos.29.pdf
4925f7580567fd94d65642c5e55100b4,d,d,4925f7580567fd94d65642c5e55100b4,"a,c,d","a,c,d",2010.12487v1-figure13-1.png,2010.12487v1-figure13-1,"figure 13: influence of the number of perturbed samples on the explanation given for a small decision tree on a yelp review (ν = 0.25, nexp = 100, d = 29). left panel: n = 50, right panel: n = 8000. empirical values are less likely to be close to the theoretical predictions for small n.",box plot,True,2,closed-ended finite answer set non-binary non-visual,which of the following values has no word with theoretical prediction equal to it?,,arxiv,['stat.ml cs.cl cs.lg'],scigraphqa,2010.12487,https://arxiv.org/pdf/2010.12487v1
289cd580bd4b552d236e5be4793bbd20,d,d,289cd580bd4b552d236e5be4793bbd20,c,c,w17-2401.pdf-figure3.png,w17-2401.pdf-figure3,figure 3: accuracy rate (from 0 to 1) in the pairwise classification using network features extracted from mesoscopic networks.,heat map,False,1,closed-ended finite answer set non-binary non-visual,what is the accuracy rate in the pairwise classification of dickens and austen?,,acl,nan,aclfig,w17-2401,https://aclanthology.org/w17-2401.pdf
239f1c3a453542c891632179af7fc8aa,"a,a,c,d","a,a,c,d",239f1c3a453542c891632179af7fc8aa,"a,b,c,d","a,b,c,d",s19-2111.pdf-figure5.png,s19-2111.pdf-figure5,"figure 5: sub-task b, had-tubingen lstm + preprocessing.",confusion matrix,False,1,closed-ended finite answer set non-binary non-visual,"based on figure 5's caption and the provided data, which of the following statements are true regarding the model had-tubingen lstm + preprocessing during sub-task b?",,acl,nan,aclfig,s19-2111,https://aclanthology.org/s19-2111.pdf
c92d3e7ce789edeb069de13a78ad2c98,"a,a","a,a",c92d3e7ce789edeb069de13a78ad2c98,"a,b,c,d","a,b,c,d",w03-2002.pdf-figure6.png,w03-2002.pdf-figure6,"figure 6: comparison between a 11x11 use viewpoint thematic map and a 16x16 use viewpoint thematic map through map extracts: the 11x11 map extract is presented at the left, the 16x16 map extract is presented at the right. on the figure, the focus is given machine oil topic. the comparison highlights, as an example, that the logical surrounding of this topic is more precisely defined in the 16x16 map (optimal quality) than in the 11x11 map (lower quality). moreover, in the 11x11 map, the topic machine oil has been derived in a more fuzzy scope topic named machine and vehicles.",other,True,2,closed-ended finite answer set non-binary non-visual,which of the following topics is present in both map extracts?,,acl,nan,aclfig,w03-2002,https://aclanthology.org/w03-2002.pdf
f23997c62864242c9d2484fd7e745dc6,c,c,f23997c62864242c9d2484fd7e745dc6,b,b,s19-2122.pdf-figure3.png,s19-2122.pdf-figure3,figure 3: confusion matrix for midas submission 2 for sub-task a.,confusion matrix,False,1,closed-ended finite answer set non-binary non-visual,what is the sum of all cells in the matrix?,,acl,nan,aclfig,s19-2122,https://aclanthology.org/s19-2122.pdf
d0feabce9817d12051335c04b1355a2c,d,d,d0feabce9817d12051335c04b1355a2c,"a,b,c","a,b,c",2020.acl-main.219.pdf-figure4.png,2020.acl-main.219.pdf-figure4,"figure 4: human evaluations on image-chat. engagingness win rates of pairwise comparisons between human utterances and transresnetret (resnet152 or resnext-ig-3.5b) or transresnetgen , comparing over the rounds of dialogue.",bar chart,False,1,closed-ended finite answer set non-binary non-visual,which models were compared in the first round of comparison?,,acl,nan,aclfig,2020.acl-main.219,https://aclanthology.org/2020.acl-main.219.pdf
4e0ab279dcbc293f3578dfd63b4bacb3,"a,b","a,b",4e0ab279dcbc293f3578dfd63b4bacb3,d,d,w16-2921.pdf-figure2.png,w16-2921.pdf-figure2,figure 2: number of sentences annotated by different annotators in the testing dataset.,venn diagram,False,1,closed-ended finite answer set non-binary non-visual,which annotator(s) annotated more than 300 sentences?,,acl,nan,aclfig,w16-2921,https://aclanthology.org/w16-2921.pdf
