instance_id,answer_pred_bespoke,answer_pred_str_bespoke,id,answer_pred_qwen,answer_pred_str_qwen,image_file,figure_id,caption,figure_type,compound,figs_numb,qa_pair_type,question,answer_options,venue,categories,source_dataset,paper_id,pdf_url
21b0f38822e386f952d628dce0d5006b,1.2,1.2,21b0f38822e386f952d628dce0d5006b,1.3%,1.3%,2020.lrec-1.628.pdf-figure2.png,2020.lrec-1.628.pdf-figure2,figure 2: distribution of votes in the final version of the corpus. the numbers 1 to 5 are the different scores the annotators could assign to the humorous tweets.,pie chart,False,1,closed-ended infinite answer set visual,what percentage of the votes corresponds to the smallest slice of the pie chart?,,acl,nan,aclfig,2020.lrec-1.628,https://aclanthology.org/2020.lrec-1.628.pdf
c4fed97546e2280f2e1932d4df5aa8bc,0.6,0.6,c4fed97546e2280f2e1932d4df5aa8bc,0.7,0.7,1708.01425v4-figure3-1.png,1708.01425v4-figure3-1,"figure 3: cohen’s κ agreement for stance annotation on 98 comments. as a trade-off between reducing costs (i.e., discarding fewer instances) and increasing reliability, we chose 5 annotators and a threshold of 0.95 for this task, which resulted in κ = 0.58 (moderate to substantial agreement).",line chart,False,1,closed-ended infinite answer set visual,what is the cohen's kappa value for the black solid line with triangles at its highest triangle?,,arxiv,['cs.cl cs.ai'],scigraphqa,1708.01425,https://arxiv.org/pdf/1708.01425v4
8798887b79cacaeeef9e562501d9a338,16.5,16.5,8798887b79cacaeeef9e562501d9a338,10,10,1201.5484v2-figure7-1.png,1201.5484v2-figure7-1,fig. 7. average number of discussions (threads) initiated by websites (squares) and users (circles) that have received a specific average emotional response. all threads with a threshold ncomments ≥ 8.,line chart,False,1,closed-ended infinite answer set visual,what is the average number of threads for the green circle with average emotional response of 0?,,arxiv,['physics.soc-ph cs.cl cs.si physics.data-an'],scigraphqa,1201.5484,https://arxiv.org/pdf/1201.5484v2
233e3a6694b9c3b51a5b374f6b2bc892,0.4,0.4,233e3a6694b9c3b51a5b374f6b2bc892,0.6,0.6,1507.02140v1-figure2-1.png,1507.02140v1-figure2-1,figure 2. impact of the threshold on the classification results,line chart,True,3,closed-ended infinite answer set visual,"in the leftmost plot, what is the value of the red line with x-axis 0.7?",,arxiv,['cs.dl cs.cl cs.ir'],scigraphqa,1507.02140,https://arxiv.org/pdf/1507.02140v1
7c7da65e03fb8156bde47f98c056b2fe,69.18%,69.18%,7c7da65e03fb8156bde47f98c056b2fe,0.7,0.7,1904.05542v1-figure5-1.png,1904.05542v1-figure5-1,"figure 5: nearest neighbor translation accuracy as a function of (log) parallel corpus size. (sent) to sentence-level mapping, and (dict) refers to the baseline (using a static dictionary for mapping). the legend shows the average accuracies of each model using 1m parallel sentences.",line chart,True,6,closed-ended infinite answer set visual,what is the accuracy of the green line at 1m parallel sentences for the second subplot on the left?,,arxiv,['cs.cl'],scigraphqa,1904.05542,https://arxiv.org/pdf/1904.05542v1
3796989767c48d01f46310aabee7d155,0.35,0.35,3796989767c48d01f46310aabee7d155,0.3,0.3,1908.06177v2-figure5-1.png,1908.06177v2-figure5-1,"figure 5: systematic generalization performance of different models when trained on clauses of length k = 2, 3 (left) and k = 2, 3, 4 (right).",line chart,True,2,closed-ended infinite answer set visual,what is the accuracy of the green line at relation length 9 in rightmost plot?,,arxiv,['cs.lg cs.cl cs.lo stat.ml'],scigraphqa,1908.06177,https://arxiv.org/pdf/1908.06177v2
75cca6d6141a06d536bc15e4b0977404,11.3,11.3,75cca6d6141a06d536bc15e4b0977404,11.5,11.5,1809.00125v2-figure3-1.png,1809.00125v2-figure3-1,figure 3: english-turkish bleu over training set size.,line chart,False,1,closed-ended infinite answer set visual,what is the value of the dashed line at 117.5 on the x-axis?,,arxiv,['cs.cl'],scigraphqa,1809.00125,https://arxiv.org/pdf/1809.00125v2
8b552689a61fe9e0fa1cc3e7449c54fc,0.05,0.05,8b552689a61fe9e0fa1cc3e7449c54fc,0.005,0.005,1912.07421v1-figure2-1.png,1912.07421v1-figure2-1,fig. 2. accuracies and losses of cnn submodels,line chart,True,4,closed-ended infinite answer set visual,"what is the value of the validation loss for purple line at epoch 5, in right bottom plot?",,arxiv,['cs.cl cs.ai cs.cy'],scigraphqa,1912.07421,https://arxiv.org/pdf/1912.07421v1
6d87cead899129c2deefab1e9da5547b,2.15,2.15,6d87cead899129c2deefab1e9da5547b,2.1,2.1,2001.01863v7-figure24-1.png,2001.01863v7-figure24-1,figure 24. training time comparison across the ml algorithms and the feature selection methods.,line chart,True,5,closed-ended infinite answer set visual,"in the top left plot, what is the training time of the yellow line at 100 features?",,arxiv,['cs.cl'],scigraphqa,2001.01863,https://arxiv.org/pdf/2001.01863v7
863a8dc05e538ee7358d84489353c6a1,28.5,28.5,863a8dc05e538ee7358d84489353c6a1,27.5,27.5,1909.12375v1-figure1-1.png,1909.12375v1-figure1-1,"figure 1: test performance (accuracy) in the fget task for different segmentation methods in data scarcity simulation experiments across 4 languages representing 4 broad morphological types, averaged over 5 runs. some data points with chinese (zh) are not shown as in those cases the subword model is reduced to single characters only.",line chart,True,12,closed-ended infinite answer set visual,"in the bottom left plot, what is the value of the red line at the we training size of 10^5?",,arxiv,['cs.cl'],scigraphqa,1909.12375,https://arxiv.org/pdf/1909.12375v1
2e15144a7bbae94c00877ce9e28b4c20,35%,35%,2e15144a7bbae94c00877ce9e28b4c20,35,35,1801.04354v5-figure8-1.png,1801.04354v5-figure8-1,figure 8: comparing different token transformer strategies: each curve represents the result of attacking the model with one transformer functions. xaxis: maximum edit distance difference y-axis: model accuracy,line chart,False,1,closed-ended infinite answer set visual,what is the accuracy of the pink line transformer strategy when the edit distance is 20?,,arxiv,['cs.cl cs.cr cs.ir cs.lg'],scigraphqa,1801.04354,https://arxiv.org/pdf/1801.04354v5
e18521cf7f2a39c2f6a06fffaef3a846,0.9,0.9,e18521cf7f2a39c2f6a06fffaef3a846,0.95,0.95,1608.02893v2-figure2-1.png,1608.02893v2-figure2-1,figure 2: model performance over time.,line chart,True,4,closed-ended infinite answer set visual,"in the bottom right plot, what is the maximum value of the blue line in the graph labeled?",,arxiv,['cs.lg cs.cl cs.it math.it'],scigraphqa,1608.02893,https://arxiv.org/pdf/1608.02893v2
68521af5c11f8f28a31dba2cc65214b3,0.04,0.04,68521af5c11f8f28a31dba2cc65214b3,0.02,0.02,1709.00659v2-figure2-1.png,1709.00659v2-figure2-1,figure 2: visualization of hidden representation of a loc entity word “rangoon” and weight parameters corresponding to true and false tags.,line chart,False,1,closed-ended infinite answer set visual,what is the approximate value of the green dotted line at a hidden layer dimension of 10?,,arxiv,['cs.cl'],scigraphqa,1709.00659,https://arxiv.org/pdf/1709.00659v2
1eb67d078d61762ebb11fc6c5b7a5531,0.825,0.825,1eb67d078d61762ebb11fc6c5b7a5531,0.82,0.82,1709.09373v1-figure6-1.png,1709.09373v1-figure6-1,figure 6: mi and si - 25 topics 10 years window size,line chart,True,2,closed-ended infinite answer set visual,"in the top plot, what is the approximate value of the red line in the years 1940-1960",,arxiv,['cs.cl econ.gn q-fin.ec'],scigraphqa,1709.09373,https://arxiv.org/pdf/1709.09373v1
270b72e481f9abfd808a68697d00a73e,0.045,0.045,270b72e481f9abfd808a68697d00a73e,0.05,0.05,2020.acl-main.6.pdf-figure2.png,2020.acl-main.6.pdf-figure2,figure 2: bleu improvements on wizard-of-wikipedia.,line chart,False,1,closed-ended infinite answer set visual,what is the approximate absolute improvements value of the green line at its peak?,,acl,nan,aclfig,2020.acl-main.6,https://aclanthology.org/2020.acl-main.6.pdf
c7fc75ab3b2603696d1d17fc0b837029,1.365,1.365,c7fc75ab3b2603696d1d17fc0b837029,1.36,1.36,2002.11848v1-figure7-1.png,2002.11848v1-figure7-1,figure 7: diverse beam search. curve colors correspond to results with decoding an xe-trained model with different temperatures; each curve tracks varying λ in dbs.,line chart,True,2,closed-ended infinite answer set visual,"in the top plot, what is the oracle cider value of the red line with a self-cider of 0.70? ",,arxiv,['cs.cl cs.cv'],scigraphqa,2002.11848,https://arxiv.org/pdf/2002.11848v1
436c90d954af5c63dfbe3d4236667284,53.5,53.5,436c90d954af5c63dfbe3d4236667284,53.45,53.45,1909.06694v1-figure2-1.png,1909.06694v1-figure2-1,figure 2: validation loss comparison for simile and bleu. the top plot shows the expected bleu cost when training with bleu and simile. the bottom plot shows the expected simile cost when training with bleu and simile.,line chart,True,2,closed-ended infinite answer set visual,what is the highest value on the y-axis of the top plot for both the red and the blue lines?,,arxiv,['cs.cl'],scigraphqa,1909.06694,https://arxiv.org/pdf/1909.06694v1
f0f27528ade05e00a541abd811f79c49,0.96,0.96,f0f27528ade05e00a541abd811f79c49,0.9,0.9,1703.01619v1-figure9-1.png,1703.01619v1-figure9-1,figure 9: types of non-linearities.,line chart,True,3,closed-ended infinite answer set visual,what is the value of the blue line at x = 2 for the second plot labelled 'tanh(x)'?,,arxiv,['cs.cl cs.lg stat.ml'],scigraphqa,1703.01619,https://arxiv.org/pdf/1703.01619v1
bc6da3747c87ba610adebfdca8bdf1ce,10,10,bc6da3747c87ba610adebfdca8bdf1ce,10%,10%,1006.5880v1-figure1-1.png,1006.5880v1-figure1-1,figure 1: distribution of attachment distance,line chart,False,1,closed-ended infinite answer set visual,what is the approximate value of the dashed line at the attachment distance of 2?,,arxiv,['cs.cl'],scigraphqa,1006.5880,https://arxiv.org/pdf/1006.5880v1
70f7fcf6f2b5161453417741382a412e,4.2,4.2,70f7fcf6f2b5161453417741382a412e,4.5,4.5,1911.07013v1-figure2-1.png,1911.07013v1-figure2-1,figure 2: convergence curves of layernorm-simple and detachnorm on two translation datasets.,line chart,True,2,closed-ended infinite answer set visual,what is the approximate value of the red line in the leftmost plot at epoch 10?,,arxiv,['cs.lg cs.cl stat.ml'],scigraphqa,1911.07013,https://arxiv.org/pdf/1911.07013v1
2218cb9ff4bbba050b5f033f0009a635,b,b,2218cb9ff4bbba050b5f033f0009a635,a,a,1103.2950v1-figure6-1.png,1103.2950v1-figure6-1,"figure 6: fitting errors (residual, deviance), y(r) − f(r), of the ten functions used in fig.4 for mexican presidents’ speech to congress.",line chart,True,9,closed-ended infinite answer set visual,"in the second rightmost plot, what is the label of the black dot with the highest score?",,arxiv,['cs.cl'],scigraphqa,1103.2950,https://arxiv.org/pdf/1103.2950v1
ee49e8e79aed4b4a78ef868e3e83aa2b,15,15,ee49e8e79aed4b4a78ef868e3e83aa2b,14,14,1808.10128v1-figure2-1.png,1808.10128v1-figure2-1,fig. 2. mcd results by increasing the amount of paired data.,line chart,False,1,closed-ended infinite answer set visual,what is the value of mcd on the evaluation set for the blue line when the amount of training data is 1 shard?,,arxiv,['cs.cl cs.lg cs.sd eess.as'],scigraphqa,1808.10128,https://arxiv.org/pdf/1808.10128v1
78e6e93fe109fc0aae3e3c43f15c9b4a,75%,75%,78e6e93fe109fc0aae3e3c43f15c9b4a,80,80,2001.01000v1-figure17-1.png,2001.01000v1-figure17-1,"fig. 17. evolution of the identification rate as a function of α and β, when the first and second eigenresiduals (µ1(n) and µ2(n)) are combined according to equations (5) and (6).",line chart,True,2,closed-ended infinite answer set visual,"in the leftmost plot, what is the approximate identification rate of the black line when alpha is 0.8?",,arxiv,['cs.sd cs.cl eess.as'],scigraphqa,2001.01000,https://arxiv.org/pdf/2001.01000v1
bb41911548c513591c940b2cc42b95c7,18,18,bb41911548c513591c940b2cc42b95c7,18%,18%,2001.04619v1-figure7-1.png,2001.04619v1-figure7-1,"fig. 7. character error rate (cer) as a function of snr, including custom model.",line chart,False,1,closed-ended infinite answer set visual,what is the cer value of the black line with black circles when the average snr is 10 db?,,arxiv,['eess.as cs.cl cs.sd'],scigraphqa,2001.04619,https://arxiv.org/pdf/2001.04619v1
a105a119fce8529e782cda59c4d5f826,0.47,0.47,a105a119fce8529e782cda59c4d5f826,0.46,0.46,2004.06188v4-figure5-1.png,2004.06188v4-figure5-1,"figure 5: mean anger, fear, sadness, and joy by grade and gender, as well as model-implied trends.",line chart,True,4,closed-ended infinite answer set visual,what is the approximate value of the orange square at grade 10 for the bottom right plot?,,arxiv,['cs.cl'],scigraphqa,2004.06188,https://arxiv.org/pdf/2004.06188v4
8b695cdb3b8bd525472d691ab6121890,200000,200000,8b695cdb3b8bd525472d691ab6121890,"200,000","200,000",2010.02069v2-figurec.2-1.png,2010.02069v2-figurec.2-1,figure c.2: progression of the average gdl of the induced grammars (v 27l10) compared to the baseline grammar of one production rule for each message.,line chart,False,1,closed-ended infinite answer set visual,what is the value of the orange line at n = 4000?,,arxiv,['cs.cl cs.ai'],scigraphqa,2010.02069,https://arxiv.org/pdf/2010.02069v2
d19e89d174ca04c8c64135300e184749,red,red,d19e89d174ca04c8c64135300e184749,"red, green, blue, yellow","red, green, blue, yellow",1909.05023v2-figure5-1.png,1909.05023v2-figure5-1,"figure 5: ratios of rt/rt1 for various power law exponents k. left: {0.2, 0.4, 0.6, 0.8} from top to bottom, middle: {1.2, 1.4, 1.6, 1.8} from top to bottom, right: {2.5, 3.0, 3.5, 4.0} from bottom to top. in all cases the runtime ratos approach 1 exponentially fast with growing n.",line chart,True,3,closed-ended infinite answer set visual,what is the color of the lines in the middle plot?,,arxiv,['quant-ph cs.cl cs.ds cs.lg'],scigraphqa,1909.05023,https://arxiv.org/pdf/1909.05023v2
123517c8eae2395983dc170ec6671748,0.020,0.020,123517c8eae2395983dc170ec6671748,0.02,0.02,1210.8436v1-figure1-1.png,1210.8436v1-figure1-1,"fig. 1. aggregate oov rate as a function of vocabulary size (log-scale), evaluated on a range of test sets collected every tuesday between 2011/10/11-2012/01/03.",line chart,False,1,closed-ended infinite answer set visual,what is the value on the y-axis for the blue dashed line with stars at a vocabulary size of 1e+06?,,arxiv,['cs.cl cs.ir'],scigraphqa,1210.8436,https://arxiv.org/pdf/1210.8436v1
114d79fc641e9d0b1518dd8949ce55aa,77,77,114d79fc641e9d0b1518dd8949ce55aa,75,75,1504.07225v3-figure6-1.png,1504.07225v3-figure6-1,figure 6: cross-lingual classification accuracy results for de→ en,line chart,False,1,closed-ended infinite answer set visual,what is the accuracy of the red line for 5000 training documents?,,arxiv,['cs.cl cs.lg cs.ne stat.ml'],scigraphqa,1504.07225,https://arxiv.org/pdf/1504.07225v3
0f37fb36ddc310aaff2a05d2a0b2b017,0.65,0.65,0f37fb36ddc310aaff2a05d2a0b2b017,0.8,0.8,1910.08210v5-figure11-1.png,1910.08210v5-figure11-1,"figure 11: learning curve while transferring to the development environments. win rates of individual runs are shown in light colours. average win rates are shown in bold, dark lines.",line chart,True,3,closed-ended infinite answer set visual,what is the approximate value of the win rate of the red line at 3 x 10^7 frames in the middle subplot?,,arxiv,['cs.cl cs.ai cs.lg'],scigraphqa,1910.08210,https://arxiv.org/pdf/1910.08210v5
4e702e3edeb6145d182e79914d6a8e50,89.03,89.03,4e702e3edeb6145d182e79914d6a8e50,90.66,90.66,1808.09367v1-figure7-1.png,1808.09367v1-figure7-1,"figure 7: learning curve of an attention-based classifier on three tasks: hotel location (left), hotel cleanliness (center), hotel service (right). the performance of our approach trained on 200 examples with human rationales is shown as a reference.",scatter plot,True,3,closed-ended infinite answer set visual,what is the value of the horizontal red dashed line in the rightmost plot?,,arxiv,['cs.cl'],scigraphqa,1808.09367,https://arxiv.org/pdf/1808.09367v1
f26616c7ffbf98c45b6b71d75d2f6201,0 to 10000,0 to 10000,f26616c7ffbf98c45b6b71d75d2f6201,2000 to 8000,2000 to 8000,1911.11756v1-figure2-1.png,1911.11756v1-figure2-1,fig. 2: the schedule of w(t) with max value 10. we use the same scheduling function as in [3].,line chart,True,2,closed-ended infinite answer set visual,what is the range of the x-axis values on the leftmost plot when the w(t)=10?,,arxiv,['cs.lg cs.cl stat.ml'],scigraphqa,1911.11756,https://arxiv.org/pdf/1911.11756v1
6932c0e3f1231170a5f4395577aba7ac,390,390,6932c0e3f1231170a5f4395577aba7ac,400,400,1810.06645v1-figure1-1.png,1810.06645v1-figure1-1,fig. 1. sentiment polarity probability difference between male and female.,line chart,False,1,closed-ended infinite answer set visual,what is the maximum number of people with a sentiment polarity probability of 0.5 for the gray line with circles?,,arxiv,['cs.cl cs.ai'],scigraphqa,1810.06645,https://arxiv.org/pdf/1810.06645v1
5275c12ea5bbdf1274909b8a28a6ec59,0.57,0.57,5275c12ea5bbdf1274909b8a28a6ec59,0.5,0.5,1809.00129v1-figure2-1.png,1809.00129v1-figure2-1,figure 2: effect of the dropout rate during training.,line chart,False,1,closed-ended infinite answer set visual,what is the value of the orange line at the iteration 2000?,,arxiv,['cs.cl'],scigraphqa,1809.00129,https://arxiv.org/pdf/1809.00129v1
fcc6692c6b6ed74524e69df0cb8dcb5e,88.5,88.5,fcc6692c6b6ed74524e69df0cb8dcb5e,88.0,88.0,2005.10213v1-figure1-1.png,2005.10213v1-figure1-1,figure 1: development set accuracy for 5 languages on morphological inflection with different batch sizes. we evince our two primary contributions: (1) we set the new state of the art morphological inflection using the transformer and (2) we demonstrate the transformer’s dependence on the batch size.,line chart,False,1,closed-ended infinite answer set visual,what is the accuracy of the green line with stars at a batch size of 128?,,arxiv,['cs.cl'],scigraphqa,2005.10213,https://arxiv.org/pdf/2005.10213v1
e57df286ff7159b9ca8eac52a9fac8f0,0.00067,0.00067,e57df286ff7159b9ca8eac52a9fac8f0,0.00065,0.00065,1606.07287v1-figure4-1.png,1606.07287v1-figure4-1,"figure 4: validation loss for lv and lt, optimizing on a linear combination of losses (blue) or using two optimizers with stochastic loss selection (sl, red).",line chart,True,2,closed-ended infinite answer set visual,what is the approximate value of the red line in the bottom plot  at 5000 iterations?,,arxiv,['cs.ir cs.cl cs.cv cs.ne'],scigraphqa,1606.07287,https://arxiv.org/pdf/1606.07287v1
29e228a68a6d1ce3e0e6ff64ab868898,95,95,29e228a68a6d1ce3e0e6ff64ab868898,58,58,1805.01070v2-figure1-1.png,1805.01070v2-figure1-1,"figure 1: probing task scores after each training epoch, for nmt and skipthought. we also report training score evolution: bleu for nmt; perplexity (ppl) for skipthought.",line chart,True,4,closed-ended infinite answer set visual,what is the maximum value of the green line in the top left panel?,,arxiv,['cs.cl'],scigraphqa,1805.01070,https://arxiv.org/pdf/1805.01070v2
d7d0cb1141ea1e96cd307e64ef977f3e,25,25,d7d0cb1141ea1e96cd307e64ef977f3e,5,5,1904.13258v1-figure1-1.png,1904.13258v1-figure1-1,fig. 1. the nist stt benchmark test history - may’09 [7],line chart,False,1,closed-ended infinite answer set visual,what is the approximate wer (%) of the green line in 1991?,,arxiv,['cs.cl cs.sd eess.as'],scigraphqa,1904.13258,https://arxiv.org/pdf/1904.13258v1
afb1c8b17dfb4eef0d32d6e9c60c6972,0.017,0.017,afb1c8b17dfb4eef0d32d6e9c60c6972,0.015,0.015,1701.02901v1-figure2-1.png,1701.02901v1-figure2-1,"figure 2: relative improvement of the best nmt versus the best pbmt submission on chrf1 for different sentence lengths, averaged over all the language pairs considered.",line chart,False,1,closed-ended infinite answer set visual,what is the approximate value of the relative improvement of the blue line  for sentences between 11 and 15 words?,,arxiv,['cs.cl'],scigraphqa,1701.02901,https://arxiv.org/pdf/1701.02901v1
59bee5b916691eefdc5000563d681f6e,0.65,0.65,59bee5b916691eefdc5000563d681f6e,0.6,0.6,1910.08534v1-figure15-1.png,1910.08534v1-figure15-1,"figure 15: similarity comparison vs. type-token ratio. the higher the type-token ratio, the more similar the important features are. the positive correlation becomes stronger as k grows. in some cases, e.g., lime method on deception dataset, correlation becomes weaker as k grows.",line chart,True,6,closed-ended infinite answer set visual,"in the leftmost plot, what is the green dashed line with crosses with number of important features = 10?",,arxiv,['cs.cl cs.cy cs.hc cs.lg'],scigraphqa,1910.08534,https://arxiv.org/pdf/1910.08534v1
3878ea37e9d6d26d22f0fa6dcfe1147a,24,24,3878ea37e9d6d26d22f0fa6dcfe1147a,22,22,1909.01559v2-figure3-1.png,1909.01559v2-figure3-1,figure 3: learning curves averaged over four independent training runs on de→en direction. the x-axis represents training steps (× 50).,line chart,True,2,closed-ended infinite answer set visual,what is the approximate value on the y-axis of the black dot in the bottom graph?,,arxiv,['cs.cl'],scigraphqa,1909.01559,https://arxiv.org/pdf/1909.01559v2
3e16cb9e65ade64053e7f6f8a1d00379,0,0,3e16cb9e65ade64053e7f6f8a1d00379,1.0,1.0,2005.00048v1-figure4-1.png,2005.00048v1-figure4-1,figure 4: training & validation performance,line chart,False,1,closed-ended infinite answer set visual,what is the approximate value of the red line at 45 epochs?,,arxiv,['cs.cl cs.lg'],scigraphqa,2005.00048,https://arxiv.org/pdf/2005.00048v1
fcd04bb546ce81edb6334a984f337279,0,0,fcd04bb546ce81edb6334a984f337279,-1,-1,1805.00462v1-figure3-1.png,1805.00462v1-figure3-1,figure 3: evolution of reward during training for the word-level task without image variations.,line chart,False,1,closed-ended infinite answer set visual,what is the maximum value of the red line?,,arxiv,['cs.cl cs.ai'],scigraphqa,1805.00462,https://arxiv.org/pdf/1805.00462v1
fb20a8d4c6837cb59f43de2451ff761f,dark blue/black,dark blue/black,fb20a8d4c6837cb59f43de2451ff761f,blue,blue,1704.07050v2-figure3-1.png,1704.07050v2-figure3-1,figure 3: precision-recall curves for spanish-english. baseline denotes state of the art performance.,line chart,False,1,closed-ended infinite answer set visual,what is the color of the line representing the baseline performance?,,arxiv,['cs.cl cs.lg stat.ml'],scigraphqa,1704.07050,https://arxiv.org/pdf/1704.07050v2
25a68cf49a395fe80dbb74522a524478,130,130,25a68cf49a395fe80dbb74522a524478,150,150,1704.02565v2-figure17-1.png,1704.02565v2-figure17-1,"figure 17: english question-answer interview sequence extracted from aix-marsec corpus, item j0104g (male voices).",line chart,True,3,closed-ended infinite answer set visual,what is the approximate value of the black line at 200 on the x-axis in the bottom plot?,,arxiv,['cs.cl'],scigraphqa,1704.02565,https://arxiv.org/pdf/1704.02565v2
92acf589c9f76e76bb5cd9cc13eef9ab,0.37,0.37,92acf589c9f76e76bb5cd9cc13eef9ab,0.35,0.35,2009.13826v1-figure6-1.png,2009.13826v1-figure6-1,figure 6: blogcatalog classify result1,line chart,True,2,closed-ended infinite answer set visual,what is the maximum value reached by the blue line on the right plot?,,arxiv,['cs.lg cs.cl stat.ml'],scigraphqa,2009.13826,https://arxiv.org/pdf/2009.13826v1
3370ae4d9deb43d2842cfeb7a0df8737,0.90,0.90,3370ae4d9deb43d2842cfeb7a0df8737,0.95,0.95,1702.02052v1-figure3-1.png,1702.02052v1-figure3-1,figure 3: accuracy of the teacher’s predictions on the top n target domain examples with the highest mcd value for the k->d domain pair.,line chart,False,1,closed-ended infinite answer set visual,what is the value of the accuracy at the top 1000 examples with highest mcd for the blue line?,,arxiv,['cs.cl cs.lg'],scigraphqa,1702.02052,https://arxiv.org/pdf/1702.02052v1
ce061d412f9262f6b76571203899ad0d,97.5,97.5,ce061d412f9262f6b76571203899ad0d,96%,96%,1606.03676v2-figure1-1.png,1606.03676v2-figure1-1,figure 1: graphical visualisation of the overall tagging accuracies for all four types of enriched models. detailed results are given in table 4. languages are sorted by increasing melt’s overall tagging scores.,scatter plot,False,1,closed-ended infinite answer set visual,what is the overall accuracy of the black circle marker for the language 'es'?,,arxiv,['cs.cl'],scigraphqa,1606.03676,https://arxiv.org/pdf/1606.03676v2
b4b1b32a034401b947130ad3328f2f3f,red,red,b4b1b32a034401b947130ad3328f2f3f,blue,blue,2020.acl-main.447.pdf-figure3.png,2020.acl-main.447.pdf-figure3,"figure 3: word2vec embeddings associated with 20k papers in six ai-related arxiv categories visualized using t-sne (van der maaten and hinton, 2008). example papers from two randomly selected sub-regions a and b are given in table 7.",scatter plot,False,1,closed-ended infinite answer set visual,what color are most of the dots located in the upper part of the figure?,,acl,nan,aclfig,2020.acl-main.447,https://aclanthology.org/2020.acl-main.447.pdf
cc75d00063bc1bfade70e7b55e918a16,light blue,light blue,cc75d00063bc1bfade70e7b55e918a16,green,green,1903.10963v1-figure11-1.png,1903.10963v1-figure11-1,"figure 11: estimated best 2-hop circuit if the error rates on the two edges are balanced, circuit c will be the best choice. more often on tokyo, b or d is best.",other,False,1,closed-ended infinite answer set visual,what is the color of the circuit located in the upper left part of the figure?,,arxiv,['quant-ph cs.cl'],scigraphqa,1903.10963,https://arxiv.org/pdf/1903.10963v1
ae091e6dd7d79b5c587a5a81239e67b3,left to right,left to right,ae091e6dd7d79b5c587a5a81239e67b3,from the tree comment network to the decision tree model,from the tree comment network to the decision tree model,2020.acl-main.97.pdf-figure2.png,2020.acl-main.97.pdf-figure2,"figure 2: overview of dte. dte consists of two parts: tree comment network (the left) and decision tree model (the right), which is used to evaluate the credibility of each node in the tree comment network for discovering evidence.",tree,True,2,closed-ended infinite answer set visual,what is the direction of the blue dashed line connecting the tree comment network and the decision tree model?,,acl,nan,aclfig,2020.acl-main.97,https://aclanthology.org/2020.acl-main.97.pdf
48ace3aa7a75cda0a5e048382b385aa4,pūrvakālikatvam,pūrvakālikatvam,48ace3aa7a75cda0a5e048382b385aa4,rāmah,rāmah,w12-4701.pdf-figure6.png,w12-4701.pdf-figure6,figure 6: purvakalkatvam,tree,False,1,closed-ended infinite answer set visual,what is the word above the black solid arrow labeled 'karma (goal)'?,,acl,nan,aclfig,w12-4701,https://aclanthology.org/w12-4701.pdf
3ec8a9a1978e208c526a5681384f4f97,5,5,3ec8a9a1978e208c526a5681384f4f97,6,6,2020.acl-main.67.pdf-figure2.png,2020.acl-main.67.pdf-figure2,figure 2: neighborhood information in different orders.,graph,False,1,closed-ended infinite answer set visual,how many circles are directly connected to the pink circle?,,acl,nan,aclfig,2020.acl-main.67,https://aclanthology.org/2020.acl-main.67.pdf
6d7b637fffb43950eebe3dc948a7379e,0.04,0.04,6d7b637fffb43950eebe3dc948a7379e,0.72,0.72,1611.02590v2-figure4-1.png,1611.02590v2-figure4-1,"figure 4: significant differences for resolving tweets in claims validated as true vs false. in verified claims, resolving tweets show higher certainty cue (crt) related values than non-resolving tweets. in falsified claims, resolving tweets show higher doubt cue (dcr) related values than non-resolving tweets.",box plot,True,7,closed-ended infinite answer set visual,what is the maximum value of the black horizontal line in the rightmost boxplot for the category 'true'?,,arxiv,['cs.cl'],scigraphqa,1611.02590,https://arxiv.org/pdf/1611.02590v2
cb2fca379be8a5bb76a3ecc318061d7f,3,3,cb2fca379be8a5bb76a3ecc318061d7f,5,5,w16-2206.pdf-figure4.png,w16-2206.pdf-figure4,figure 4: a translation example produced by our system. the shown german sentence is preordered.,confusion matrix,False,1,closed-ended infinite answer set visual,how many gray squares are in viele colum?,,acl,nan,aclfig,w16-2206,https://aclanthology.org/w16-2206.pdf
c9dae24e36df557b8b8fbed99d7b827c,light red/orange,light red/orange,c9dae24e36df557b8b8fbed99d7b827c,red,red,w19-5211.pdf-figure16.png,w19-5211.pdf-figure16,figure 16: pos-based classification accuracy on states from the ende encoder.,confusion matrix,False,1,closed-ended infinite answer set visual,what is the color of the square with the accuracy for layer 1 for nouns?,,acl,nan,aclfig,w19-5211,https://aclanthology.org/w19-5211.pdf
b1493e547271200c94111044cc80c57c,dark blue,dark blue,b1493e547271200c94111044cc80c57c,lighter,lighter,u15-1009.pdf-figure2.png,u15-1009.pdf-figure2,figure 2: motifs in 300-dimension lex plot of domestic violence report,confusion matrix,False,1,closed-ended infinite answer set visual,what is the color of the majority of squares in the figure?,,acl,nan,aclfig,u15-1009,https://aclanthology.org/u15-1009.pdf
001cb474e5cf3f2f256d949ace4f1884,78,78,001cb474e5cf3f2f256d949ace4f1884,80%,80%,2020.acl-main.622.pdf-figure3.png,2020.acl-main.622.pdf-figure3,figure 3: performance on the development set of the conll-2012 dataset with various number of speakers. f1(speaker as feature): f1 score for the strategy that treats speaker information as a mention-pair feature. f1(speaker as input): f1 score for our strategy that treats speaker names as token input. frequency: percentage of documents with specific number of speakers.,bar chart,False,1,closed-ended infinite answer set visual,"what is the f1 score when the number of speakers is 2, as indicated by the height of the blue bar?",,acl,nan,aclfig,2020.acl-main.622,https://aclanthology.org/2020.acl-main.622.pdf
dd0ac1989256dd0dffe1ba2009c1d184,0.075,0.075,dd0ac1989256dd0dffe1ba2009c1d184,0.06,0.06,2007.sigdial-1.12.pdf-figure7.png,2007.sigdial-1.12.pdf-figure7,figure 7. roc area for n*-best and other n-best methods (n* is represented as n=0),bar chart,False,1,closed-ended infinite answer set visual,what is the approximate height of the black bar at n=0?,,acl,nan,aclfig,2007.sigdial-1.12,https://aclanthology.org/2007.sigdial-1.12.pdf
15bac73e7fba11600a41b0edae6dfdf7,3.2,3.2,15bac73e7fba11600a41b0edae6dfdf7,3.0,3.0,2019.ccnlg-1.1.pdf-figure13.png,2019.ccnlg-1.1.pdf-figure13,figure 13: unpredictability (surprise) scores for each game. error bars indicate one standard deviation.,bar chart,True,2,closed-ended infinite answer set visual,what is the value of the score for the game represented by the third bar from the left?,,acl,nan,aclfig,2019.ccnlg-1.1,https://aclanthology.org/2019.ccnlg-1.1.pdf
e4882b843d3e2466a3ca2df3c3c9e085,h(v|g),h(v|g),e4882b843d3e2466a3ca2df3c3c9e085,"mi(c;w,v|g)","mi(c;w,v|g)",2020.acl-main.597.pdf-figure1.png,2020.acl-main.597.pdf-figure1,"figure 1: the conditional entropies (h) and mutual information quantities (mi) of form (w ), meaning (v ), and declension class (c), given gender (g) in german and czech.",venn diagram,False,1,closed-ended infinite answer set visual,what is the label of the green circle?,,acl,nan,aclfig,2020.acl-main.597,https://aclanthology.org/2020.acl-main.597.pdf
51c82e2340962149fd110ed8e500d721,0.45,0.45,51c82e2340962149fd110ed8e500d721,0.4,0.4,2002.08307v2-figure1-1.png,2002.08307v2-figure1-1,"figure 1: (blue) the best glue dev accuracy and training losses for models pruned during pre-training, averaged over 5 tasks. also shown are models with information deletion during pre-training (orange), models pruned after downstream fine-tuning (green), and models pruned randomly during pre-training instead of by lowest magnitude (red). 30-40% of weights can be pruned using magnitude weight pruning without decreasing dowsntream accuracy. notice that information deletion fits the training data better than un-pruned models at all sparsity levels but does not fully recover evaluation accuracy. also, models pruned after downstream fine-tuning have the same or worse development accuracy, despite achieving lower training losses. note: none of the pruned models are overfitting because un-pruned models have the lowest training loss and the highest development accuracy. while the results for individual tasks are in table 1, each task does not vary much from the average trend, with an exception discussed in section 4.3.",line chart,True,2,closed-ended infinite answer set visual,what is the value of the training loss for the blue line at a prune percentage of 0.8?,,arxiv,['cs.cl'],scigraphqa,2002.08307,https://arxiv.org/pdf/2002.08307v2
c45be9cb80192ab5000391578f69fbe6,42,42,c45be9cb80192ab5000391578f69fbe6,45%,45%,1802.07420v2-figure3-1.png,1802.07420v2-figure3-1,fig. 3. cross-lingual training of kurmanji and swahili systems.,line chart,True,2,closed-ended infinite answer set visual,what is the phoneme error rate of the red line when trained on 50% of the data in the right graph?,,arxiv,['cs.cl cs.sd eess.as'],scigraphqa,1802.07420,https://arxiv.org/pdf/1802.07420v2
a4ffa7e6f72eac9a2acc4c66b21d2d9f,0.20,0.20,a4ffa7e6f72eac9a2acc4c66b21d2d9f,0.25,0.25,2020.acl-main.94.pdf-figure5.png,2020.acl-main.94.pdf-figure5,figure 5: bli performance for each pos in the different domain setting.,line chart,True,4,closed-ended infinite answer set visual,what is the approximate bli (mrr) value for the green dashed line at a window size of 10 for the verb plot?,,acl,nan,aclfig,2020.acl-main.94,https://aclanthology.org/2020.acl-main.94.pdf
d7050de865d22dcdb18db9e278191d5e,35%,35%,d7050de865d22dcdb18db9e278191d5e,65,65,1701.08340v2-figure3-1.png,1701.08340v2-figure3-1,figure 3: effect of using different corpora in with different comparability degree,line chart,False,1,closed-ended infinite answer set visual,what is the accuracy of the blue line representing top-1 using gencorpus when dicex+wo is used?,,arxiv,['cs.cl'],scigraphqa,1701.08340,https://arxiv.org/pdf/1701.08340v2
72fd881c0b654756d6a3ae2780315015,8.5,8.5,72fd881c0b654756d6a3ae2780315015,8,8,1907.00820v1-figure3-1.png,1907.00820v1-figure3-1,figure 3: averaged visualization about (a and c) controller gate and (b and d) read-write policy for tann and sann on mirror task. note that all the plots are derived from being averaging over 500 random samples. the x-axis shows each time step represented by input xi or output yi. the 〈eos〉 represent the input delimiter.,line chart,True,4,closed-ended infinite answer set visual,"in the top right plot, what is the value of the blue dashed line at input symbol x4?",,arxiv,['cs.lg cs.cl cs.ne'],scigraphqa,1907.00820,https://arxiv.org/pdf/1907.00820v1
662dd11132612c954a9990b69485510f,7.8,7.8,662dd11132612c954a9990b69485510f,8,8,1508.03601v1-figure4-1.png,1508.03601v1-figure4-1,figure 4: impact of topic1,line chart,False,1,closed-ended infinite answer set visual,what is the approximate impact of the black line at month 6?,,arxiv,['cs.si cs.cl'],scigraphqa,1508.03601,https://arxiv.org/pdf/1508.03601v1
4c3c86f3609ddfbdcb91474e53d12440,0.125,0.125,4c3c86f3609ddfbdcb91474e53d12440,0.10,0.10,1711.06004v1-figure7.4-1.png,1711.06004v1-figure7.4-1,"figure 7.4: comparison of lse (with window size n = 4) with latent vector space baselines (lsi, lda and word2vec; section 7.4.5) on home & kitchen, clothing, shoes & jewelry, pet supplies and sports & outdoors product search benchmarks (section 7.4.3) and evaluated on the test sets. significance (section 7.4.4) is computed between lse and the baselines for each vector space size.",line chart,True,4,closed-ended infinite answer set visual,what is the value of the green line at the '256' entity space dimensionality on the sports & outdoors plot?,,arxiv,['cs.ir cs.ai cs.cl'],scigraphqa,1711.06004,https://arxiv.org/pdf/1711.06004v1
2d5be7bc9a44d7ec3e5ff29f001ed761,80,80,2d5be7bc9a44d7ec3e5ff29f001ed761,60,60,1609.04309v3-figure2-1.png,1609.04309v3-figure2-1,"figure 2. computational time for the two-clusters adaptive softmax on the bulgarian europarl data, as a function of the size of the head cluster kh. we report values predicted by our model (theoretical) as well as measured on a k40 (empirical). even with this very simple hierarchy, we observe more than 5× speedup over the full softmax. the red dotted line indicates the value of the parameter kh such that both clusters have equal probability: ph = pt = 0.5.","line chart,scatter plot",False,1,closed-ended infinite answer set visual,"what is the value of the computational time (in ms) of the orange plus marker where the head cluster size (kh) is approximately 20,000?",,arxiv,['cs.cl cs.lg'],scigraphqa,1609.04309,https://arxiv.org/pdf/1609.04309v3
83e338c233d0681016f9075ab20843f8,0.825,0.825,83e338c233d0681016f9075ab20843f8,0.827,0.827,2010.10907v1-figure5-1.png,2010.10907v1-figure5-1,"figure 5: results for random prefixes. for each generation step, the figure shows (a) contribution of source, (b) entropy of source contributions.",line chart,True,2,closed-ended infinite answer set visual,what is the approximate value of the red line at target token position 15 in the left graph?,,arxiv,['cs.cl'],scigraphqa,2010.10907,https://arxiv.org/pdf/2010.10907v1
490535ad50b9969025ad8ee931daca49,90%,90%,490535ad50b9969025ad8ee931daca49,73.7,73.7,1705.03633v1-figure5-1.png,1705.03633v1-figure5-1,"figure 5. question answering accuracy on the clevr-cogent dataset (higher is better). top: we train models on condition a, then test them on both condition a and condition b. we then finetune these models on condition b using 3k images and 30k questions, and again test on both conditions. our model uses 18k programs during training on condition a, and does not use any programs during finetuning on condition b. bottom: we investigate the effects of using different amounts of data when finetuning on condition b. we show overall accuracy as well as accuracy on color-query and shape-query questions.",line chart,True,3,closed-ended infinite answer set visual,"what is the overall accuracy of the green line with 10,000 questions on the leftmost plot?",,arxiv,['cs.cv cs.cl cs.lg'],scigraphqa,1705.03633,https://arxiv.org/pdf/1705.03633v1
4121f535cff6ce193555dc6c252f8425,100%,100%,4121f535cff6ce193555dc6c252f8425,90,90,2009.10355v1-figure3-1.png,2009.10355v1-figure3-1,figure 3: the comparison between 3 kinds of agent. comnet achieved performance close to the upper bound (hand-crafted) while there is still room for improvement for vanilla dqn.,line chart,True,9,closed-ended infinite answer set visual,what is the value of the highest point on the red line in the top-middle graph?,,arxiv,['cs.cl'],scigraphqa,2009.10355,https://arxiv.org/pdf/2009.10355v1
95d53455da216e069920a04fca35de23,0,0,95d53455da216e069920a04fca35de23,-0.1,-0.1,2015.lilt-12.2.pdf-figure4.png,2015.lilt-12.2.pdf-figure4,figure 4 graph of stylistic change for tiresias,line chart,False,1,closed-ended infinite answer set visual,"what is the approximate value of the orange line at the x-axis point labeled ""3""?",,acl,nan,aclfig,2015.lilt-12.2,https://aclanthology.org/2015.lilt-12.2.pdf
8d8f0c2e8cf1751addc31b4e9a46fc39,40,40,8d8f0c2e8cf1751addc31b4e9a46fc39,5,5,1905.12065v1-figure2-1.png,1905.12065v1-figure2-1,"figure 2: smoothed distances (abscissa) plotted against radial bins (ordinate) over 360 degrees, for bass (top panel, ) versus oxidation (bottom panel, ), as computed over grolier’s encyclopedia, with the following parameter settings: , , , .",line chart,True,2,closed-ended infinite answer set visual,what is the smoothed distance at an angle of 100 degrees in the bottom graph?,,arxiv,['cs.cl'],scigraphqa,1905.12065,https://arxiv.org/pdf/1905.12065v1
ecd198124f4dc77102b8abe34b11a0bf,31.0,31.0,ecd198124f4dc77102b8abe34b11a0bf,30.5,30.5,1911.10768v2-figure4-1.png,1911.10768v2-figure4-1,figure 4: performance (f1) of the proposed model in adaptation from squad and newsqa to duorc versus number of source training data.,line chart,False,1,closed-ended infinite answer set visual,what is the f1 score of the blue line when the number of rc instances is approximately 40000?,,arxiv,['cs.cl'],scigraphqa,1911.10768,https://arxiv.org/pdf/1911.10768v2
3a0940a9dd5ec9ecb730990ec38b8e73,0.50,0.50,3a0940a9dd5ec9ecb730990ec38b8e73,0.48,0.48,1810.11663v1-figure3-1.png,1810.11663v1-figure3-1,figure 3: performance curves of each model according to the size of the training set.,line chart,False,1,closed-ended infinite answer set visual,what is the performance of the orange line at a training data size of 6000?,,arxiv,['cs.cl'],scigraphqa,1810.11663,https://arxiv.org/pdf/1810.11663v1
62d15d4b81114d8b8a1dc9be9d10856c,7,7,62d15d4b81114d8b8a1dc9be9d10856c,10%,10%,1401.5390v1-figure12-1.png,1401.5390v1-figure12-1,"figure 12: win rate as a function of computation time per game step. for each montecarlo search method, win rate and computation time were measured for 100, 200 and 500 roll-outs per game step, respectively.",line chart,False,1,closed-ended infinite answer set visual,what is the win rate for the red marker when the computation time per game step is approximately 10 seconds?,,arxiv,['cs.cl cs.ai cs.lg'],scigraphqa,1401.5390,https://arxiv.org/pdf/1401.5390v1
ae55daa3ff6f08d00fc8246fe7b1a123,63.45,63.45,ae55daa3ff6f08d00fc8246fe7b1a123,63.5,63.5,1902.10247v3-figure6-1.png,1902.10247v3-figure6-1,figure 6: performance analysis of the proposed algorithm for different window sizes over the sampled dataset.,line chart,False,1,closed-ended infinite answer set visual,what is the approximate value of the red circle at a window size of 10?,,arxiv,['cs.cl cs.lg stat.ml'],scigraphqa,1902.10247,https://arxiv.org/pdf/1902.10247v3
1e27e8d6380389ed86cf65025183802d,0.50,0.50,1e27e8d6380389ed86cf65025183802d,14%,14%,1804.00084v1-figure4.1-1.png,1804.00084v1-figure4.1-1,"figure 4.1: distribution of the fraction of females (in blue color) and males (in green color) in the rank of users with most followers. the intersection point happens in the top 14%, meaning the fraction of females became higher than males from this point.",line chart,False,1,closed-ended infinite answer set visual,what is the approximate fraction of users of top users where the blue line intersects the green line?,,arxiv,['cs.si cs.cl'],scigraphqa,1804.00084,https://arxiv.org/pdf/1804.00084v1
a45765b9cdc6e8a6f09a0dfd5c855a7f,0.6,0.6,a45765b9cdc6e8a6f09a0dfd5c855a7f,0.65,0.65,1510.08418v1-figure3-1.png,1510.08418v1-figure3-1,"figure 3: per-edge precision, recall and f1-score using different thresholds on the prediction values of maxent.",line chart,False,1,closed-ended infinite answer set visual,what is the value of the pink line when the threshold is at 0.2?,,arxiv,['cs.cl'],scigraphqa,1510.08418,https://arxiv.org/pdf/1510.08418v1
d17b09c3d700e1ace6e012d82b1ea186,0.65,0.65,d17b09c3d700e1ace6e012d82b1ea186,0.6,0.6,2007.07860v1-figure4-1.png,2007.07860v1-figure4-1,figure 4: crowdflower-gender evaluation 1. fraction of non-brand posts by male user accounts in summaries generated by standard summarization algorithms (a) and our framework (b).,line chart,True,2,closed-ended infinite answer set visual,what is the maximum value of the orange line in the right plot?,,arxiv,['cs.cy cs.cl'],scigraphqa,2007.07860,https://arxiv.org/pdf/2007.07860v1
4edc0d883cfe0ae4b26e149e529b07c7,80%,80%,4edc0d883cfe0ae4b26e149e529b07c7,70%,70%,1205.4387v1-figure1-1.png,1205.4387v1-figure1-1,figure 1: precision-biased results on the dev-set.,line chart,True,3,closed-ended infinite answer set visual,what is the approximate value of the green line at a risk threshold of 0.05 in the leftmost graph?,,arxiv,['cs.cl'],scigraphqa,1205.4387,https://arxiv.org/pdf/1205.4387v1
40198a338c20d2b96daf8946285b0623,5.5,5.5,40198a338c20d2b96daf8946285b0623,5,5,1801.06146v5-figure4-1.png,1801.06146v5-figure4-1,"figure 4: validation error rate curves for finetuning the classifier with ulmfit and ‘full’ on imdb, trec-6, and ag (top to bottom).",line chart,True,3,closed-ended infinite answer set visual,what is the lowest value of the orange line in the middle plot?,,arxiv,['cs.cl cs.lg stat.ml'],scigraphqa,1801.06146,https://arxiv.org/pdf/1801.06146v5
e50a971b88285f8e3e44116d171395e9,100,100,e50a971b88285f8e3e44116d171395e9,10,10,1611.10277v4-figure1-1.png,1611.10277v4-figure1-1,"figure 1: speed comparisons to a fixed number of iterations as the number of documents and words vary. new york times articles and pubmed abstracts were collected from the uci machine learning repository (lichman, 2013). the disaster relief articles are described in section 4.1, and represented simply as bags of words, not phrases.",line chart,True,6,closed-ended infinite answer set visual,"what is the value of the red square under ""new york times"" data and 10^5 documents?",,arxiv,['cs.cl cs.ir cs.it math.it stat.ml'],scigraphqa,1611.10277,https://arxiv.org/pdf/1611.10277v4
33050c26fc3202e00e2b2e5f05c8301c,0.75,0.75,33050c26fc3202e00e2b2e5f05c8301c,0.5,0.5,2006.01210v1-figure6-1.png,2006.01210v1-figure6-1,figure 6. frequency of chinese character constructive parts.,line chart,False,1,closed-ended infinite answer set visual,what is the approximate value on the y axis where the red line (french) intersects the cyan line (portuguese)?,,arxiv,['cs.cl'],scigraphqa,2006.01210,https://arxiv.org/pdf/2006.01210v1
b11efb54035f082aeaa8993f69d72c9e,10.6,10.6,b11efb54035f082aeaa8993f69d72c9e,10.5,10.5,1906.11604v1-figure3-1.png,1906.11604v1-figure3-1,figure 3: the relative improvement in development accuracy over sets over baseline obtained by using conversational-context embeddings with different number of utterance history and different merging techniques.,line chart,False,1,closed-ended infinite answer set visual,what is the relative improvement percentage for the red line when the number of utterance history is 5?,,arxiv,['cs.cl cs.sd eess.as'],scigraphqa,1906.11604,https://arxiv.org/pdf/1906.11604v1
8749f1174d4ba85df5949694bf7c86df,24.5,24.5,8749f1174d4ba85df5949694bf7c86df,25,25,1808.09943v1-figure1-1.png,1808.09943v1-figure1-1,figure 1: test bleu for character and bpe translation as architectures scale from 1 bilstm encoder layer and 2 lstm decoder layers (1×2+2) to our standard 6×2+8. the y-axis spans 6 bleu points for each language pair.,line chart,True,4,closed-ended infinite answer set visual,what is the bleu score for the blue line when the architecture is 3x2+4 in the bottom left graph?,,arxiv,['cs.cl'],scigraphqa,1808.09943,https://arxiv.org/pdf/1808.09943v1
66df0e8adb6726658a990cf5bcf4b1c3,227,227,66df0e8adb6726658a990cf5bcf4b1c3,218,218,2009.01312v2-figure2-1.png,2009.01312v2-figure2-1,"figure 2: the number of missing prediction trees for different independence assumptions. x-axis is the training epochs, y-axis is the number of missing trees for each epoch.",line chart,False,1,closed-ended infinite answer set visual,what is the exact number of missing trees for epoch 12 for the blue line?,,arxiv,['cs.cl'],scigraphqa,2009.01312,https://arxiv.org/pdf/2009.01312v2
2c976744cca2d3ad4aecb37133ee5616,0.385,0.385,2c976744cca2d3ad4aecb37133ee5616,0.38,0.38,1909.10599v1-figure1-1.png,1909.10599v1-figure1-1,"figure 1: performance of the +copytransformer 〈bert&gwordenc,bert&gworddec〉 model on the cnn/dailymail task with increasing numbers of pretrained layers. x = 1 represents loading the embedding layer only, x = 3 represents that plus the first two encoder layers, and x = 23 represents all layers except for one decoder layer. performance of x = 0 (i.e. 〈random,random〉) and x = 24 (i.e. 〈bert&gwordenc,bert&gworddec〉) are shown with dashed lines. error bars represent 95% confidence intervals as reported by the rouge script.",line chart,False,1,closed-ended infinite answer set visual,what is the value of the red line at 20 pretrained layers?,,arxiv,['cs.cl'],scigraphqa,1909.10599,https://arxiv.org/pdf/1909.10599v1
7909fcb8fe0cf328dbdb0487965fe600,0.15,0.15,7909fcb8fe0cf328dbdb0487965fe600,0.1,0.1,2005.00571v2-figure1-1.png,2005.00571v2-figure1-1,figure 1: rule quality difference between datasets. there are exists high quality rules on wn18rr.,line chart,False,1,closed-ended infinite answer set visual,what is the accuracy of the orange line at the rule body index of 0?,,arxiv,['cs.ai cs.cl cs.lg'],scigraphqa,2005.00571,https://arxiv.org/pdf/2005.00571v2
6ed3f824b02be0391e7944c85a7b72a3,30000,30000,6ed3f824b02be0391e7944c85a7b72a3,25000,25000,2005.00308v1-figure3-1.png,2005.00308v1-figure3-1,"figure 3: number of sentences selected from each system by the fromall data selection approach for eu-es language pair in subsequent bins of 100,000 sentences (extrapolated for the last bin).",line chart,False,1,closed-ended infinite answer set visual,what is the approximate number of sentences selected by the dot-dashed line for the bin between 1700001 and 1800000?,,arxiv,['cs.cl'],scigraphqa,2005.00308,https://arxiv.org/pdf/2005.00308v1
62b0f4ec41c2375c7a81589564b4abe6,45%,45%,62b0f4ec41c2375c7a81589564b4abe6,50,50,1812.00235v3-figure10-1.png,1812.00235v3-figure10-1,"figure 10. changes to collected captions over rounds. model trained with 10% warmup, h = 70%, 3 chunks.",line chart,False,1,closed-ended infinite answer set visual,what is the value of the blue line at round 3?,,arxiv,['cs.cv cs.cl'],scigraphqa,1812.00235,https://arxiv.org/pdf/1812.00235v3
af4c33b775cb15c7e24e8d0102a3a79a,0.42,0.42,af4c33b775cb15c7e24e8d0102a3a79a,0.45,0.45,1908.01968v1-figure3-1.png,1908.01968v1-figure3-1,"figure 3: changes in the ‖w‖/‖x‖ and ||xmask|| during training in two experiments. figure 3(a), figure 3(b) are ”cnn-hidden-layer” in mr and ”idcnnhidden-layer” in conll-2003 respectively.",line chart,True,2,closed-ended infinite answer set visual,what is the value of the blue line in the top graph at epoch 10?,,arxiv,['cs.cl cs.lg'],scigraphqa,1908.01968,https://arxiv.org/pdf/1908.01968v1
b57c7a9fb65a823a632269371b5b7581,0.9,0.9,b57c7a9fb65a823a632269371b5b7581,0.8,0.8,1205.4387v1-figure2-1.png,1205.4387v1-figure2-1,"figure 2: roc curves for the various riskiness predictors on the dev set. the true positive rate is the percentage of incorrect decisions which were identified as risky, and the false positive rate is the percentage of correct decisions which were identified as risky.",line chart,False,1,closed-ended infinite answer set visual,what is the true positive rate of the purple line when the false positive rate is approximately 0.5?,,arxiv,['cs.cl'],scigraphqa,1205.4387,https://arxiv.org/pdf/1205.4387v1
28bbe0c4029a5d5a68cb878a43f2f2a1,1.00,1.00,28bbe0c4029a5d5a68cb878a43f2f2a1,0.98,0.98,1703.10344v1-figure5-1.png,1703.10344v1-figure5-1,figure 5: feature analysis for the aep placement task for t = 2009.,line chart,False,1,closed-ended infinite answer set visual,what is the approximate maximum precision value for the red line?,,arxiv,['cs.ir cs.cl cs.si'],scigraphqa,1703.10344,https://arxiv.org/pdf/1703.10344v1
e774503fc153ac1601799eeb9cf8e537,0.87,0.87,e774503fc153ac1601799eeb9cf8e537,0.9,0.9,1902.07249v2-figure9-1.png,1902.07249v2-figure9-1,"figure 9: ratio of interpretable units in layer-wise. across all datasets, there are more than 90% of units are interpretable. see section d for more details.",line chart,False,1,closed-ended infinite answer set visual,what is the approximate value of the green line at layer index 3?,,arxiv,['cs.cl cs.lg stat.ml'],scigraphqa,1902.07249,https://arxiv.org/pdf/1902.07249v2
cfe7a7a967f39d2903929b55f9be0e9f,0.10,0.10,cfe7a7a967f39d2903929b55f9be0e9f,0.1,0.1,2007.00067v1-figure2-1.png,2007.00067v1-figure2-1,figure 2. convergence curves for different ablated models. “regularizer” denotes the cosine multiplier in the equation (11).,line chart,False,1,closed-ended infinite answer set visual,what is the approximate value of the loss for the purple line at the step of 30000?,,arxiv,['cs.cl cs.lg stat.ml'],scigraphqa,2007.00067,https://arxiv.org/pdf/2007.00067v1
e53eb625f205934c739516bbcde9220b,70,70,e53eb625f205934c739516bbcde9220b,70%,70%,1711.04289v3-figure3-1.png,1711.04289v3-figure3-1,figure 3: accuracies of models under different sizes of external knowledge. more external knowledge corresponds to higher accuracies.,line chart,False,1,closed-ended infinite answer set visual,what is the approximate accuracy of the blue line when the ratio of external knowledge is 1?,,arxiv,['cs.cl'],scigraphqa,1711.04289,https://arxiv.org/pdf/1711.04289v3
400feb7330cf28b1b160c5bca99e82ed,100,100,400feb7330cf28b1b160c5bca99e82ed,400,400,1608.00929v1-figure2-1.png,1608.00929v1-figure2-1,figure 2: left: densities versus oracle error rates of lattices generated by different pruning methods.right: time spent on generating the lattices with different pruning methods.,line chart,True,2,closed-ended infinite answer set visual,what is the value of the lattice density when the oracle error rate of the blue line is at its minimum?,,arxiv,['cs.cl'],scigraphqa,1608.00929,https://arxiv.org/pdf/1608.00929v1
d15dd74c19aff6232710323dbf26c610,100,100,d15dd74c19aff6232710323dbf26c610,10^2,10^2,1709.07758v1-figure6-1.png,1709.07758v1-figure6-1,figure 6: high learning rate (lr) to increase the initial softmax perplexity (a). nce and softmax initial perplexities in the first epoch; only training perplexity is available within one epoch (b).,line chart,True,2,closed-ended infinite answer set visual,what is the approximate value of the green line at epoch 5 in figure 6 (a)?,,arxiv,['cs.cl'],scigraphqa,1709.07758,https://arxiv.org/pdf/1709.07758v1
afa243aeb91f1f6903065ed972455428,0.87,0.87,afa243aeb91f1f6903065ed972455428,0.85,0.85,2004.05887v1-figure4-1.png,2004.05887v1-figure4-1,figure 4: classification accuracies on the validation sets with different values for δ. the x-axis shows the selected qth percentiles of the loge frequencies in the training corpus. the y-axis denotes the accuracy when δ is set to the loge frequency value representing the specific qth percentile.,line chart,True,2,closed-ended infinite answer set visual,what is the accuracy of the yellow line when the x-axis value is 80 in the second figure?,,arxiv,['cs.cl'],scigraphqa,2004.05887,https://arxiv.org/pdf/2004.05887v1
fda4eff9319d3564e67193531605a926,185,185,fda4eff9319d3564e67193531605a926,160,160,2005.14386v1-figure2-1.png,2005.14386v1-figure2-1,figure 2: the performance of models with different desired length. att2in+bsx is att2in+fixlen with beam size x.,line chart,True,4,closed-ended infinite answer set visual,what is the value of the blue line at a desired length of 28 on the 'mcider' plot?,,arxiv,['cs.cv cs.cl'],scigraphqa,2005.14386,https://arxiv.org/pdf/2005.14386v1
11972754c9e6dd674ac5b8d8653bebed,95,95,11972754c9e6dd674ac5b8d8653bebed,40,40,1906.09426v1-figure1-1.png,1906.09426v1-figure1-1,figure 1: character/word error rates for code-switched hindi-english specific to different λ values.,line chart,False,1,closed-ended infinite answer set visual,what is the value of the blue line at λ = 0.5?,,arxiv,['eess.as cs.cl cs.lg cs.sd'],scigraphqa,1906.09426,https://arxiv.org/pdf/1906.09426v1
eeb703baa0566fa4be10d5e62450dccf,mwe,mwe,eeb703baa0566fa4be10d5e62450dccf,frzn,frzn,d11-1077.pdf-figure1.png,d11-1077.pdf-figure1,figure 1: bayesian network for mwe identification,graph,False,1,closed-ended infinite answer set visual,what is the label of the node directly above the node labeled 'pos'?,,acl,nan,aclfig,d11-1077,https://aclanthology.org/d11-1077.pdf
0c18aa34e4ec91237e6e71df3bca7642,7,7,0c18aa34e4ec91237e6e71df3bca7642,go;organization,go;organization,c00-1054.pdf-figure8.png,c00-1054.pdf-figure8,figure 8: gestlang transducer,graph,False,1,closed-ended infinite answer set visual,what is the label of the arrow directly to the right of the circle labelled '6'?,,acl,nan,aclfig,c00-1054,https://aclanthology.org/c00-1054.pdf
340cd5094c65ab650c1c76ee82dd9fa4,?,?,340cd5094c65ab650c1c76ee82dd9fa4,y,y,2020.scil-1.21.pdf-figure2.png,2020.scil-1.21.pdf-figure2,figure 2: the factor oxyn under multiple relations.,graph,True,2,closed-ended infinite answer set visual,what is the value of the circle with double border?,,acl,nan,aclfig,2020.scil-1.21,https://aclanthology.org/2020.scil-1.21.pdf
db3afabe5912b947c79e7f8425e114cc,-8,-8,db3afabe5912b947c79e7f8425e114cc,-8.0,-8.0,1803.03667v1-figure1-1.png,1803.03667v1-figure1-1,fig 1. the text of “harry potter and the chamber of secrets” treated according to zipf’s,"line chart,scatter plot",True,4,closed-ended infinite answer set visual,what is the approximate lowest ln(f) value of the red dashed line in the lower right plot labelled 'd'?,,arxiv,['cs.cl physics.soc-ph stat.ot'],scigraphqa,1803.03667,https://arxiv.org/pdf/1803.03667v1
5f3f7688231759241d317a9632004206,1.0,1.0,5f3f7688231759241d317a9632004206,0.7,0.7,1504.04884v3-figure2-1.png,1504.04884v3-figure2-1,figure 2: the gray region covers the values of spearman ρ satisfying eq. 11 as a function of kendall τ .,line chart,False,1,closed-ended infinite answer set visual,what is the approximate value of τ when ρ is equal to 1.0 for the black border?,,arxiv,['cs.it cs.cl cs.si math.it physics.data-an'],scigraphqa,1504.04884,https://arxiv.org/pdf/1504.04884v3
105627304007460bb9054ebc6dbf5c48,1.0,1.0,105627304007460bb9054ebc6dbf5c48,1.5,1.5,1907.07818v1-figure4-1.png,1907.07818v1-figure4-1,"figure 4: comparison of length, duration, and speed of songs","line chart,scatter plot",True,3,closed-ended infinite answer set visual,"what is the maximum value of the red dashed line in the plot labeled ""year-wise average speed of songs""?",,arxiv,['cs.ir cs.cl'],scigraphqa,1907.07818,https://arxiv.org/pdf/1907.07818v1
2ee056bd0b8c6a9f0f3fb668aa5cfefa,20,20,2ee056bd0b8c6a9f0f3fb668aa5cfefa,25%,25%,1308.4618v1-figure6-1.png,1308.4618v1-figure6-1,"fig. 6. entries without annotation. (a) number of entries in trembl and swiss-prot without any annotation, and (b) the percentage of entries without any annotation",scatter plot,True,2,closed-ended infinite answer set visual,what is the percentage of entries without annotation for the blue points in 1990?,,arxiv,['cs.cl cs.ce cs.dl q-bio.qm'],scigraphqa,1308.4618,https://arxiv.org/pdf/1308.4618v1
7e241e16316498d6b164366aad379ffb,[b-weather],[b-weather],7e241e16316498d6b164366aad379ffb,our few-shot crf framework for slot tagging,our few-shot crf framework for slot tagging,2020.acl-main.128.pdf-figure1.png,2020.acl-main.128.pdf-figure1,figure 1: our few-shot crf framework for slot tagging.,architecture diagram,True,1,closed-ended infinite answer set visual,what is the label of the topmost blue rectangle?,,acl,nan,aclfig,2020.acl-main.128,https://aclanthology.org/2020.acl-main.128.pdf
fe7a731d96e7a9d864fd399697789583,0.4,0.4,fe7a731d96e7a9d864fd399697789583,4,4,c00-2093.pdf-figure5.png,c00-2093.pdf-figure5,figure 5: domain assignments,tree,True,1,closed-ended infinite answer set visual,what is the value of text-level for the bottom-most nucleus node?,,acl,nan,aclfig,c00-2093,https://aclanthology.org/c00-2093.pdf
c94829196b36aaaeb96f89213eb48719,8,8,c94829196b36aaaeb96f89213eb48719,token 8,token 8,y17-1012.pdf-figure3.png,y17-1012.pdf-figure3,figure 3. correct dependency tree for sentence dia tidak malu bertanya di depan umum (he is not ashamed of asking questions in public),tree,False,1,closed-ended infinite answer set visual,what is the rightmost token shown in figure 3?,,acl,nan,aclfig,y17-1012,https://aclanthology.org/y17-1012.pdf
579806df9550dbdbb51ea144de7701ae,red,red,579806df9550dbdbb51ea144de7701ae,blue,blue,w12-4625.pdf-figure10.png,w12-4625.pdf-figure10,"figure 10: disambiguated frmg output, with depfrmg edges above and converted depftb edges below",tree,False,1,closed-ended infinite answer set visual,"what color is the edge connecting ""rendus"" and ""s""?",,acl,nan,aclfig,w12-4625,https://aclanthology.org/w12-4625.pdf
9f7933adbe316146ded8a8bab2c78010,12,12,9f7933adbe316146ded8a8bab2c78010,4,4,1996.amta-1.9.pdf-figure2.png,1996.amta-1.9.pdf-figure2,figure 2,architecture diagram,True,1,closed-ended infinite answer set visual,how many cylindrical 'rules' boxes are directly connected to 'tran' boxes?,,acl,nan,aclfig,1996.amta-1.9,https://aclanthology.org/1996.amta-1.9.pdf
d52d485dbca7709083c5456b5ecf1dad,0.841,0.841,d52d485dbca7709083c5456b5ecf1dad,0.974,0.974,w19-5211.pdf-figure17.png,w19-5211.pdf-figure17,figure 17: pos-based classification accuracy on states from the ende encoder + lexical shortcuts.,confusion matrix,False,1,closed-ended infinite answer set visual,what is the value of the lightest colored cell?,,acl,nan,aclfig,w19-5211,https://aclanthology.org/w19-5211.pdf
afeedb6a59d2c1d9fcf7c55a0695c4fe,3.5,3.5,afeedb6a59d2c1d9fcf7c55a0695c4fe,4.5,4.5,2019.ccnlg-1.1.pdf-figure10.png,2019.ccnlg-1.1.pdf-figure10,figure 10: accomplishment (value) scores for each game. error bars indicate one standard deviation.,bar chart,False,1,closed-ended infinite answer set visual,what is the value of the blue bar labeled 'hd-1'?,,acl,nan,aclfig,2019.ccnlg-1.1,https://aclanthology.org/2019.ccnlg-1.1.pdf
e2f54e9a515c4426d07eed38bba88054,3,3,e2f54e9a515c4426d07eed38bba88054,2,2,w12-3001.pdf-figure1.png,w12-3001.pdf-figure1,figure 1: hypergraph with 7 vertices (axioms) and 4 edges (conflict sets). both the maximum degree of the hypergraph and the size of the largest edge are 3.,venn diagram,False,1,closed-ended infinite answer set visual,how many vertices are in the green region labeled 'e2'?,,acl,nan,aclfig,w12-3001,https://aclanthology.org/w12-3001.pdf
7922b4481587915b41d827e016e8ba97,0.6,0.6,7922b4481587915b41d827e016e8ba97,0.8,0.8,1805.11564v1-figure6-1.png,1805.11564v1-figure6-1,figure 6: entrainment profiles for the feature set gnl f0 for proximity (left) and synchrony (right). for this feature set these two entrainment measures behave very differently. for details please see the caption of figure 5.,line chart,True,2,closed-ended infinite answer set visual,"in the left plot, what is the value of the solid line labeled 'd_f' approximately at the x-axis value of 0.75?",,arxiv,['cs.cl'],scigraphqa,1805.11564,https://arxiv.org/pdf/1805.11564v1
2db104ddc9e32883aa192672587530d7,29.5,29.5,2db104ddc9e32883aa192672587530d7,30.0,30.0,2010.02975v1-figure3-1.png,2010.02975v1-figure3-1,figure 3: cosine similarity between the gradients issued from lint and lcepretrain. the collapse of the bleu en matches the negative cosine similarity.we here set α = 0.5 but similar values yield identical behavior as shown in figure 4 in appendix.,line chart,True,2,closed-ended infinite answer set visual,what is the approximate value of the orange line at 1.0 steps in the left graph?,,arxiv,['cs.cl'],scigraphqa,2010.02975,https://arxiv.org/pdf/2010.02975v1
f216e88e738557d3b921cf768c6a8e7b,dotted black line,dotted black line,f216e88e738557d3b921cf768c6a8e7b,dotted,dotted,2008.00343v1-figure2.7-1.png,2008.00343v1-figure2.7-1,figure 2.7: mae of estimates and window size of historical context function per feature set and their combination. the rules and combinations perform significantly better as they utilize the previous estimates.,line chart,False,1,closed-ended infinite answer set visual,which line represents the 'rules' feature set?,,arxiv,['cs.cl'],scigraphqa,2008.00343,https://arxiv.org/pdf/2008.00343v1
c5379a9224f37fa842510cfbc788ea25,78,78,c5379a9224f37fa842510cfbc788ea25,80%,80%,2011.00597v1-figure4-1.png,2011.00597v1-figure4-1,figure 4: noise vs performance study on activitynet-captions dataset (val1),line chart,False,1,closed-ended infinite answer set visual,what is the approximate retrieval percentage of the brown line representing text r@5 at 100% noise?,,arxiv,['cs.cv cs.ai cs.cl cs.lg'],scigraphqa,2011.00597,https://arxiv.org/pdf/2011.00597v1
17dda2b837993b90859df83dbff748c9,-0.05,-0.05,17dda2b837993b90859df83dbff748c9,-0.15,-0.15,1810.12646v1-figure5-1.png,1810.12646v1-figure5-1,figure 5: interaction plot for authority and support in cooperative (left) and competitive (right) dialogs.,line chart,True,2,closed-ended infinite answer set visual,what is the approximate d value of the dashed line at the end of the left graph?,,arxiv,['cs.cl'],scigraphqa,1810.12646,https://arxiv.org/pdf/1810.12646v1
2947ce59f89f5ef5e884a3b73658f705,0.6,0.6,2947ce59f89f5ef5e884a3b73658f705,0.5,0.5,2005.13407v3-figure12-1.png,2005.13407v3-figure12-1,figure 12: mean mlm (left) and tc/cc (right) losses (each point is the average of a 1000 training steps) for stage 2 of the adjectives treatment. bert-mlm refers to the model variant which is trained only on the mlm task. bert-cf refers to the model variant which employs mlm alongside both tc and cc tasks and bert-cf no control refers to to the same model without the cc task.,line chart,True,2,closed-ended infinite answer set visual,what is the approximate value of the red dotted line at epoch 1 in the right graph?,,arxiv,['cs.cl cs.ai cs.lg'],scigraphqa,2005.13407,https://arxiv.org/pdf/2005.13407v3
241e8faa550fbf8ac62742e7ff295d0f,0.70,0.70,241e8faa550fbf8ac62742e7ff295d0f,0.78,0.78,1910.05389v1-figure4-1.png,1910.05389v1-figure4-1,figure 4: comparison of probability- and dropoutbased error detection.,line chart,True,4,closed-ended infinite answer set visual,what is the approximate accuracy value of the red line with circles in the second graph from the left at 0.5 number of questions?,,arxiv,['cs.cl cs.ai'],scigraphqa,1910.05389,https://arxiv.org/pdf/1910.05389v1
4df87495ae8fc9fa1ecdf3c7f2dc81f8,38.5,38.5,4df87495ae8fc9fa1ecdf3c7f2dc81f8,38,38,1804.02204v1-figure1-1.png,1804.02204v1-figure1-1,fig. 1: the evolution of the mpe phone accuracy criterion on the training and validation (dev.sub) sets (top 2 graphs). also (lower graph) wer with mpe lm on dev.sub as training proceeds (200 hr).,line chart,True,3,closed-ended infinite answer set visual,what is the approximate value of the black line at the 10th epoch of the bottom graph?,,arxiv,['cs.cl cs.lg stat.ml'],scigraphqa,1804.02204,https://arxiv.org/pdf/1804.02204v1
4c379e8d5ffdef52b71f794ec408b0a8,0.4,0.4,4c379e8d5ffdef52b71f794ec408b0a8,0.5,0.5,1711.09645v2-figure6-1.png,1711.09645v2-figure6-1,figure 6: distribution of predicted polarity scores across three classes (yelp’13 sentences).,line chart,True,6,closed-ended infinite answer set visual,what is the approximate value of the blue line in the top right graph at polarity 0.5?,,arxiv,['cs.cl cs.ir cs.lg'],scigraphqa,1711.09645,https://arxiv.org/pdf/1711.09645v2
3775d0a9e6395295ff43ae6c7c5355c8,87,87,3775d0a9e6395295ff43ae6c7c5355c8,90,90,1808.03731v2-figure3-1.png,1808.03731v2-figure3-1,figure 3 las (f1) scores by dependency distance.,line chart,True,2,closed-ended infinite answer set visual,what is the approximate value of the orange line at the dependency distance of 3 in the left graph?,,arxiv,['cs.cl'],scigraphqa,1808.03731,https://arxiv.org/pdf/1808.03731v2
d130669337fc9cdc99e4686465ed145f,0.47,0.47,d130669337fc9cdc99e4686465ed145f,0.45,0.45,1705.03389v1-figure2-1.png,1705.03389v1-figure2-1,fig. 2. the percentage of correct logical form returned for training as the number of epoch increases.,line chart,False,1,closed-ended infinite answer set visual,what is the approximate value of the solid blue line at 100 epochs?,,arxiv,['cs.cl'],scigraphqa,1705.03389,https://arxiv.org/pdf/1705.03389v1
8274573deb04d0adc138f86ccfcc165f,4.0,4.0,8274573deb04d0adc138f86ccfcc165f,0.8,0.8,1910.03678v1-figure17-1.png,1910.03678v1-figure17-1,fig. 17: loss for sequence-to-sequence textsum model,line chart,True,2,closed-ended infinite answer set visual,what is the approximate maximum value of the red line in the left plot?,,arxiv,['cs.cl cs.lg stat.ml'],scigraphqa,1910.03678,https://arxiv.org/pdf/1910.03678v1
f8d7bbfae223f9ae5c31c2819fcdae42,1,1,f8d7bbfae223f9ae5c31c2819fcdae42,10,10,1608.01238v1-figure5.2-1.png,1608.01238v1-figure5.2-1,figure 5.2: frequencies of the most frequent 100 words in a corpus of length 1 000 000 and vocabulary of size 56 000. a wider step means more words with the same frequency.,line chart,False,1,closed-ended infinite answer set visual,what is the approximate value of the y-axis at the point where the blue line becomes flat?,,arxiv,['cs.cl cs.lg'],scigraphqa,1608.01238,https://arxiv.org/pdf/1608.01238v1
1adbe00b7e8e07b9975abad048303df0,39,39,1adbe00b7e8e07b9975abad048303df0,40,40,1110.2215v1-figure5-1.png,1110.2215v1-figure5-1,figure 5: the accuracy of mars when the different animacy filters are applied,line chart,False,1,closed-ended infinite answer set visual,what is the success rate of the pink line with squares when using the 'ml+wsd' method?,,arxiv,['cs.cl'],scigraphqa,1110.2215,https://arxiv.org/pdf/1110.2215v1
9f3057689cb83e07874d845837745e83,0.4,0.4,9f3057689cb83e07874d845837745e83,0.5,0.5,1909.01145v2-figure1-1.png,1909.01145v2-figure1-1,fig. 1. loss curves for training and validation set. the x- and y-axis are training step and reconstruction error. training curves are orange solid lines and validation curves are blue dashed lines. (a) is the plot for a model trained without mmi and (b) is for one with mmi.,line chart,True,2,closed-ended infinite answer set visual,"what is the approximate value of the reconstruction error of the blue dashed line in the right graph at the 20,000 training step?",,arxiv,['eess.as cs.cl cs.lg cs.sd'],scigraphqa,1909.01145,https://arxiv.org/pdf/1909.01145v2
4f1d03c09de7426a3e3c29ab5cc9ce02,0.1,0.1,4f1d03c09de7426a3e3c29ab5cc9ce02,0.5,0.5,1809.01201v2-figure3-1.png,1809.01201v2-figure3-1,"fig. 4. zipf plots. frequency of observed symbols, in decreasing order. (a) wcfg (b) pcfg. in both cases n = 40, and labels are as in fig. 3a.",line chart,True,2,closed-ended infinite answer set visual,at what x-axis value do all the lines intersect in the left graph?,,arxiv,['cond-mat.dis-nn cs.cl cs.fl'],scigraphqa,1809.01201,https://arxiv.org/pdf/1809.01201v2
840fff2759c7f9202e6378b0f45661b8,14%,14%,840fff2759c7f9202e6378b0f45661b8,16,16,1705.04400v1-figure4-1.png,1705.04400v1-figure4-1,"figure 4. 4a and 4b plot cer and serving latency respectively on a dev-set as a function of lookahead, and the number of lcbgru layers. the models are trained on a sampled subset (10 %) of the complete training data. the green and blue baselines are the performance of models where all the 3 gru layers are bidirectional and forward-only correspondingly.",line chart,True,2,closed-ended infinite answer set visual,what is the approximate value of the green dashed line in the plot labelled (a)?,,arxiv,['cs.cl'],scigraphqa,1705.04400,https://arxiv.org/pdf/1705.04400v1
c6e4c021dee6c561204ba87b99f6535d,32,32,c6e4c021dee6c561204ba87b99f6535d,32%,32%,1904.11942v1-figure4-1.png,1904.11942v1-figure4-1,figure 4: nn model (with glove embedding) performance with different negative sample ratio for red.,line chart,False,1,closed-ended infinite answer set visual,what is the approximate maximum value of the red line representing dev performance?,,arxiv,['cs.cl'],scigraphqa,1904.11942,https://arxiv.org/pdf/1904.11942v1
f8065ddab5ab28cda25236ac3addf331,78,78,f8065ddab5ab28cda25236ac3addf331,75%,75%,2006.13253v1-figure3-1.png,2006.13253v1-figure3-1,"fig. 3. average retrieval accuracies (with unseen object classes from the held-out object set) of models trained on different data sizes, represented by the solid lines, with vertical bars denoting standard errors. models trained on larger data sizes usually perform better. all our models significantly outperform a random model, represented by the dashed lines. the dotted line represents the human object retrieval baseline.",line chart,True,2,closed-ended infinite answer set visual,what is the approximate value of the human baseline line in the left graph?,,arxiv,['cs.ro cs.ai cs.cl cs.cv'],scigraphqa,2006.13253,https://arxiv.org/pdf/2006.13253v1
883f56c45c6c1a37e628332fada53184,420,420,883f56c45c6c1a37e628332fada53184,450,450,1812.10991v1-figure3-1.png,1812.10991v1-figure3-1,"fig. 3: for three english novels two measures, the skew and a cos-measure, are used to compare the word transition matrices of the gossr model (blue) those of real texts (red) and their associated bernoulli model (black). the values for the simon model (green) with varying w0 (from 1 to 10), and the random typewriting model (magenta) for v = 30, are shown.",line chart,True,6,closed-ended infinite answer set visual,what is the approximate value of the green line at x- axis value of 5 in the top left graph?,,arxiv,['cs.cl physics.soc-ph'],scigraphqa,1812.10991,https://arxiv.org/pdf/1812.10991v1
847cac5072b38c941864cf2e04dac002,98,98,847cac5072b38c941864cf2e04dac002,90,90,2010.12563v1-figure7-1.png,2010.12563v1-figure7-1,figure 7: the attack success rate when poisoning sentiment analysis models to make the phrase “the despicable donald j. trump” positive.,line chart,False,1,closed-ended infinite answer set visual,what is the approximate attack success rate of the green line at 25 poison examples?,,arxiv,['cs.cl'],scigraphqa,2010.12563,https://arxiv.org/pdf/2010.12563v1
739c280b734f576e58472bb0c1293ed5,0.4,0.4,739c280b734f576e58472bb0c1293ed5,0.1,0.1,1908.07818v1-figure5-1.png,1908.07818v1-figure5-1,figure 5: performance of frequency and probabilistic features (best viewed in color).,line chart,True,2,closed-ended infinite answer set visual,what is the approximate value of the precision of 'tf.idf (5-grams)' at recall 0.2?,,arxiv,['cs.cl cs.dl cs.ir'],scigraphqa,1908.07818,https://arxiv.org/pdf/1908.07818v1
8fb9b130220ebbe9573448c6b25b4c94,90,90,8fb9b130220ebbe9573448c6b25b4c94,92,92,1201.5484v2-figure16-1.png,1201.5484v2-figure16-1,"fig. 16. average length of a thread 〈l〉 versus the absolute emotional value in the first 10 comments |〈e〉10| (a), the emotional value in the first 10 comments 〈e〉10. grey points in plot (b) represent number threads with a specific emotional value.",line chart,True,2,closed-ended infinite answer set visual,what is the approximate average length of a thread of the red line when the absolute emotional value in the first 10 comments is 0.2?,,arxiv,['physics.soc-ph cs.cl cs.si physics.data-an'],scigraphqa,1201.5484,https://arxiv.org/pdf/1201.5484v2
2ee5744e21dd6c5ea5454506b19bfcea,0.0052,0.0052,2ee5744e21dd6c5ea5454506b19bfcea,0.0055,0.0055,1612.08504v1-figure8-1.png,1612.08504v1-figure8-1,figure 8: distribution of relative overlaps between classifications. (left) distribution of overlaps at all time steps; (right) corresponding mean time-series. the decreasing trend starting around 1996 confirms a qualitative regime shift in that period.,line chart,True,2,closed-ended infinite answer set visual,what is the approximate value of the black line in the right plot for year 1998?,,arxiv,['physics.soc-ph cs.cl'],scigraphqa,1612.08504,https://arxiv.org/pdf/1612.08504v1
c2a2182a4f8284dbc5e8c4efb3fa1d1b,3,3,c2a2182a4f8284dbc5e8c4efb3fa1d1b,17,17,1705.02304v1-figure4-1.png,1705.02304v1-figure4-1,"figure 4: the effect of softmax pre-training, trained and measured in train50k and eva200 dataset, using rescnn network architecture. (a) accuracy (acc) vs epoch trained and (b) equal error rate (eer) vs epoch trained",line chart,True,2,closed-ended infinite answer set visual,what is the approximate value of the red line at the 8th epoch in the bottom graph labeled '(b) eer'?,,arxiv,['cs.cl'],scigraphqa,1705.02304,https://arxiv.org/pdf/1705.02304v1
037fb0a8153467e93a9f6a8c6cb94f69,13.26,13.26,037fb0a8153467e93a9f6a8c6cb94f69,13.20%,13.20%,2005.07920v2-figure5-1.png,2005.07920v2-figure5-1,fig. 5. performance comparison between ctc and ctcc using different size of beam for lm rescoring,line chart,True,2,closed-ended infinite answer set visual,what is the wer value of the orange line in the left graph at a beam width of 512,,arxiv,['eess.as cs.cl cs.sd'],scigraphqa,2005.07920,https://arxiv.org/pdf/2005.07920v2
3da36210052052f3630a0a0e42e30345,34,34,3da36210052052f3630a0a0e42e30345,30,30,1606.04199v3-figure3-1.png,1606.04199v3-figure3-1,"figure 3: bleu scores vs. source sequence length. five lines are our deep-att single model, deep-att ensemble model, our deep-ed model, previous enc-dec model with four layers and smt model.",line chart,False,1,closed-ended infinite answer set visual,what is the approximate value of the red line at at 7 sentences by length?,,arxiv,['cs.cl cs.lg'],scigraphqa,1606.04199,https://arxiv.org/pdf/1606.04199v3
25b56066e11f5d24205ac5ba49badffb,0.55,0.55,25b56066e11f5d24205ac5ba49badffb,0.6,0.6,1911.04088v1-figure4-1.png,1911.04088v1-figure4-1,figure 4: top@k performance for utterance prediction task.,line chart,False,1,closed-ended infinite answer set visual,what is the approximate value of the red dotted line at top@k=5?,,arxiv,['cs.cl'],scigraphqa,1911.04088,https://arxiv.org/pdf/1911.04088v1
09051ce2a604d35e7c95810d4c044c85,7.6,7.6,09051ce2a604d35e7c95810d4c044c85,7.5%,7.5%,1910.13707v1-figure3-1.png,1910.13707v1-figure3-1,fig. 3: wers (%) obtained with # of estimation iterations by wpe+mpdr and wpe+wmpdr with joint and separate optimization schemes,line chart,True,2,closed-ended infinite answer set visual,what is the approximate wers value of the line with diamond shapes in the left graph at first iteration?,,arxiv,['cs.sd cs.cl eess.as'],scigraphqa,1910.13707,https://arxiv.org/pdf/1910.13707v1
081a2ff096c15e94ce9b01a8d73e2488,-2.5,-2.5,081a2ff096c15e94ce9b01a8d73e2488,-2e7,-2e7,1705.02518v1-figure2-1.png,1705.02518v1-figure2-1,figure 2: increase in log-likelihood (scaled by 10e+ 07) of the data per-iteration in the five domains.,line chart,True,5,closed-ended infinite answer set visual,what is the approximate log-likelihood of the blue line in the leftmost plot at 18 iterations?,,arxiv,['cs.ai cs.cl cs.ir cs.si stat.ml'],scigraphqa,1705.02518,https://arxiv.org/pdf/1705.02518v1
1cfb734604734f6ca3a75aba7dd81d14,59.5,59.5,1cfb734604734f6ca3a75aba7dd81d14,58,58,2010.06150v1-figure5-1.png,2010.06150v1-figure5-1,figure 5: four models with four metrics evaluated on sts 12-16 using different layers. squares connected by solid lines are with batch centering. dots connected by dashed lines are their counterparts without batch centering.,line chart,True,4,closed-ended infinite answer set visual,what is the value of the orange solid line at layer index 10 in the 'bert-base-uncased' plot?,,arxiv,['cs.cl cs.lg'],scigraphqa,2010.06150,https://arxiv.org/pdf/2010.06150v1
a2048523c2aabfb8a298280b7d7ac739,12.3%,12.3%,a2048523c2aabfb8a298280b7d7ac739,12.4%,12.4%,1903.02852v1-figure4-1.png,1903.02852v1-figure4-1,figure 4: asr results with updated lm and vocabulary.,line chart,False,1,closed-ended infinite answer set visual,what is the approximate value of the purple triangle marker at 550 hours of supervised data?,,arxiv,['cs.cl'],scigraphqa,1903.02852,https://arxiv.org/pdf/1903.02852v1
eea89d11c1e3b5aded3614e0bd434043,0.51,0.51,eea89d11c1e3b5aded3614e0bd434043,0.52,0.52,2009.08065v4-figure6-1.png,2009.08065v4-figure6-1,figure 6: reweighted training accuracy of different weight matrix block division on cola dataset with distilbert model.,line chart,False,1,closed-ended infinite answer set visual,what is the approximate accuracy of the yellow line at 500 steps?,,arxiv,['cs.cl cs.ai cs.lg'],scigraphqa,2009.08065,https://arxiv.org/pdf/2009.08065v4
a44426209549c0cf1f4c60289b407308,84,84,a44426209549c0cf1f4c60289b407308,85,85,1407.7357v1-figure2-1.png,1407.7357v1-figure2-1,"fig. 2. f-1 measure for hyperonymization of orders 1 ≤ n ≤ 12: the average case, class gspo, class gdip",line chart,True,3,closed-ended infinite answer set visual,what is the approximate maximum f-1 measure value of the solid red line in the rightmost graph?,,arxiv,['cs.ir cs.cl'],scigraphqa,1407.7357,https://arxiv.org/pdf/1407.7357v1
30820d30560bfb66038e8b93b6eb32b0,0.70,0.70,30820d30560bfb66038e8b93b6eb32b0,0.6,0.6,1909.01792v2-figure5-1.png,1909.01792v2-figure5-1,figure 5: average per-word validation cross-entropies for hyperparameter combinations in the neighbourhood of the best solution for a 2-layer lstm with 24m weights on the penn treebank dataset.,parallel coordinates plot,False,1,closed-ended infinite answer set visual,what is the value of the output dropout at the rightmost red curve?,,arxiv,['cs.cl'],scigraphqa,1909.01792,https://arxiv.org/pdf/1909.01792v2
0aa15062de0aae3899552b47716583f1,0.3,0.3,0aa15062de0aae3899552b47716583f1,0.25,0.25,1712.01238v1-figure8-1.png,1712.01238v1-figure8-1,"figure 8: top: accuracy during training (solid lines) and chance level (dashed lines) per answer type. bottom: normalized informative scores per answer type, averaged over 10k questions. see section 5.4 for details.",line chart,True,2,closed-ended infinite answer set visual,what is the approximate value of the orange circle at 384k oracle requests (budget b) on the bottom graph?,,arxiv,['cs.cv cs.cl cs.lg'],scigraphqa,1712.01238,https://arxiv.org/pdf/1712.01238v1
b9fec7955b48a55c3158b46e17df7021,0.04,0.04,b9fec7955b48a55c3158b46e17df7021,0.006,0.006,1301.1429v1-figure3-1.png,1301.1429v1-figure3-1,"fig. 3. utterance length distributions of (a) different authors in pg (b) different authors in pgs and (c) 50 randomly selected movies in subs. distribution of utterance lengths over the entire (d) pg, (e) pgs and (f) subs datasets fitted with eq. (2).","line chart,heat map",True,6,closed-ended infinite answer set visual,what is the approximate value of the black line in graph (g) at utterance length 20?,,arxiv,['physics.soc-ph cs.cl physics.data-an'],scigraphqa,1301.1429,https://arxiv.org/pdf/1301.1429v1
3894cded9c08e5aa30fd9c20dc26c4ea,46.7%,46.7%,3894cded9c08e5aa30fd9c20dc26c4ea,46.7,46.7,2010.10743v2-figure2-1.png,2010.10743v2-figure2-1,figure 2: the effect on the number of units: (a) bleu scores (%) against number of units used in the mute model. (b) inference speed (tokens per second) on gpu against number of units used in the mute model. experiments are conducted on the valid set of nist zhen with decoding batch size = 30 and beam size = 4.,line chart,True,2,closed-ended infinite answer set visual,what is the approximate value of the red dashed line at 2 units in the left graph?,,arxiv,['cs.cl'],scigraphqa,2010.10743,https://arxiv.org/pdf/2010.10743v2
b45652cee25c7e9a2c585fab2fe5b86d,32,32,b45652cee25c7e9a2c585fab2fe5b86d,30,30,2020.acl-main.67.pdf-figure6.png,2020.acl-main.67.pdf-figure6,figure 6: bleu variation between models with different ke with respect to size of amr graph and (left) and reentrancy numbers (right).,line chart,True,2,closed-ended infinite answer set visual,what is the approximate bleu value for the red line in the right graph at the x-axis label 2~3?,,acl,nan,aclfig,2020.acl-main.67,https://aclanthology.org/2020.acl-main.67.pdf
90d59695fee9ac4168dc5f0383f5a6e2,0.65,0.65,90d59695fee9ac4168dc5f0383f5a6e2,0.9,0.9,1907.11889v1-figure2-1.png,1907.11889v1-figure2-1,figure 2: precision-recall curves for the top-3 claim matching configurations (all using hm) on test.,line chart,False,1,closed-ended infinite answer set visual,what is the approximate precision value for the blue curve with k=1 at 0.5 recall?,,arxiv,['cs.cl cs.ai cs.lg'],scigraphqa,1907.11889,https://arxiv.org/pdf/1907.11889v1
77db5238bb0201d7f24615940abe8f91,hurt,hurt,77db5238bb0201d7f24615940abe8f91,monitor,monitor,d17-1108.pdf-figure1.png,d17-1108.pdf-figure1,figure 1: the desired event temporal graph for ex1. reverse tlinks such as hurt is after ripping are omitted for simplicity.,graph,False,1,closed-ended infinite answer set visual,what is the label of the circle with a double arrow pointing towards it?,,acl,nan,aclfig,d17-1108,https://aclanthology.org/d17-1108.pdf
4d75012b89f1a6f8706cac8d9ae2186b,2,2,4d75012b89f1a6f8706cac8d9ae2186b,4,4,c08-1027.pdf-figure1.png,c08-1027.pdf-figure1,figure 1: example word lattice.,graph,False,1,closed-ended infinite answer set visual,how many circles are to the right of the circle containing 'today'?,,acl,nan,aclfig,c08-1027,https://aclanthology.org/c08-1027.pdf
02f12c5d1a5b13d70cdc21c2fc250cd2,30,30,02f12c5d1a5b13d70cdc21c2fc250cd2,28 to 30,28 to 30,1803.00047v4-figure10-1.png,1803.00047v4-figure10-1,"figure 10. scatter plot showing log-probability and bleu of samples drawn from the model for four sentences taken from the test set of wmt’14 en-fr (each color corresponds to a different test sentence). (1) shows samples where the model copied the source sentence, yielding very large likelihood but low bleu. (2) and (3) are valid translations of the same source sentence, except that (2) is a cluster of samples using different choice of words.",scatter plot,False,1,closed-ended infinite answer set visual,what is the approximate bleu value for the samples labeled (2) on the scatter plot?,,arxiv,['cs.cl'],scigraphqa,1803.00047,https://arxiv.org/pdf/1803.00047v4
aa79d440a7c14887aa902e8bbf7c1c95,2.5,2.5,aa79d440a7c14887aa902e8bbf7c1c95,2,2,1608.01403v1-figure3-1.png,1608.01403v1-figure3-1,"figure 3: an analogy in space. when the analogue values of thethre dimensions described in figure 2 are plotted, the analogy itself emerges as a parallelogram situated obliquely in the centre of the positive region of the space.",scatter plot,False,1,closed-ended infinite answer set visual,what is the approximate value of the gray axis where the parallelogram intersects?,,arxiv,['cs.cl'],scigraphqa,1608.01403,https://arxiv.org/pdf/1608.01403v1
6e248a6321c4a48b870bb27f7298579c,3,3,6e248a6321c4a48b870bb27f7298579c,4,4,2020.acl-main.134.pdf-figure3.png,2020.acl-main.134.pdf-figure3,"figure 3: an illustration of the swap model. (1) shows a configuration [1 2 | 3 4 5 6], where the stack contains 1 and 2, and the buffer contains 3, 4, 5 and 6, and the model predicts shift to move 3 from the buffer to the stack; (2) is the resulted configuration, and the model predicts swap, which moves 3 back to the buffer behind 4, as shown in (3). the solid black arrows represent the computation already done in the previous steps, and the dashed red arrows represent the new computation needed for the current step.",neural networks,True,3,closed-ended infinite answer set visual,"in configuration (3), what is the number to the right of the black dot in the swap model?",,acl,nan,aclfig,2020.acl-main.134,https://aclanthology.org/2020.acl-main.134.pdf
2ebf25f6640cc895f751ec13f99bcf73,light blue,light blue,2ebf25f6640cc895f751ec13f99bcf73,blue,blue,2020.acl-main.83.pdf-figure4.png,2020.acl-main.83.pdf-figure4,figure 4: frame integration representation model.,neural networks,False,1,closed-ended infinite answer set visual,"what is the color of the bar containing ""fe1""?",,acl,nan,aclfig,2020.acl-main.83,https://aclanthology.org/2020.acl-main.83.pdf
337156d0361d23a92dc8b8a8a1388be5,transw,transw,337156d0361d23a92dc8b8a8a1388be5,linear layer with matrix output,linear layer with matrix output,n18-1044.pdf-figure2.png,n18-1044.pdf-figure2,"figure 2: diagram of difftime. timevec(t) encodes temporal information as a vector. mw encodes lexical information as a matrix. the target vector for w at time t, usew (w, t), is found by combining transw and timevec(t). context version usec(c, t) is the same except that it has its own embedding layer.",neural networks,False,1,closed-ended infinite answer set visual,what does the arrow coming out of embedding in the word component point to?,,acl,nan,aclfig,n18-1044,https://aclanthology.org/n18-1044.pdf
569b221f102944c6987402a809368554,-/a_b,-/a_b,569b221f102944c6987402a809368554,np (-/a_b),np (-/a_b),y95-1034.pdf-figure1.png,y95-1034.pdf-figure1,figure 1.,tree,False,1,closed-ended infinite answer set visual,"what is the label of the node directly below the node labeled ""(o/a_d)""?",,acl,nan,aclfig,y95-1034,https://aclanthology.org/y95-1034.pdf
d52d5901db6ec74b7bcce68f38f9dd40,marco rubio,marco rubio,d52d5901db6ec74b7bcce68f38f9dd40,mitch mcconnell (r-ky),mitch mcconnell (r-ky),2020.acl-main.475.pdf-figure1.png,2020.acl-main.475.pdf-figure1,"figure 1. the text-based ideal point model (tbip) separates senators by political party using only speeches. the algorithm does not have access to party information, but senators are coded by their political party for clarity (democrats in blue circles, republicans in red xs). the speeches are from the 114th u.s. senate.",scatter plot,False,1,closed-ended infinite answer set visual,which senator is represented by the rightmost red x?,,acl,nan,aclfig,2020.acl-main.475,https://aclanthology.org/2020.acl-main.475.pdf
51afd440544083b70c9d5bcfe83abd0a,green,green,51afd440544083b70c9d5bcfe83abd0a,red,red,w12-4625.pdf-figure9.png,w12-4625.pdf-figure9,figure 9: linguistic application of constraint redirect,tree,False,1,closed-ended infinite answer set visual,what is the color of the arrow pointing to the word 'gens' from the word 'dorment'?,,acl,nan,aclfig,w12-4625,https://aclanthology.org/w12-4625.pdf
14973d6fed8e56c2c2aff67a09b6b846,0.85,0.85,14973d6fed8e56c2c2aff67a09b6b846,0.8,0.8,2007.03184v1-figure5-1.png,2007.03184v1-figure5-1,fig. 5: sensitivity analysis of maximum length of input sequence,line chart,True,4,closed-ended infinite answer set visual,"in top left plot, what is the approximate auc value of the line with squares at length 15?",,arxiv,['cs.ai cs.cl cs.lg'],scigraphqa,2007.03184,https://arxiv.org/pdf/2007.03184v1
20b73cb6b73af08672f2c2613ad0d5eb,0.4,0.4,20b73cb6b73af08672f2c2613ad0d5eb,0.3,0.3,1603.00423v1-figure6-1.png,1603.00423v1-figure6-1,figure 6: ratios at depth 10 in each epoch of training the rnn (a) and the rlstm (b).,box plot,True,2,closed-ended infinite answer set visual,what is the approximate value of the red horizontal line in the box plot for epoch 10 of the rnn training?,,arxiv,['cs.ai cs.cl cs.ne'],scigraphqa,1603.00423,https://arxiv.org/pdf/1603.00423v1
a4d03735384982ab293f06b325a67933,blue,blue,a4d03735384982ab293f06b325a67933,medium blue,medium blue,w19-5211.pdf-figure14.png,w19-5211.pdf-figure14,figure 14: frequency-based classification accuracy on states from the enru decoder.,heat map,False,1,closed-ended infinite answer set visual,what is the colour of the cell corresponding to layer 3 and bin 6?,,acl,nan,aclfig,w19-5211,https://aclanthology.org/w19-5211.pdf
0319d5fa1012e66a6dc9c815b92735af,roberta,roberta,0319d5fa1012e66a6dc9c815b92735af,convnet w2v,convnet w2v,2020.acl-main.244.pdf-figure1.png,2020.acl-main.244.pdf-figure1,figure 1: pretrained transformers often have smaller iid/ood generalization gaps than previous models.,bar chart,False,1,closed-ended infinite answer set visual,for which model is the blue bar the tallest?,,acl,nan,aclfig,2020.acl-main.244,https://aclanthology.org/2020.acl-main.244.pdf
026436e2ef65e7a7fcbe921ca2d82edd,5.0,5.0,026436e2ef65e7a7fcbe921ca2d82edd,5,5,2019.ccnlg-1.1.pdf-figure12.png,2019.ccnlg-1.1.pdf-figure12,figure 12: originality (novelty) scores for each game. error bars indicate one standard deviation.,bar chart,False,1,closed-ended infinite answer set visual,what is the approximate value of the tallest bar in the figure?,,acl,nan,aclfig,2019.ccnlg-1.1,https://aclanthology.org/2019.ccnlg-1.1.pdf
49bdc0551d9e5069f947015f5d70a711,60,60,49bdc0551d9e5069f947015f5d70a711,15,15,1910.10832v1-figure6-1.png,1910.10832v1-figure6-1,figure 6: histograms of accuracy scores when selecting individual neurons from the 768-dimensional [cls] embeddings from finetuned models on individual datasets.,histogram,True,3,closed-ended infinite answer set visual,what is the approximate maximum number of neurons with accuracy scores in the range of 0.55 to 0.60 in the bottom graph?,,arxiv,['cs.cl cs.lg'],scigraphqa,1910.10832,https://arxiv.org/pdf/1910.10832v1
08e8d564814ad8bbf65d74b603764694,light peach or salmon pink,light peach or salmon pink,08e8d564814ad8bbf65d74b603764694,light orange,light orange,2020.lrec-1.751.pdf-figure4.png,2020.lrec-1.751.pdf-figure4,figure 4: most popular subreddits for genders,pie chart,False,1,closed-ended infinite answer set visual,what is the color of the section representing the 'askreddit' subreddit for females?,,acl,nan,aclfig,2020.lrec-1.751,https://aclanthology.org/2020.lrec-1.751.pdf
857b6d8a8324baf097c94f079f1f5d4f,blue-green,blue-green,857b6d8a8324baf097c94f079f1f5d4f,blue,blue,2020.acl-main.174.pdf-figure4.png,2020.acl-main.174.pdf-figure4,figure 4: average composition of a csi summary based on different crime-related aspects.,pie chart,False,1,closed-ended infinite answer set visual,what color are the slices of the pie chart different shades of?,,acl,nan,aclfig,2020.acl-main.174,https://aclanthology.org/2020.acl-main.174.pdf
3f2146e582670c0e7e97a07ce9210dda,4.2,4.2,3f2146e582670c0e7e97a07ce9210dda,4,4,1707.00110v1-figure4-1.png,1707.00110v1-figure4-1,figure 4: comparing training curves for en-fi and en-tr with sigmoid encoder scoring and softmax decoder scoring and position encoding. note that en-tr curves converged very quickly.,line chart,True,2,closed-ended infinite answer set visual,what is the approximate value of the green line at the x-axis value of 100 in the rightmost plot?,,arxiv,['cs.cl'],scigraphqa,1707.00110,https://arxiv.org/pdf/1707.00110v1
a0110718385e4af87bd86dfc33931758,0.65,0.65,a0110718385e4af87bd86dfc33931758,0.7,0.7,1806.08462v2-figure3-1.png,1806.08462v2-figure3-1,"figure 3: learning curves of the kl term in the vae loss function (λ ·kl) for different values of λ, and the variant where λ is annealed.",line chart,False,1,closed-ended infinite answer set visual,what is the approximate value of the y-axis at the point where the orange line reaches its maximum value?,,arxiv,['cs.cl cs.lg stat.ml'],scigraphqa,1806.08462,https://arxiv.org/pdf/1806.08462v2
300d46c4e9b4ff17fe916c0e31738d6e,25,25,300d46c4e9b4ff17fe916c0e31738d6e,20,20,1306.4890v1-figure2-1.png,1306.4890v1-figure2-1,"fig. 2. the percentage of the original text in x-axis vs. ake metrics in y-axis. the evaluation performed in the test set used the manhattan metric, 10% and 20% ssc obtained the precision and recall extracting: (a) 10, (b) 20 and (c) 30 key phrases.",line chart,True,6,closed-ended infinite answer set visual,what is the value of the red line in the bottom right graph when the percentage of the original text is 30?,,arxiv,['cs.cl cs.ir'],scigraphqa,1306.4890,https://arxiv.org/pdf/1306.4890v1
1ce69460f9b3fad074419a495d73d89a,548,548,1ce69460f9b3fad074419a495d73d89a,325,325,1907.00488v1-figure4.7-1.png,1907.00488v1-figure4.7-1,"figure 4.7: two-epoch model likelihoods. fisher maximum-likelihood estimation for a 2-epoch bee model over the text-to-text and text-to-past k = 80 models of 647 of darwin’s readings. the darker line indicates the window of the 5-year minimum epoch length. note the phase transition at the 325th volume in the text-to-past case (bottom) and the 548th volume in the text-to-text case (top). note also that the text-topast case comes close to transition at the 548th volume as well, indicating the strength of the transition to exploration in the third epoch on both local and global scales.",line chart,True,2,closed-ended infinite answer set visual,what is the volume number where the bold part of the black line in the bottom graph reaches its peak?,,arxiv,['cs.cl cs.cy cs.dl cs.ir'],scigraphqa,1907.00488,https://arxiv.org/pdf/1907.00488v1
c2b2ce1e296c4aa983ab745931d71621,15,15,c2b2ce1e296c4aa983ab745931d71621,16,16,1803.10146v3-figure4-1.png,1803.10146v3-figure4-1,figure 4: cers (%) for different method combinations.,line chart,False,1,closed-ended infinite answer set visual,what is the cer (%) value for the orange line at 100 adaptation utterances?,,arxiv,['cs.sd cs.cl eess.as'],scigraphqa,1803.10146,https://arxiv.org/pdf/1803.10146v3
34a6600199e2f8bd90772d8be19fe083,150,150,34a6600199e2f8bd90772d8be19fe083,140,140,2011.04640v1-figure3-1.png,2011.04640v1-figure3-1,figure 3: perplexity on ptb by state size |z| (λ = 0.5 and m = 128).,line chart,False,1,closed-ended infinite answer set visual,what is the value of the blue line at a |z| of 2^13?,,arxiv,['cs.cl cs.lg'],scigraphqa,2011.04640,https://arxiv.org/pdf/2011.04640v1
37ccfbad5e4bb7a79287706337b5dd6a,-1.15,-1.15,37ccfbad5e4bb7a79287706337b5dd6a,-1.2,-1.2,1807.01855v1-figure2-1.png,1807.01855v1-figure2-1,"figure 2． the relations between exponents 1, 2, 3 and the sample size as found in english sample of leipzig corpus",line chart,False,1,closed-ended infinite answer set visual,what is the approximate value of the y-axis for the yellow line at a sample size of 2 x 10^7?,,arxiv,['cs.cl'],scigraphqa,1807.01855,https://arxiv.org/pdf/1807.01855v1
f4e89929801b375481db17985a6f617e,70,70,f4e89929801b375481db17985a6f617e,75,75,1904.02668v4-figure3-1.png,1904.02668v4-figure3-1,"figure 3: inoculation by fine-tuning results. (a–e): nli accuracy for the esim and decomposable attention (da) models. (f): reading comprehension f1 scores for the bidaf and qanet models. fine-tuning on a small number of word overlap (a) and negation (b) examples erases the performance gap (outcome 1). fine-tuning does not yield significant improvement on spelling errors (c) and length mismatch (d), but does not degrade original performance either (outcome 2). fine-tuning on numerical reasoning (e) closes the gap entirely, but also reduces performance on the original dataset (outcome 3). on adversarial squad (f), around 60% of the performance gap is closed after fine-tuning, though performance on the original dataset decreases (outcome 3). on each challenge dataset, we observe similar trends between different models.",line chart,True,6,closed-ended infinite answer set visual,what is the value of the orange circle in the bottom left graph at 1000 fine-tuning examples?,,arxiv,['cs.cl'],scigraphqa,1904.02668,https://arxiv.org/pdf/1904.02668v4
c36ed368fc67c710f22cf3210655fc58,0.62,0.62,c36ed368fc67c710f22cf3210655fc58,0.65,0.65,1609.01962v1-figure2-1.png,1609.01962v1-figure2-1,fig. 2. micro-f1 and macro-f1 scores for different methods versus the size of the target rumour used for training in the lpo setting on the pheme dataset. the test set is fixed to all but the first 50 tweets of the target rumour.,line chart,True,2,closed-ended infinite answer set visual,what is the value of the black square at a training size of 20 in the right graph?,,arxiv,['cs.cl cs.ir cs.si'],scigraphqa,1609.01962,https://arxiv.org/pdf/1609.01962v1
4d39249db68f9d2e6373e7713dab8772,86.2%,86.2%,4d39249db68f9d2e6373e7713dab8772,86,86,1808.07733v1-figure1-1.png,1808.07733v1-figure1-1,"figure 1: variation in models trained on sst-2 (sentenceonly). accuracies of 100 randomly initialized models are plotted against the number of epochs of training (in gray), along with their average accuracies (in red, with 95% confidence interval error bars). the inset density plot shows the distribution of accuracies when trained with early stopping.",line chart,True,2,closed-ended infinite answer set visual,what is the accuracy of the red line when trained for 10 epochs?,,arxiv,['cs.cl'],scigraphqa,1808.07733,https://arxiv.org/pdf/1808.07733v1
ffaeffe956869ef0048f87ba90b4cec0,1000,1000,ffaeffe956869ef0048f87ba90b4cec0,10^4,10^4,1103.0890v2-figure1-1.png,1103.0890v2-figure1-1,figure 1. the average cpu time on pku dataset by varying c on five randomly sample of training and testing datasets.,line chart,True,2,closed-ended infinite answer set visual,what is the approximate cpu time of the cyan line at c = 10 in the left graph?,,arxiv,['cs.lg cs.cl'],scigraphqa,1103.0890,https://arxiv.org/pdf/1103.0890v2
3194e058fdf35dcf4d75b15fe66cfffb,90,90,3194e058fdf35dcf4d75b15fe66cfffb,90%,90%,2003.13003v2-figure4-1.png,2003.13003v2-figure4-1,figure 4: tuning the hyper-parameter λ.,line chart,True,2,closed-ended infinite answer set visual,what is the accuracy of the line with circle markers in the amazon dataset when λ is 0.2?,,arxiv,['cs.cl cs.lg'],scigraphqa,2003.13003,https://arxiv.org/pdf/2003.13003v2
e234beaa0b9b0013486a80ceffae5361,55%,55%,e234beaa0b9b0013486a80ceffae5361,50,50,2005.04245v1-figure6-1.png,2005.04245v1-figure6-1,"figure 6: mean naive distance, backwards-range (←−σ ), and % of utterances with questions, per segment for riskassessed (orange) and non-risk-assessed (black) conversations; solid circles indicate statistically significant differences (wilcoxon p < 0.01, comparing conversation types within counselor).",line chart,True,3,closed-ended infinite answer set visual,what is the value of the orange line at the 60% conversation segment in the rightmost graph?,,arxiv,['cs.cl'],scigraphqa,2005.04245,https://arxiv.org/pdf/2005.04245v1
4576e5766991476030d06dfa46681531,0.72,0.72,4576e5766991476030d06dfa46681531,70%,70%,1904.05542v1-figure7-1.png,1904.05542v1-figure7-1,figure 7: nearest neighbor translation accuracy as a function of (log) parallel corpus size. the legend shows the average accuracies of each model using 1m parallel sentences.,line chart,False,1,closed-ended infinite answer set visual,what is the nearest neighbor translation accuracy of the solid green line when the parallel corpus size is 20k?,,arxiv,['cs.cl'],scigraphqa,1904.05542,https://arxiv.org/pdf/1904.05542v1
d7033b2e868a931adb6c581dca5776ba,0.35,0.35,d7033b2e868a931adb6c581dca5776ba,0.3,0.3,1404.4714v1-figure3-1.png,1404.4714v1-figure3-1,"figure 3: accuracy of c&w, word2vec and our radical-enhanced model with k=10.",line chart,False,1,closed-ended infinite answer set visual,what is the accuracy of the line with yellow markers when alpha is 0.6?,,arxiv,['cs.cl'],scigraphqa,1404.4714,https://arxiv.org/pdf/1404.4714v1
a5fd638421c67f2cb52f11fada7ccc31,75,75,a5fd638421c67f2cb52f11fada7ccc31,50,50,2007.04686v1-figure1-1.png,2007.04686v1-figure1-1,"figure 1: the impact of number of principal components (k) on parsing accuracy (uas, las); development set.",line chart,False,1,closed-ended infinite answer set visual,what is the value of the red line when k is 40?,,arxiv,['cs.cl'],scigraphqa,2007.04686,https://arxiv.org/pdf/2007.04686v1
620c7614389ff5c71c567b08e79d1c6c,82,82,620c7614389ff5c71c567b08e79d1c6c,85,85,2010.11230v1-figure4-1.png,2010.11230v1-figure4-1,"figure 4: comparison of the supervised training baseline and the proposed self-supervised pretraining methods for the in-domain test set using different number of training samples (top: auc-pr, bottom: auc-roc).",line chart,True,2,closed-ended infinite answer set visual,what is the value of the auc-pr for the orange line when the number of training samples is approximately 10^3?,,arxiv,['cs.lg cs.cl'],scigraphqa,2010.11230,https://arxiv.org/pdf/2010.11230v1
2a8a1e1ab7a90791ef6ba99adb6bee21,8,8,2a8a1e1ab7a90791ef6ba99adb6bee21,7,7,1405.3539v3-figure7-1.png,1405.3539v3-figure7-1,"figure 7: from 1000-tweet stream of the new york times, @nytimes. the euclidean distances between the word and tweet segments 1 to 31. all words and all tweet segments are embedded in the correspondence analysis factor space. this latent semantic space is endowed with the euclidean metric and all points (words, tweet segments) are of equal mass. to aid in visualization, the distances are connected in a continuous curve. small values of distance indicate a close semantic association of word and tweet segment.",line chart,True,2,closed-ended infinite answer set visual,what is the approximate maximum (semantic) distance in the bottom graph?,,arxiv,['cs.ai cs.cl'],scigraphqa,1405.3539,https://arxiv.org/pdf/1405.3539v3
e25700a221facf601883cf42aece0ae2,0.90,0.90,e25700a221facf601883cf42aece0ae2,0.89,0.89,1711.07908v3-figure6-1.png,1711.07908v3-figure6-1,figure 6: smoothed precision-recall curves for models with bilm pretraining and no pretraining. best viewed in color.,line chart,True,2,closed-ended infinite answer set visual,what is the approximate value of the precision for the red curve in the right graph when the recall is 0.775?,,arxiv,['cs.cl'],scigraphqa,1711.07908,https://arxiv.org/pdf/1711.07908v3
e9b9f85179c1fc4c556d01a335563a4c,-0.35,-0.35,e9b9f85179c1fc4c556d01a335563a4c,-0.4,-0.4,1605.03261v1-figure12-1.png,1605.03261v1-figure12-1,fig. 12: principle component analysis on the cs neurons (with different object locations),line chart,False,1,closed-ended infinite answer set visual,what is the approximate value of the x-axis where the arrow labeled 'pos 3' is pointing on the main line?,,arxiv,['cs.ro cs.cl'],scigraphqa,1605.03261,https://arxiv.org/pdf/1605.03261v1
a71cbef8104d9104df82c3e3fc858e94,0.3,0.3,a71cbef8104d9104df82c3e3fc858e94,0.25,0.25,1911.01324v1-figure1-1.png,1911.01324v1-figure1-1,figure 1: two example sentiment trajectories.,line chart,True,2,closed-ended infinite answer set visual,what is the highest value of the sentiment trajectory in the top plot?,,arxiv,['cs.si cs.cl'],scigraphqa,1911.01324,https://arxiv.org/pdf/1911.01324v1
35d6fc1099eeb4f3d7de867a6c39f60d,77.5,77.5,35d6fc1099eeb4f3d7de867a6c39f60d,78,78,2010.01694v1-figure2-1.png,2010.01694v1-figure2-1,"figure 2: average results on a) all glue tasks, b) only inference tasks (mnli, qnli, rte), and c) non-inference tasks (qqp, sst-2, cola, sts-b, mrpc) for models trained on mlm, mlm + nsp, and mlm with nsp’s split context but no nsp loss (split) throughout training over 10 billion tokens.",line chart,True,3,closed-ended infinite answer set visual,what is the average score on all glue tasks for the blue line when 4 billion tokens are used for training?,,arxiv,['cs.cl cs.lg'],scigraphqa,2010.01694,https://arxiv.org/pdf/2010.01694v1
bd27b7aa0867bf59745a8230e4f9289f,1650,1650,bd27b7aa0867bf59745a8230e4f9289f,1600,1600,1709.05227v1-figure4-1.png,1709.05227v1-figure4-1,"figure 4: errors corrected for dynamic-proposed and several other settings (see table 7.2), plotted against update frequency (first 3 methods) or enrollment time (following 2 methods) as described in the text.",line chart,False,1,closed-ended infinite answer set visual,what is the approximate value of corrected errors for the blue line at an update frequency of 100 minutes?,,arxiv,['cs.cl'],scigraphqa,1709.05227,https://arxiv.org/pdf/1709.05227v1
d099838eed9d2ddeff243e21d925a683,0.67,0.67,d099838eed9d2ddeff243e21d925a683,0.65,0.65,1705.03261v2-figure5-1.png,1705.03261v2-figure5-1,fig. 5. the f1 scores on the whole testing set,line chart,False,1,closed-ended infinite answer set visual,what is the value of the f1 score of the green dashed line at step 1000?,,arxiv,['cs.cl'],scigraphqa,1705.03261,https://arxiv.org/pdf/1705.03261v2
bfd0ac6f1c61d37ad8e85fabfa9b9913,-3000000,-3000000,bfd0ac6f1c61d37ad8e85fabfa9b9913,-30000000,-30000000,1906.03183v1-figure10-1.png,1906.03183v1-figure10-1,figure 10: convergence of the log-likelihood for 5 sets of 1000 iterations,line chart,False,1,closed-ended infinite answer set visual,what is the approximate value of the log-likelihood for the orange line at 1000 iterations?,,arxiv,['q-bio.qm cs.cl cs.ir stat.ap'],scigraphqa,1906.03183,https://arxiv.org/pdf/1906.03183v1
e02ddc06acaf0a41e1014d69fd3695e1,95,95,e02ddc06acaf0a41e1014d69fd3695e1,100,100,2005.01320v1-figure1-1.png,2005.01320v1-figure1-1,figure 1: statistics of “fintech” in google trends.,line chart,False,1,closed-ended infinite answer set visual,what is the approximate value of the blue line at the end of the x-axis?,,arxiv,['cs.cl'],scigraphqa,2005.01320,https://arxiv.org/pdf/2005.01320v1
865bcf4bf0ddeb9eca458946233b3547,0.8,0.8,865bcf4bf0ddeb9eca458946233b3547,0.5,0.5,2010.04736v1-figure12-1.png,2010.04736v1-figure12-1,"figure 12: accuracy, sufficiency and comprehensiveness of logistic regressions models by regularization term c.",line chart,True,3,closed-ended infinite answer set visual,what is the accuracy of the green line with triangles at c=1?,,arxiv,['cs.cl cs.ai cs.cy cs.hc cs.lg'],scigraphqa,2010.04736,https://arxiv.org/pdf/2010.04736v1
fc51afedf7bb5dc75e9ed0e061433294,35,35,fc51afedf7bb5dc75e9ed0e061433294,34%,34%,1907.08922v1-figure1-1.png,1907.08922v1-figure1-1,figure 1: female employment numbers,line chart,False,1,closed-ended infinite answer set visual,what is the approximate percentage of female employment in 1990?,,arxiv,['cs.cl cs.cy cs.lg stat.ml'],scigraphqa,1907.08922,https://arxiv.org/pdf/1907.08922v1
76d71ac73dcdf96d328631642c25b5fe,8,8,76d71ac73dcdf96d328631642c25b5fe,6,6,1812.00815v1-figure4-1.png,1812.00815v1-figure4-1,"fig. 4. validation error curves for models that are too wide. the architecture is specified as n × m, where m is the number of hidden layers and n the number of neurons per layer. [color figure can be viewed at wileyonlinelibrary.com]",line chart,False,1,closed-ended infinite answer set visual,what is the approximate maximum y-value reached by the orange line representing the 2000x2 model?,,arxiv,['cs.cl'],scigraphqa,1812.00815,https://arxiv.org/pdf/1812.00815v1
6fbb0a6da553320dcbe85fe322d769e7,0.59,0.59,6fbb0a6da553320dcbe85fe322d769e7,0.60,0.60,2002.00838v1-figure1-1.png,2002.00838v1-figure1-1,"figure 1: we developed a fake news classification model and trained it on politifact. we evaluated the model on gossipcop. clearly, our psm-based method performs better than the baseline method (higher auroc).",line chart,False,1,closed-ended infinite answer set visual,what is the approximate value of the red line at x = 60?,,arxiv,['cs.si cs.cl cs.lg stat.ml'],scigraphqa,2002.00838,https://arxiv.org/pdf/2002.00838v1
a25f385ea4a6d186835deba13c478dc4,30,30,a25f385ea4a6d186835deba13c478dc4,28%,28%,1908.07181v5-figure3-1.png,1908.07181v5-figure3-1,figure 3: elbo and bleu scores measured with the target predictions obtained at each inference step for aspec ja-en and wmt’14 en-de datasets.,line chart,False,1,closed-ended infinite answer set visual,what is the approximate bleu value of the blue dashed line at the 4th iterative step?,,arxiv,['cs.cl cs.lg'],scigraphqa,1908.07181,https://arxiv.org/pdf/1908.07181v5
2cbb1312cc21537d2b9f676bb5065f3b,1.4,1.4,2cbb1312cc21537d2b9f676bb5065f3b,1.0,1.0,2006.00249v1-figure5-1.png,2006.00249v1-figure5-1,"figure 5: effect of dynamic mask with different source prediction strategies. the strategies are explained in section 3, and the oracle means that we use the full-sentence translation to set the mask.",line chart,True,2,closed-ended infinite answer set visual,"in the leftmost plot, what is the value of the normalized erasure for the red line with circles when the average lag is approximately 11?",,arxiv,['cs.cl'],scigraphqa,2006.00249,https://arxiv.org/pdf/2006.00249v1
ea1d117670254430c7bbc6d2debb6ed3,87,87,ea1d117670254430c7bbc6d2debb6ed3,85,85,2006.00838v1-figure8-1.png,2006.00838v1-figure8-1,"figure 8: uas for different models for arabic, dutch, finnish, and russian development treebanks.",line chart,True,4,closed-ended infinite answer set visual,what is the uas value of the blue dotted line in the bottom right graph at 12k number of trees?,,arxiv,['cs.cl'],scigraphqa,2006.00838,https://arxiv.org/pdf/2006.00838v1
4e6e272700d17f9925d1d7aecd4149dc,0.76,0.76,4e6e272700d17f9925d1d7aecd4149dc,0.75,0.75,1810.00664v1-figure2-1.png,1810.00664v1-figure2-1,fig. 2. hyper-parameter tuning of d2v for each testing scenario.,line chart,True,9,closed-ended infinite answer set visual,"what is the maximum value reached by the blue line in the plots labeled ""abstract""?",,arxiv,['cs.cl cs.lg stat.ml'],scigraphqa,1810.00664,https://arxiv.org/pdf/1810.00664v1
c71b11d7c278d995b4b4215089922c4c,30,30,c71b11d7c278d995b4b4215089922c4c,65,65,2002.02353v1-figure3-1.png,2002.02353v1-figure3-1,"figure 3. distributions of popularity scores calculated by arithmetic, geometric and harmonic progressions on the same datasets.",line chart,False,1,closed-ended infinite answer set visual,what is the highest value on the y-axis for the green line representing the harmonic progression?,,arxiv,['cs.cl'],scigraphqa,2002.02353,https://arxiv.org/pdf/2002.02353v1
9d02a078f1061f6f25045432b1f8cd06,0.10,0.10,9d02a078f1061f6f25045432b1f8cd06,0.11,0.11,1805.00471v1-figure3-1.png,1805.00471v1-figure3-1,"figure 3. for the arkansas dataset, the average topic distance between the “training” half and “validation” half the black interviewer dataset (the “baseline”) compared to the average topic distance between the “training” half of the black interviewer dataset and the white interviewer dataset (the “dist”).",line chart,False,1,closed-ended infinite answer set visual,what is the approximate value of the dashed red line at 45 num of topics?,,arxiv,['cs.cl'],scigraphqa,1805.00471,https://arxiv.org/pdf/1805.00471v1
05c2d80ba09cb165644fed634009431f,8.5,8.5,05c2d80ba09cb165644fed634009431f,8,8,1508.01211v2-figure3-1.png,1508.01211v2-figure3-1,"figure 3: the effect of the decode beam width on wer for the clean google voice search task. the reported wers are without a dictionary or language model, with language model rescoring and the oracle wer for different beam widths. the figure shows that good results can be obtained even with a relatively small beam size.",line chart,False,1,closed-ended infinite answer set visual,what is the approximate value for the red line at the beam width of 4?,,arxiv,['cs.cl cs.lg cs.ne stat.ml'],scigraphqa,1508.01211,https://arxiv.org/pdf/1508.01211v2
e8aa357291b9ac97d700f63ebda141d2,1,1,e8aa357291b9ac97d700f63ebda141d2,3,3,1612.00866v1-figure5-1.png,1612.00866v1-figure5-1,figure 5: total phoenix events over time,line chart,False,1,closed-ended infinite answer set visual,how many peaks are higher than 5500?,,arxiv,['cs.cl'],scigraphqa,1612.00866,https://arxiv.org/pdf/1612.00866v1
9c3587d40c8b7192479f4b870970f477,right,right,9c3587d40c8b7192479f4b870970f477,left side,left side,2015.lilt-12.3.pdf-figure3.png,2015.lilt-12.3.pdf-figure3,"figure 3 scatter plot of arousal score vs. publication year for 88 19th century poems, 71 imagist poems, and 100 contemporary poems. following the imagist movement, poems scored increasingly lower on emotional arousal.",scatter plot,False,1,closed-ended infinite answer set visual,in which part of the image are there more blue circles?,,acl,nan,aclfig,2015.lilt-12.3,https://aclanthology.org/2015.lilt-12.3.pdf
5d34ec2a0cbfe32025346786fe0c8fab,28,28,5d34ec2a0cbfe32025346786fe0c8fab,29,29,2020.acl-main.428.pdf-figure2.png,2020.acl-main.428.pdf-figure2,figure 2: eli5: perplexity vs. label repeats as a function of  in the label unlikelihood objective.,scatter plot,False,1,closed-ended infinite answer set visual,"what is the approximate ppl value where the dark-blue colored dots are most concentrated, near the vertical dashed line indicating human level?",,acl,nan,aclfig,2020.acl-main.428,https://aclanthology.org/2020.acl-main.428.pdf
8c582ce2e44c6580ba790b3eac66c283,0.05,0.05,8c582ce2e44c6580ba790b3eac66c283,1,1,1310.7782v2-figure5-1.png,1310.7782v2-figure5-1,"figure 5. numerical world color survey with human jnds: weakness of the bias. the histogram of the squared distance d = ∑14 i=1(xi − xi) 2 between the position of the i-th centroid and its average (“typical”) value. black data represent the statistics of those populations displaying 14 linguistic categories at the end of category game simulations with the human jnd, which were roughly ∼ 1300 of the total 5000 considered populations. the inset displays the actual values of d for each population. green and red data come from a “random” model where each “language” is produced by a uniform random distribution of 14 category centroids. a random case with a very large number of languages (red curve) represents the “ideal” statistics of such a model. the distances d from the average pattern (shown in the inset) appear to have a larger average drand than the category game model dcg (where by d we refer to the mean value of the random and the cg cases, respectively), but since we are interested in the fluctuations we have rescaled the random model data, dividing them by drand/dcg, in order to compare the histograms. a power law fit ∼ x−3 is also shown as a guide for the eye.",line chart,True,1,closed-ended infinite answer set visual,what is the approximate value of d (squared distance from typical pattern) where the green dashed line intersects the y-axis?,,arxiv,['physics.soc-ph cs.cl cs.ma q-bio.pe'],scigraphqa,1310.7782,https://arxiv.org/pdf/1310.7782v2
f9a6565e779a3043ce48860c0a16941a,light blue,light blue,f9a6565e779a3043ce48860c0a16941a,blue,blue,2020.acl-main.165.pdf-figure4.png,2020.acl-main.165.pdf-figure4,"figure 4: illustration of our multi-domain nmt model: normalization and residual connection are omitted for simplicity. for all other detail, please refer to vaswani et al. (2017).",neural networks,False,1,closed-ended infinite answer set visual,what is the color of the rectangle labeled 'softmax'?,,acl,nan,aclfig,2020.acl-main.165,https://aclanthology.org/2020.acl-main.165.pdf
f9acd696500562da0621390d7a1b3ed5,2,2,f9acd696500562da0621390d7a1b3ed5,1,1,2020.lrec-1.646.pdf-figure1.png,2020.lrec-1.646.pdf-figure1,figure 1: use of secondary dependencies and empty nodes in torot.,tree,False,1,closed-ended infinite answer set visual,how many empty nodes are present in the figure?,,acl,nan,aclfig,2020.lrec-1.646,https://aclanthology.org/2020.lrec-1.646.pdf
8e77e821870e7eea9b68f4d6fffab027,never,never,8e77e821870e7eea9b68f4d6fffab027,to,to,y16-2018.pdf-figure1.png,y16-2018.pdf-figure1,figure 1: english and czech sentence with equivalent meaning and shared dependencies.,tree,False,1,closed-ended infinite answer set visual,what is the english word that has an arrow pointing to it labelled 'nmod'? ?,,acl,nan,aclfig,y16-2018,https://aclanthology.org/y16-2018.pdf
f148447dbe78398a5571fc7b0d2a17db,green,green,f148447dbe78398a5571fc7b0d2a17db,white,white,2020.acl-demos.14.pdf-figure1.png,2020.acl-demos.14.pdf-figure1,"figure 1: overview of sta n z a s neural nlp pipeline. sta n z a takes multilingual text as input, and produces annotations accessible as native python objects. besides this neural pipeline, sta n z a also features a python client interface to the java corenlp software.",architecture diagram,False,1,closed-ended infinite answer set visual,what is the color of the box labeled 'raw text'?,,acl,nan,aclfig,2020.acl-demos.14,https://aclanthology.org/2020.acl-demos.14.pdf
d3abd7cb85fa8874d86054ab156e418b,0.035,0.035,d3abd7cb85fa8874d86054ab156e418b,0.03,0.03,w12-0703.pdf-figure5.png,w12-0703.pdf-figure5,"figure 5: figure of box plots for different inference iterations i and m = 1000, t = 100,  = 50/t ,  = 0.1, r = 1 .",box plot,False,1,closed-ended infinite answer set visual,what is the approximate median value of the leftmost box?,,acl,nan,aclfig,w12-0703,https://aclanthology.org/w12-0703.pdf
ab38c57c6563b62d8223667785ef0acf,98%,98%,ab38c57c6563b62d8223667785ef0acf,98,98,2020.acl-main.309.pdf-figure3.png,2020.acl-main.309.pdf-figure3,"figure 3: an ablation study to see the performance of models trained with reduced explicit negative examples (token-level and construction-level). one color represents the same models across plots, except the last bar (construction-level), which is different for each plot.",bar chart,True,4,closed-ended infinite answer set visual,what is the approximate accuracy of the orange bar representing 'margin (token)' in the 'across a src' plot?,,acl,nan,aclfig,2020.acl-main.309,https://aclanthology.org/2020.acl-main.309.pdf
d514ba3c0e970021a00d3950396587b7,1000000,1000000,d514ba3c0e970021a00d3950396587b7,10^4,10^4,2020.lrec-1.399.pdf-figure1.png,2020.lrec-1.399.pdf-figure1,figure 1: distribution of names with a certain length in characters,histogram,False,1,closed-ended infinite answer set visual,what is the approximate maximum height of the highest bar?,,acl,nan,aclfig,2020.lrec-1.399,https://aclanthology.org/2020.lrec-1.399.pdf
31a59e74e1e56b136d0638bf56d7a942,0.8,0.8,31a59e74e1e56b136d0638bf56d7a942,1.0,1.0,1908.06039v3-figure6-1.png,1908.06039v3-figure6-1,"figure 6: learning curve of cnn+proto (left) v.s. our (right) on the reuters dataset. we plot average 5-way 1-shot accuracy over 50 episodes sampled from seen classes (blue) and unseen classes (red). while our has weaker representational power, it generalizes better to unseen classes.",line chart,True,2,closed-ended infinite answer set visual,what is the approximate maximum value of the red line in the right graph at task 2000?,,arxiv,['cs.cl cs.lg'],scigraphqa,1908.06039,https://arxiv.org/pdf/1908.06039v3
4200f3c0cd0cec6694df165e25e2691d,65,65,4200f3c0cd0cec6694df165e25e2691d,80,80,2009.08065v4-figure5-1.png,2009.08065v4-figure5-1,figure 5: layer sensitivity with distilbert model.,line chart,False,1,closed-ended infinite answer set visual,what is the approximate maximum retraining accuracy of the green line?,,arxiv,['cs.cl cs.ai cs.lg'],scigraphqa,2009.08065,https://arxiv.org/pdf/2009.08065v4
6849338dcc2c64eb3e61a83a94637fea,0.23,0.23,6849338dcc2c64eb3e61a83a94637fea,0.22,0.22,1401.2258v1-figure16-1.png,1401.2258v1-figure16-1,"figure 16: retrieval results of the tf.idf weighted link translations, combined with different concept models.",line chart,False,1,closed-ended infinite answer set visual,what is the approximate maximum value on the y-axis for the black solid line?,,arxiv,['cs.ir cs.cl'],scigraphqa,1401.2258,https://arxiv.org/pdf/1401.2258v1
45cafa3ef57e09f8ba936ec2e5db93a5,6.5,6.5,45cafa3ef57e09f8ba936ec2e5db93a5,-1,-1,2009.00429v1-figure2-1.png,2009.00429v1-figure2-1,"fig. 2. plots of ln gm,k (upper panel) and of ln gm (lower panel) against prefix length m for model parameters corresponding to english (see table 1) and ε = 1/20. in the upper panel, the number k = 0, . . . , m of mishearings is denoted by the symbol colours (black, red, green, blue, etc. denote k = 0, 1, 2, 3, . . . ). in the lower panel, colours denote values of the mishearing probability q (see legend). the thick purple curve corresponds to the threshold value qth = 0.1805.",line chart,True,2,closed-ended infinite answer set visual,"what is the approximate value of ln^(gm,k) when m is 15 for the black line?",,arxiv,['cs.cl cond-mat.stat-mech'],scigraphqa,2009.00429,https://arxiv.org/pdf/2009.00429v1
bde146fbba163c37876f0c3ad9be2113,0.55,0.55,bde146fbba163c37876f0c3ad9be2113,0.45,0.45,1611.00457v1-figure6-1.png,1611.00457v1-figure6-1,figure 6. proportion of balanced triangles with different proportions of positive edges in traditional balance theory,line chart,False,1,closed-ended infinite answer set visual,what is the approximate value of the red line at a positive edge of 40%?,,arxiv,['cs.si cs.cl'],scigraphqa,1611.00457,https://arxiv.org/pdf/1611.00457v1
745ac75e7a80aac7daedf41a2e29e6e0,85,85,745ac75e7a80aac7daedf41a2e29e6e0,35,35,1906.03656v1-figure5-1.png,1906.03656v1-figure5-1,figure 5: pre-training performance vs. downstream accuracy on yelp. performance measured on validation data. there is no apparent correlation between bleu and downstream accuracy.,line chart,False,1,closed-ended infinite answer set visual,what is the approximate bleu value of the blue dashed line at 10 pre-training epochs?,,arxiv,['cs.cl'],scigraphqa,1906.03656,https://arxiv.org/pdf/1906.03656v1
f9f79970c9601e3e5cbd68fe9fe6c82e,75,75,f9f79970c9601e3e5cbd68fe9fe6c82e,85,85,2010.02693v2-figure3-1.png,2010.02693v2-figure3-1,"figure 3: the number of uncoordinated slots of our joint model (one pass), joint model with crf (one pass+crf) and slotrefine (two pass) during training.",line chart,False,1,closed-ended infinite answer set visual,what is the approximate value of uncoordinated slots for the blue line at 10 training epochs?,,arxiv,['cs.cl cs.ai cs.lg'],scigraphqa,2010.02693,https://arxiv.org/pdf/2010.02693v2
fde0b74e1040643807deb767b2314e44,75,75,fde0b74e1040643807deb767b2314e44,75%,75%,1908.10090v1-figure4-1.png,1908.10090v1-figure4-1,figure 4: number of search errors under beam-10 and empty global bests over the source sentence length.,line chart,False,1,closed-ended infinite answer set visual,what is the percentage of the blue line for source sentence lengths between 30 and 40 words?,,arxiv,['cs.cl'],scigraphqa,1908.10090,https://arxiv.org/pdf/1908.10090v1
437bcf075dcf75277eb7788c1170f9e3,-0.5,-0.5,437bcf075dcf75277eb7788c1170f9e3,-2.0,-2.0,2004.13195v1-figure4-1.png,2004.13195v1-figure4-1,"figure 4: mean target probability of ω using cd with α in focus, out-domain test set. solid lines are trained in the unfamiliar-conduit set, dashed lines on familiarconduit.",line chart,False,1,closed-ended infinite answer set visual,what is the value of the green dashed line at epoch 20?,,arxiv,['cs.cl cs.lg stat.ml'],scigraphqa,2004.13195,https://arxiv.org/pdf/2004.13195v1
60550fa26b0430ebfecfbb1f0b7a3f2e,0.0002,0.0002,60550fa26b0430ebfecfbb1f0b7a3f2e,0.0000,0.0000,2010.06786v1-figure3-1.png,2010.06786v1-figure3-1,fig. 3. the training and validation loss and accuracy over 50 epochs of training,line chart,True,2,closed-ended infinite answer set visual,"in the first graph, what is the value of the red line at epoch 50?",,arxiv,['cs.cl'],scigraphqa,2010.06786,https://arxiv.org/pdf/2010.06786v1
00072075c91d220bbf1f5639d99ce005,0.17,0.17,00072075c91d220bbf1f5639d99ce005,0.18,0.18,2010.03574v1-figure5-1.png,2010.03574v1-figure5-1,"figure 5: performance comparison for discharge summaries of different lengths in readmission prediction. selecting valuable information is most useful for the fourth quartile, the longest discharge summaries.",line chart,True,4,closed-ended infinite answer set visual,"in the fourth quartile, what is approximately the value of the red line at 40% token length?",,arxiv,['cs.cl cs.ai cs.cy cs.lg'],scigraphqa,2010.03574,https://arxiv.org/pdf/2010.03574v1
cf011f6f7875d4786039172033046067,0.2235,0.2235,cf011f6f7875d4786039172033046067,0.2260,0.2260,2008.00140v1-figure9-1.png,2008.00140v1-figure9-1,figure 9: rouge-2 f-1 scores for different slack amounts using title+filter (t itledrivenreduction then score_ilp) and title (only score_ilp) on title02 dataset.,line chart,False,1,closed-ended infinite answer set visual,what is approximately the highest rouge-2 f-1 score achieved by the orange line?,,arxiv,['cs.ir cs.cl'],scigraphqa,2008.00140,https://arxiv.org/pdf/2008.00140v1
bb661e714ef439e2bbba10f51649c1cb,1519.4,1519.4,bb661e714ef439e2bbba10f51649c1cb,5.4,5.4,1609.08843v1-figure3-1.png,1609.08843v1-figure3-1,"figure 3: answer selection evaluations of hmn-sent, hmn-word and hmn-joint with different wordlevel memory encoding methods (bigru, gru and embedding) using various values ofk on total.",line chart,True,3,closed-ended infinite answer set visual,what is the value of the blue cross at k=10 in the rightmost plot?,,arxiv,['cs.ir cs.ai cs.cl'],scigraphqa,1609.08843,https://arxiv.org/pdf/1609.08843v1
fa6e20852d803c641dfbc2c698ec1608,10,10,fa6e20852d803c641dfbc2c698ec1608,12%,12%,1803.06535v2-figure2-1.png,1803.06535v2-figure2-1,figure 2: percentage of sentences binned according to formality score in train set of e&m,line chart,False,1,closed-ended infinite answer set visual,what is the approximate percentage of sentences in the train set of e&m with a formality score between -0.5 and -0.25 for the solid black line?,,arxiv,['cs.cl'],scigraphqa,1803.06535,https://arxiv.org/pdf/1803.06535v2
434be2a466001635e5fd8335ed4cfca7,75%,75%,434be2a466001635e5fd8335ed4cfca7,70%,70%,1506.00839v2-figure3-1.png,1506.00839v2-figure3-1,figure 3 accuracy (%) results obtained on the switchboard corpus using context information extracted from the n preceding segments in different forms.,line chart,False,1,closed-ended infinite answer set visual,what is the approximate value of the green line when the number of preceding segments is 2 and the number of labels is 42?,,arxiv,['cs.cl'],scigraphqa,1506.00839,https://arxiv.org/pdf/1506.00839v2
ecf35121c146590cf0bdac5890112c9f,98%,98%,ecf35121c146590cf0bdac5890112c9f,98,98,1909.09814v2-figure5-1.png,1909.09814v2-figure5-1,figure 5: performance of conll-2005 models after performing corrections from he et al. (2017).,line chart,False,1,closed-ended infinite answer set visual,what is the approximate performance of the orange line at the 'fix both boundaries' point?,,arxiv,['cs.cl cs.lg'],scigraphqa,1909.09814,https://arxiv.org/pdf/1909.09814v2
7b9018f276744f9755f8d34ebe48f040,0.95,0.95,7b9018f276744f9755f8d34ebe48f040,0.8,0.8,1812.02354v1-figure4-1.png,1812.02354v1-figure4-1,figure 4: case study of multi-view attention,line chart,True,4,closed-ended infinite answer set visual,what is the approximate attention weight of the red line at the word 'guidebook' in the bottom right graph?,,arxiv,['cs.cl'],scigraphqa,1812.02354,https://arxiv.org/pdf/1812.02354v1
a254ba7e0ed5b0faae2bdb1325e14162,2.0,2.0,a254ba7e0ed5b0faae2bdb1325e14162,2.5,2.5,2008.09676v3-figure4-1.png,2008.09676v3-figure4-1,figure 4: cross entropy: training vs validation,line chart,False,1,closed-ended infinite answer set visual,"what is the approximate value of the green line at the step 150,000?",,arxiv,['cs.cl cs.ai'],scigraphqa,2008.09676,https://arxiv.org/pdf/2008.09676v3
1a3e0da13b2773754b839b7ac9d0238a,80.34,80.34,1a3e0da13b2773754b839b7ac9d0238a,80.96,80.96,2004.14769v2-figure3-1.png,2004.14769v2-figure3-1,"figure 3: performances of de-cnn and bert-ftc on different-sized augmentation datasets, where 1 means the original datasets without augmentation. all the results are based on the average scores of five runs.",line chart,True,2,closed-ended infinite answer set visual,"what is the value of the orange line at the augmentation size of 5 in the ""laptop"" graph?",,arxiv,['cs.cl'],scigraphqa,2004.14769,https://arxiv.org/pdf/2004.14769v2
a68a0eb1b55867cdbdcf645785613a84,545,545,a68a0eb1b55867cdbdcf645785613a84,540,540,1607.01274v1-figure1-1.png,1607.01274v1-figure1-1,figure 1: perplexity results for the job advertisements from february to september in 2014.,line chart,False,1,closed-ended infinite answer set visual,what is the approximate perplexity value for the line with circles in june?,,arxiv,['cs.cl cs.ir cs.lg'],scigraphqa,1607.01274,https://arxiv.org/pdf/1607.01274v1
c60b6d737c762d89aa9037eb8eecc7b9,3000,3000,c60b6d737c762d89aa9037eb8eecc7b9,2800,2800,2008.07605v1-figure2-1.png,2008.07605v1-figure2-1,"figure 2: the change of the polarity-over-time (pot) score of “coronavirus”, “lockdown”, and “pandemic” early in 2020.",line chart,False,1,closed-ended infinite answer set visual,what is the approximate value of the red line on the date labelled as 2020-04-13?,,arxiv,['cs.cl'],scigraphqa,2008.07605,https://arxiv.org/pdf/2008.07605v1
4aed9416c58fbb36361ae884889808fb,4.4,4.4,4aed9416c58fbb36361ae884889808fb,5.0,5.0,1811.02549v6-figure4-1.png,1811.02549v6-figure4-1,figure 4: results on the emnlp 2017 news dataset. (lower is better for all metrics). mle under a temperature sweep achieves better quality-diversity trade-off compared to the gan approaches.,line chart,True,2,closed-ended infinite answer set visual,what is the value of the red line at the lm score of 2?,,arxiv,['cs.cl cs.lg'],scigraphqa,1811.02549,https://arxiv.org/pdf/1811.02549v6
ac54a61510bdc9c8214e51c163089186,82,82,ac54a61510bdc9c8214e51c163089186,80,80,1909.09292v1-figure3-1.png,1909.09292v1-figure3-1,fig. 3. ablation study of bert fine-tuning on only the first/embedding layer.,line chart,True,2,closed-ended infinite answer set visual,"what is the approximate maximum value of the blue dashed line in the graph labeled ""performance on pku""?",,arxiv,['cs.cl cs.lg stat.ml'],scigraphqa,1909.09292,https://arxiv.org/pdf/1909.09292v1
a63f8b9609b0ab947228822b524eba38,0.5,0.5,a63f8b9609b0ab947228822b524eba38,0.9,0.9,2018.lilt-16.1.pdf-figure2.png,2018.lilt-16.1.pdf-figure2,figure 2 results for a single russ layer.,line chart,False,1,closed-ended infinite answer set visual,what is the approximate value of the green line at a depth of 16?,,acl,nan,aclfig,2018.lilt-16.1,https://aclanthology.org/2018.lilt-16.1.pdf
8c01eadfd55e0c151433b7633174fb92,6,6,8c01eadfd55e0c151433b7633174fb92,1,1,1702.04615v1-figure4-1.png,1702.04615v1-figure4-1,fig. 4: lasso classifier with word counts validation/dev sensitivity-specificity curve,line chart,False,1,closed-ended infinite answer set visual,how many dots are there in y=1?,,arxiv,['cs.cl'],scigraphqa,1702.04615,https://arxiv.org/pdf/1702.04615v1
91647b455cb83b1ab5549507c1b938bf,15,15,91647b455cb83b1ab5549507c1b938bf,10.5,10.5,1608.04465v1-figure7-1.png,1608.04465v1-figure7-1,"figure 7: memory and runtime statistics for cst and kenlm for construction and querying with different amounts of german common crawl training data and different markov orders, m. we compare the query runtimes against the optimised version of kenlm for memory (lazy) and speed (populate). for clarity, in the figure we only show cst numbers form = 10; the results for other settings ofm are very similar. kenlm was trained to match the construction memory requirements of the cst-precompute method.",line chart,True,4,closed-ended infinite answer set visual,"in the third graph, what is the approximate value of the red circle on the y-axis for the construction method at an input size of 8gib?",,arxiv,['cs.cl'],scigraphqa,1608.04465,https://arxiv.org/pdf/1608.04465v1
4b5a1abb6d2f6ea1c1edc30728ae2b35,37.5,37.5,4b5a1abb6d2f6ea1c1edc30728ae2b35,36,36,1809.02992v1-figure4-1.png,1809.02992v1-figure4-1,"figure 4: comparison among the decoding results of the mt03 test dataset on the single geforce gtx titan x gpu server under the three different searching settings. y-axis represents the bleu score of translations, x-axis indicates that how long it will take for translating one word on average.",line chart,True,2,closed-ended infinite answer set visual,what is the approximate bleu score of the red line at 10 ms/word in the left graph?,,arxiv,['cs.cl cs.ai'],scigraphqa,1809.02992,https://arxiv.org/pdf/1809.02992v1
764b6dcccf2778247af2f78c87d1c24a,0.02,0.02,764b6dcccf2778247af2f78c87d1c24a,0.05,0.05,1907.04954v1-figure3-1.png,1907.04954v1-figure3-1,figure 3: pinc when comparing to the master,line chart,False,1,closed-ended infinite answer set visual,what is the approximate value of pinc for the green line at iteration 20?,,arxiv,['cs.cl'],scigraphqa,1907.04954,https://arxiv.org/pdf/1907.04954v1
273f53c5e9c1303ba785c3ff978ff8c3,0.45,0.45,273f53c5e9c1303ba785c3ff978ff8c3,0.4,0.4,2009.10847v1-figure4-1.png,2009.10847v1-figure4-1,"figure 4: statement length experiment. stare (h) + transformer (h) saturates after two qualifiers with slightly increase, whereas transformer (h) is unstable in handling qualifiers.",line chart,True,4,closed-ended infinite answer set visual,what is the approximate value of the dashed green line at the fourth qualifier pair in the second panel?,,arxiv,['cs.lg cs.ai cs.cl stat.ml'],scigraphqa,2009.10847,https://arxiv.org/pdf/2009.10847v1
5e21aa73cd7837b324d93a71b071f3b0,96,96,5e21aa73cd7837b324d93a71b071f3b0,95.75,95.75,1704.07047v1-figure3-1.png,1704.07047v1-figure3-1,figure 3: the effect of different beam sizes.,line chart,False,1,closed-ended infinite answer set visual,what is the approximate f1-score of the red line at a beam size of 2?,,arxiv,['cs.cl'],scigraphqa,1704.07047,https://arxiv.org/pdf/1704.07047v1
936bfd16cbe08bd4e72b674e69de5030,0.7,0.7,936bfd16cbe08bd4e72b674e69de5030,0.55,0.55,1708.05565v2-figure4-1.png,1708.05565v2-figure4-1,figures 4: experiment results with the ecpm policy as baseline.,line chart,True,4,closed-ended infinite answer set visual,what is the approximate value of the red 'ladder' line on the 'reward' graph (sub-figure (a)) at 5/26?,,arxiv,['cs.lg cs.ai cs.cl cs.gt'],scigraphqa,1708.05565,https://arxiv.org/pdf/1708.05565v2
bd08900ee4c2ef374177c27e5637e761,0.7,0.7,bd08900ee4c2ef374177c27e5637e761,0.6,0.6,2020.acl-main.66.pdf-figure5.png,2020.acl-main.66.pdf-figure5,"figure 5: huse-d vs huse-q for loss truncation, truncation + rejection sampling, and baselines. the red line shows the best achievable frontier via ensembling. truncation and rejection outperform all baselines.",line chart,False,1,closed-ended infinite answer set visual,what is the approximate huse-q value of the red point located at the highest huse-d value on the red line?,,acl,nan,aclfig,2020.acl-main.66,https://aclanthology.org/2020.acl-main.66.pdf
81622e9946f36bf781a35117a80d1756,250,250,81622e9946f36bf781a35117a80d1756,200,200,2002.09253v4-figure12-1.png,2002.09253v4-figure12-1,"figure 12: exploration metrics for different goal imagination mechanisms: (a) interesting interaction count (ic) on training set, ic on testing set, (c) ic on extra set. goal imagination starts early (vertical line), except for the no imagination baseline (green). standard errors of the mean plotted for clarity (as usual, 10 seeds).",line chart,True,3,closed-ended infinite answer set visual,"what is the approximate value of the green line at 20,000 episodes on the 'i2c on gtrain' graph (sub-figure (a))?",,arxiv,['cs.ai cs.cl cs.lg'],scigraphqa,2002.09253,https://arxiv.org/pdf/2002.09253v4
6d19923e643b935c443a49a2c6a0e025,150,150,6d19923e643b935c443a49a2c6a0e025,250,250,1006.5827v1-figure1-1.png,1006.5827v1-figure1-1,figure 1: distance labels figure 2: times labels,line chart,True,2,closed-ended infinite answer set visual,what is the distance value at which the dashed green line reaches a value of 0?,,arxiv,['cs.ro cs.cl'],scigraphqa,1006.5827,https://arxiv.org/pdf/1006.5827v1
0d32592efb80dc7c010441ce9165a8f1,98%,98%,0d32592efb80dc7c010441ce9165a8f1,97%,97%,1106.4571v1-figure16-1.png,1106.4571v1-figure16-1,figure 16: baseline artificial corpus,line chart,False,1,closed-ended infinite answer set visual,what is the approximate accuracy of the metric represented by a circle and a solid line?,,arxiv,['cs.cl cs.ai'],scigraphqa,1106.4571,https://arxiv.org/pdf/1106.4571v1
acf150071aa09e344a729617f4315067,24.7,24.7,acf150071aa09e344a729617f4315067,24,24,2020.acl-main.34.pdf-figure5.png,2020.acl-main.34.pdf-figure5,figure 5: bleu scores of trans.base+scwacontloss on the en-de and zh-en test sets with different number of function words t .,line chart,False,1,closed-ended infinite answer set visual,what is the approximate bleu score of the red line at t= 256?,,acl,nan,aclfig,2020.acl-main.34,https://aclanthology.org/2020.acl-main.34.pdf
88c55184549a9da12bee52d33b6d7b1c,50%,50%,88c55184549a9da12bee52d33b6d7b1c,50,50,1911.01102v1-figure2-1.png,1911.01102v1-figure2-1,fig. 2: evaluation on robust vgg-lstm asr,line chart,True,2,closed-ended infinite answer set visual,what is the value of the green line at the 'rnn5' layer?,,arxiv,['cs.cl cs.ne cs.sd eess.as'],scigraphqa,1911.01102,https://arxiv.org/pdf/1911.01102v1
ff45efe3f78c512fe3efb30175c52413,23000,23000,ff45efe3f78c512fe3efb30175c52413,22500,22500,1610.04265v2-figure8-1.png,1610.04265v2-figure8-1,figure 8: decoding speed for fr-en model,line chart,False,1,closed-ended infinite answer set visual,what is the decoding speed in words/sec of the model represented by the red line at 24 threads?,,arxiv,['cs.cl'],scigraphqa,1610.04265,https://arxiv.org/pdf/1610.04265v2
6e84b7d9eab74b4387e230cff647ee3b,50%,50%,6e84b7d9eab74b4387e230cff647ee3b,48%,48%,1606.01614v5-figure2-1.png,1606.01614v5-figure2-1,figure 2: adan performance and standard deviation for chinese in the semi-supervised setting when using various amount of labeled chinese data.,line chart,False,1,closed-ended infinite answer set visual,what is the approximate accuracy of the method represented with the green line when approximately 1000 labeled chinese reviews are used?,,arxiv,['cs.cl'],scigraphqa,1606.01614,https://arxiv.org/pdf/1606.01614v5
feac505759f697dafcb25abd1f8ce7ee,0,0,feac505759f697dafcb25abd1f8ce7ee,3,3,d11-1122.pdf-figure2.png,d11-1122.pdf-figure2,"figure 2: the update rule (equation 2) can be understood as choosing a minimal edge-cut, thereby greedily maximizing intra-cluster similarity and minimizing intercluster similarity. assuming equal weight for all edges above, label 3 is chosen for the vertex being updated such that the sum of weights of edges crossing the cut is minimal.",graph,False,1,closed-ended infinite answer set visual,how many circles are formed with a solid black line?,,acl,nan,aclfig,d11-1122,https://aclanthology.org/d11-1122.pdf
5d760e368cf8e68f24378c7ebec6279b,"x, y, and τ","x, y, and τ",5d760e368cf8e68f24378c7ebec6279b,"τ \ {x, y}","τ \ {x, y}",2020.scil-1.21.pdf-figure4.png,2020.scil-1.21.pdf-figure4,figure 4: the factor oxy under c .,graph,False,1,closed-ended infinite answer set visual,what is inside the third circle?,,acl,nan,aclfig,2020.scil-1.21,https://aclanthology.org/2020.scil-1.21.pdf
37d150111fbcb17fb02f0650754ab50c,4,4,37d150111fbcb17fb02f0650754ab50c,3,3,2020.scil-1.56.pdf-figure1.png,2020.scil-1.56.pdf-figure1,figure 1: a 2-i-2-tisl sfst for lhor (top) and a 2-isl sfst for its tier projection (bottom).,graph,True,2,closed-ended infinite answer set visual,"in the first diagram, how many circles are there??",,acl,nan,aclfig,2020.scil-1.56,https://aclanthology.org/2020.scil-1.56.pdf
41cf905097ada72b2d0b7533b30b322a,3.5,3.5,41cf905097ada72b2d0b7533b30b322a,1,1,2010.00363v1-figure6-1.png,2010.00363v1-figure6-1,"figure 6: (a),(b): distribution of values for each principal component on c and u. vertical axis represents a standard deviation. (c),(d): pca and re-pca (see text) results of u vectors in learned lstm. from left, vb, vbz, nn, nns, and cd, respectively. characteristic dimensions of each pos can be distinguished. note that lstm is learned from raw text in this scenario.",line chart,True,4,closed-ended infinite answer set visual,what is the approximate value of the red line at the 10th component in (b) u?,,arxiv,['cs.cl'],scigraphqa,2010.00363,https://arxiv.org/pdf/2010.00363v1
2fbb6fc621ca45707172172f78140cc4,3000,3000,2fbb6fc621ca45707172172f78140cc4,1200,1200,1308.4618v1-figure5-1.png,1308.4618v1-figure5-1,fig. 5. average entries per sentence. graph showing the average number of entries that each sentence appears in for (a) swiss-prot and (b) trembl.,scatter plot,True,2,closed-ended infinite answer set visual,what is the approximate value of the number of entries for the rightmost plot in 2007?,,arxiv,['cs.cl cs.ce cs.dl q-bio.qm'],scigraphqa,1308.4618,https://arxiv.org/pdf/1308.4618v1
4a6b2fb0de69782b9679f869ced04971,0.0001,0.0001,4a6b2fb0de69782b9679f869ced04971,1e-05,1e-05,1310.6775v1-figure1-1.png,1310.6775v1-figure1-1,figure 1: word rank distribution,line chart,False,1,closed-ended infinite answer set visual,what is the value of the normalized word count for the red plus sign at a word rank of 1000?,,arxiv,['cs.ai cs.cl cs.lg'],scigraphqa,1310.6775,https://arxiv.org/pdf/1310.6775v1
3a860a986baaae0f201d2b996d35c568,22.3,22.3,3a860a986baaae0f201d2b996d35c568,22.4,22.4,2020.acl-main.428.pdf-figure3.png,2020.acl-main.428.pdf-figure3,figure 3: eli5: perplexity vs. context repeats as a function of  in the context unlikelihood objective.,scatter plot,False,1,closed-ended infinite answer set visual,what is the approximate ppl value of the darkest blue point located furthest to the left on the scatter plot?,,acl,nan,aclfig,2020.acl-main.428,https://aclanthology.org/2020.acl-main.428.pdf
d8850d1f135bcc783dda500d61e1cbea,grey,grey,d8850d1f135bcc783dda500d61e1cbea,dark gray,dark gray,n18-1151.pdf-figure1.png,n18-1151.pdf-figure1,figure 1: the overall structure of our keyphrase extraction framework with context encoder. grey dotted array refer to the inputs of target posts that are also used in context encoding.,neural networks,False,1,closed-ended infinite answer set visual,what is the color of the boxes labelled 'v' that are used in the context encoder?,,acl,nan,aclfig,n18-1151,https://aclanthology.org/n18-1151.pdf
28312512f49d6d36b2db21899e421e4a,orange and blue,orange and blue,28312512f49d6d36b2db21899e421e4a,"orange, blue","orange, blue",2020.acl-main.21.pdf-figure2.png,2020.acl-main.21.pdf-figure2,figure 2: illustration of answer embeddings and an answer-attention head for the forth sentence in table 1.,neural networks,True,2,closed-ended infinite answer set visual,what color are the answer embeddings for the words 'if' and 'he'?,,acl,nan,aclfig,2020.acl-main.21,https://aclanthology.org/2020.acl-main.21.pdf
9e310156fd673ef0ad5abf9fc46714d1,black,black,9e310156fd673ef0ad5abf9fc46714d1,red,red,y15-2010.pdf-figure2.png,y15-2010.pdf-figure2,"figure 2: for tree-to-tree system, it searches the case watashi katta (i buy) because it is a dependency pair in source parse tree and target parse tree. it does not search the case watashi akai (i red) because it is not a dependency pair in source parse tree neither in target parse tree. unlike fig.1, it does not search akai honwo (red book) because although it is a dependency pair in source side, it is disconnected in target side",tree,False,1,closed-ended infinite answer set visual,"what is the color of the arrow connecting the word ""red"" in japanese to the word ""buy"" in english?",,acl,nan,aclfig,y15-2010,https://aclanthology.org/y15-2010.pdf
76d42ac8d08033199459d0d2f44357f5,3,3,76d42ac8d08033199459d0d2f44357f5,1,1,y16-2010.pdf-figure1.png,y16-2010.pdf-figure1,figure 1: example of preordering.,graph,False,1,closed-ended infinite answer set visual,how many vertical lines are drawn from the left side to the right side?,,acl,nan,aclfig,y16-2010,https://aclanthology.org/y16-2010.pdf
b71390ca712378dc920465599c577794,v,v,b71390ca712378dc920465599c577794,hu-ii,hu-ii,2019.lilt-17.3.pdf-figure2.png,2019.lilt-17.3.pdf-figure2,figure 2 analysis of pustak=kii tareef hu-ii the book got praised.,tree,True,3,closed-ended infinite answer set visual,what is the label of the node directly below the node labelled 'vp' in the second diagram?,,acl,nan,aclfig,2019.lilt-17.3,https://aclanthology.org/2019.lilt-17.3.pdf
a6875597f4161269614366152df6a543,"conjunction, 2","conjunction, 2",a6875597f4161269614366152df6a543,"conjunction (`∧`)  
2","conjunction (`∧`)  
2",w12-4626.pdf-figure13.png,w12-4626.pdf-figure13,"figure 13: this figure shows trees that with the atomic proposition trees construct (from left to right) negation, conjunction, and disjunction.",tree,True,3,closed-ended infinite answer set visual,"what logical operation does the tree structure in the middle of figure 13 represent, and how many branches does the top node have?",,acl,nan,aclfig,w12-4626,https://aclanthology.org/w12-4626.pdf
bafa35b2c624e24bb1636102644282e3,phase 2,phase 2,bafa35b2c624e24bb1636102644282e3,phase 1,phase 1,o04-1005.pdf-figure2.1.png,o04-1005.pdf-figure2.1,fig. 2.1. an overview of our system,architecture diagram,False,1,closed-ended infinite answer set visual,which phase does the lexical analyzer belong to?,,acl,nan,aclfig,o04-1005,https://aclanthology.org/o04-1005.pdf
76799b41ac39d94ff20fa6fc448957f7,7,7,76799b41ac39d94ff20fa6fc448957f7,6,6,2020.acl-demos.15.pdf-figure2.png,2020.acl-demos.15.pdf-figure2,"figure 2: jiant pipeline stages using roberta as the sentence encoder, record and mnli tasks as intermediate tasks, and mnli and boolq as tasks for target training and evaluation. the diagram highlights that during target training and evaluation phases, copies are made of the sentence encoder model, and fine tuning and evaluation for each task are conducted on separate copies.",architecture diagram,False,1,closed-ended infinite answer set visual,how many arrows are there?,,acl,nan,aclfig,2020.acl-demos.15,https://aclanthology.org/2020.acl-demos.15.pdf
5bb3bbf10c58b87925228fb144853e52,0.3,0.3,5bb3bbf10c58b87925228fb144853e52,0.2,0.2,w14-2515.pdf-figure2.png,w14-2515.pdf-figure2,"figure 2: accuracy of classifier trained and tested on balanced set contrasting agreed upon twitter users of a given role, against users pulled at random from the 1% stream.",box plot,False,1,closed-ended infinite answer set visual,what is the approximate height of the box plot representing the accuracy of the classifier for 'filmmaker'?,,acl,nan,aclfig,w14-2515,https://aclanthology.org/w14-2515.pdf
956f3a549f55b19ffc900911ec4fdf29,0.349,0.349,956f3a549f55b19ffc900911ec4fdf29,0.485,0.485,w19-5211.pdf-figure18.png,w19-5211.pdf-figure18,figure 18: pos-based classification accuracy on states from the ende decoder.,confusion matrix,False,1,closed-ended infinite answer set visual,what is the classification accuracy of the blue rectangle in the bottom leftmost part?,,acl,nan,aclfig,w19-5211,https://aclanthology.org/w19-5211.pdf
00948e37540b93b30792ac2176b29b41,dots,dots,00948e37540b93b30792ac2176b29b41,no,no,w14-3627.pdf-figure2.png,w14-3627.pdf-figure2,"figure 2: meteor x-ray alignment of the sentence in table 6. the left side is the output of the one-step system, the right side is the output of the two-step system, and the top is the reference. the shaded cells represent matches between the reference and the one-step system, and the dots represent matches between the reference and the twostep system.",confusion matrix,False,1,closed-ended infinite answer set visual,"in the figure, are there more shaded cells representing matches between the reference and the one-step system or more dots representing matches between the reference and the two-step system?",,acl,nan,aclfig,w14-3627,https://aclanthology.org/w14-3627.pdf
3cae495f75570a544bca02ef18278d86,yellow,yellow,3cae495f75570a544bca02ef18278d86,orange,orange,2020.acl-main.201.pdf-figure2.png,2020.acl-main.201.pdf-figure2,"figure 2: train and test accuracy (p@1) for bli on muse; projection-based clwe underfit the training dictionary (gray), but retrofitting to the training dictionary overfits (pink). adding a synthetic dictionary balances between training and test accuracy (orange).",bar chart,True,3,closed-ended infinite answer set visual,what color represents the 'test' accuracy for the bli model with a synthetic dictionary added?,,acl,nan,aclfig,2020.acl-main.201,https://aclanthology.org/2020.acl-main.201.pdf
5e623c82854ef599b1b49b436112a171,60%,60%,5e623c82854ef599b1b49b436112a171,0.60,0.60,2020.acl-main.222.pdf-figure1.png,2020.acl-main.222.pdf-figure1,"figure 1: human evaluations on image chat and wizard of wikipedia (wow), comparing existing state of the art models with our all tasks mt conversational agent. engagingness win rates are statistically significant in all three matchups (binomial test, p < .05).",bar chart,False,1,closed-ended infinite answer set visual,what is the approximate win percentage of the blue bar corresponding to the task 'wow (unseen)'?,,acl,nan,aclfig,2020.acl-main.222,https://aclanthology.org/2020.acl-main.222.pdf
2d1719d801b04142db63653f561410d1,55,55,2d1719d801b04142db63653f561410d1,52,52,2020.acl-main.375.pdf-figure4.png,2020.acl-main.375.pdf-figure4,"figure 4: uas accuracy for the average models (bert 13, elmo 3) on incoming dependencies of different part-of-speech categories.",bar chart,False,1,closed-ended infinite answer set visual,what is the approximate uas value for the red chart for the 'verb' part-of-speech category?,,acl,nan,aclfig,2020.acl-main.375,https://aclanthology.org/2020.acl-main.375.pdf
acce9c0f12302c4cea65d051ce1e8285,52,52,acce9c0f12302c4cea65d051ce1e8285,52%,52%,2020.acl-main.402.pdf-figure3.png,2020.acl-main.402.pdf-figure3,"figure 3: statistics : (a) source across the dataset, (b) overall speaker distribution.",pie chart,True,2,closed-ended infinite answer set visual,what is the percentage value of the blue slice of the pie chart labeled (a)?,,acl,nan,aclfig,2020.acl-main.402,https://aclanthology.org/2020.acl-main.402.pdf
af2938b49ad950bccfe12c1b46725442,outside,outside,af2938b49ad950bccfe12c1b46725442,bottom,bottom,2020.lrec-1.678.pdf-figure1.png,2020.lrec-1.678.pdf-figure1,"figure 1: distribution of verbs in the vqa dataset (antol et al., 2015a), to be versus other verbs.",pie chart,False,1,closed-ended infinite answer set visual,"where, relative to the pie chart, are the section name labels placed?",,acl,nan,aclfig,2020.lrec-1.678,https://aclanthology.org/2020.lrec-1.678.pdf
c9ba70eae969d7ba9a9c238fa664bdeb,30,30,c9ba70eae969d7ba9a9c238fa664bdeb,29,29,1903.04715v1-figure1-1.png,1903.04715v1-figure1-1,figure 1: cumulative bleu scores on the validation set sorted by the sentence-level score difference according to the larger-context model.,line chart,False,1,closed-ended infinite answer set visual,what is the approximate value of the solid black line at around 8000 sentences?,,arxiv,['cs.cl'],scigraphqa,1903.04715,https://arxiv.org/pdf/1903.04715v1
370c042adfd43b15e038e3d95e1f71e0,blue,blue,370c042adfd43b15e038e3d95e1f71e0,green,green,2004.01820v1-figure4-1.png,2004.01820v1-figure4-1,figure 4: cumulative distribution functions for timeline similarity on relevant features. these measures are shown to be predictive of power imbalance and harmful intent.,line chart,True,2,closed-ended infinite answer set visual,what is the color of the line representing 'target power' in the leftmost graph?,,arxiv,['cs.si cs.cl'],scigraphqa,2004.01820,https://arxiv.org/pdf/2004.01820v1
ccee5c39f8d0c4d8ee3b58f483603484,0.867,0.867,ccee5c39f8d0c4d8ee3b58f483603484,0.865,0.865,1703.04247v1-figure9-1.png,1703.04247v1-figure9-1,figure 9: auc and logloss comparison of number of neurons.,line chart,True,2,closed-ended infinite answer set visual,what is the value of the red line at 200 neurons on the left graph?,,arxiv,['cs.ir cs.cl'],scigraphqa,1703.04247,https://arxiv.org/pdf/1703.04247v1
46a224c1f3a758539c3eda48b3feceb5,0.90,0.90,46a224c1f3a758539c3eda48b3feceb5,0.9,0.9,1904.03670v2-figure3-1.png,1904.03670v2-figure3-1,figure 3: accuracy on the validation set over time for models trained on (a) the full slu dataset or (b) 10% of the dataset.,line chart,True,2,closed-ended infinite answer set visual,what is the highest value of any line on the right graph?,,arxiv,['eess.as cs.cl cs.lg cs.sd'],scigraphqa,1904.03670,https://arxiv.org/pdf/1904.03670v2
cdf5f5530e52f19df1f4cabc2b83c327,157,157,cdf5f5530e52f19df1f4cabc2b83c327,150,150,1610.04658v2-figure2-1.png,1610.04658v2-figure2-1,figure 2. test perplexity per epoch.,line chart,False,1,closed-ended infinite answer set visual,what is the perplexity value of the green line at 2 epochs?,,arxiv,['stat.ml cs.cl cs.lg'],scigraphqa,1610.04658,https://arxiv.org/pdf/1610.04658v2
50a6bbd79ae8f2c4c4c33bc725d0571f,0.27,0.27,50a6bbd79ae8f2c4c4c33bc725d0571f,0.28,0.28,1809.05283v2-figure6-1.png,1809.05283v2-figure6-1,figure 6: reinforcement learning model trained for batch 1. the reward (y axis) is rouge-l.,line chart,False,1,closed-ended infinite answer set visual,what is the approximate maximum value of the red line?,,arxiv,['cs.cl'],scigraphqa,1809.05283,https://arxiv.org/pdf/1809.05283v2
9453f7d6d05578feca394a416effcc78,66.5,66.5,9453f7d6d05578feca394a416effcc78,68,68,1505.07184v1-figure2-1.png,1505.07184v1-figure2-1,figure 2: accuracy vs. dimensionality of the representation.,line chart,False,1,closed-ended infinite answer set visual,what is the approximate accuracy of the green line at 500 dimensions?,,arxiv,['cs.cl'],scigraphqa,1505.07184,https://arxiv.org/pdf/1505.07184v1
f03ca39a0e52ac7a142fbe4246908d0d,0.95,0.95,f03ca39a0e52ac7a142fbe4246908d0d,0.98,0.98,2017.lilt-15.3.pdf-figure5.png,2017.lilt-15.3.pdf-figure5,figure 5: comparing lstm trained language model (with voc. size 100 and 1000 units) for the two methods of predicting verb number. the solid blue line represents our (supervised) benchmark lstm rnn.,line chart,False,1,closed-ended infinite answer set visual,what is the value of the blue line at x=0?,,acl,nan,aclfig,2017.lilt-15.3,https://aclanthology.org/2017.lilt-15.3.pdf
f17e74ed5ce0bb0989001a6d041a10e4,-0.2,-0.2,f17e74ed5ce0bb0989001a6d041a10e4,0.05,0.05,1709.00071v1-figure1-1.png,1709.00071v1-figure1-1,figure 1: twitter user-level analyses for all message types. panels (a) and (b) replicate the main text analyses for twitter user-level data. shaded error bounds represent 95% confidence intervals.,line chart,True,2,closed-ended infinite answer set visual,what is the approximate value of the red line at 35 degrees celsius on the left panel?,,arxiv,['stat.ap cs.cl'],scigraphqa,1709.00071,https://arxiv.org/pdf/1709.00071v1
417bfd086322cedd56f86375e1f5bd65,0.43,0.43,417bfd086322cedd56f86375e1f5bd65,0.42,0.42,1909.13705v1-figure2-1.png,1909.13705v1-figure2-1,"figure 2: the position and content attribution on cnn/dm, the test set is broken down based on compression.",line chart,True,2,closed-ended infinite answer set visual,"what is the value of the orange line at ""medium"" compression?",,arxiv,['cs.cl'],scigraphqa,1909.13705,https://arxiv.org/pdf/1909.13705v1
ad93738271ba7f37a92bf57c6229a4bf,0.55,0.55,ad93738271ba7f37a92bf57c6229a4bf,0.7,0.7,1706.07206v2-figure3-1.png,1706.07206v2-figure3-1,"figure 3: impact of word deleting on initially correctly (left) and falsely (right) classified test sentences, using either sa or lrp as relevance decomposition method (lrpcons is a variant of lrp with relevance conservation). the relevance target class is the true sentence class, and words are deleted in decreasing (left) and increasing (right) order of their relevance. random deletion is averaged over 10 runs (std < 0.016). a steep decline (left) and incline (right) indicate informative word relevance.",line chart,True,2,closed-ended infinite answer set visual,what is the accuracy of the green line at 2 words deleted in the left plot?,,arxiv,['cs.cl cs.ai cs.ne stat.ml'],scigraphqa,1706.07206,https://arxiv.org/pdf/1706.07206v2
034037029bb61542cbff9e9c15e2bfc5,0.78,0.78,034037029bb61542cbff9e9c15e2bfc5,0.80,0.80,1911.10436v1-figure2-1.png,1911.10436v1-figure2-1,"figure 2: classification performance (f1) versus the number of training epochs when training the model with less data. series represent training the model with the entire training set, or randomly subsampled proportions of training data summing to 75%, 50%, and 25% of the original training set size. each point represents the average of 5 randomly subsampled training sets.",line chart,False,1,closed-ended infinite answer set visual,what is the f1 score of the orange line after 120 epochs?,,arxiv,['cs.cl'],scigraphqa,1911.10436,https://arxiv.org/pdf/1911.10436v1
26aaa452a59b08b9ba7cedf3c66a94ce,0.9464,0.9464,26aaa452a59b08b9ba7cedf3c66a94ce,0.9467,0.9467,1803.09551v1-figure10-1.png,1803.09551v1-figure10-1,fig. 10. predictive performance of mr3++ by varying hyperparameters. left: varying λrel and λrev by fixing f = 10; rmse is 1.0139 when both are zero; percent of training is 80%. right: varying f by fixing λrel = 0.001 and λrev = 0.005. dataset: ciao.,line chart,True,2,closed-ended infinite answer set visual,what is the rmse value for the green dashed line when the λrel value is 0.005?,,arxiv,['cs.ir cs.ai cs.cl cs.lg'],scigraphqa,1803.09551,https://arxiv.org/pdf/1803.09551v1
78a5a98160112b1173de1a6491d2329b,0.16,0.16,78a5a98160112b1173de1a6491d2329b,0.158,0.158,2020.acl-main.26.pdf-figure2.png,2020.acl-main.26.pdf-figure2,figure 2: analysis for proposition of instances.,line chart,True,2,closed-ended infinite answer set visual,what is the value of the blue circle at 60% of reviews in the top graph?,,acl,nan,aclfig,2020.acl-main.26,https://aclanthology.org/2020.acl-main.26.pdf
94f3e83b407c57d0811d0bda474ef41d,0.6,0.6,94f3e83b407c57d0811d0bda474ef41d,0.8,0.8,1911.01098v1-figure4.5-1.png,1911.01098v1-figure4.5-1,figure 4.5: learning curves of different languages for speakers in both games. numbers in the parentheses are length of messages in a language.,line chart,True,3,closed-ended infinite answer set visual,what is the approximate value of the green line at the x-axis value of 100 in the rightmost figure?,,arxiv,['cs.cl'],scigraphqa,1911.01098,https://arxiv.org/pdf/1911.01098v1
3e4d6e3ed237c21ff842497603faca98,0.65,0.65,3e4d6e3ed237c21ff842497603faca98,0.6,0.6,2009.14722v1-figure2-1.png,2009.14722v1-figure2-1,figure 2: comparison of pr curves between our proposed model and baselines on the nyt dataset,line chart,False,1,closed-ended infinite answer set visual,what is the precision value of the red line at a recall value of 0.35?,,arxiv,['cs.cl cs.lg'],scigraphqa,2009.14722,https://arxiv.org/pdf/2009.14722v1
0b547675fcb8e6841109d86c70e86cd0,blue,blue,0b547675fcb8e6841109d86c70e86cd0,blue line,blue line,1909.10705v1-figure5-1.png,1909.10705v1-figure5-1,"figure 5: mean probability for each of the first 150 word-level story tokens. when teacher-forcing the model on human text, probability increases slowly. when generating with top-k sampling, probability increases faster, especially for smaller k. this plot is for the fusion model; similar patterns hold for gpt2-117.",line chart,False,1,closed-ended infinite answer set visual,"which line in the plot represents the 'top-k sampling, k=20' method?",,arxiv,['cs.cl cs.ai cs.lg'],scigraphqa,1909.10705,https://arxiv.org/pdf/1909.10705v1
67d9002fa34c6214f970346023882654,15%,15%,67d9002fa34c6214f970346023882654,50,50,2004.14507v2-figure4-1.png,2004.14507v2-figure4-1,"figure 4: reward distribution and the average reward of the counterfactual response (w/ copt) and the standard response (w/o copt). the y-axis in (a) and (b) is the percentage, and the x-axis corresponds to three reward intervals in different epochs, including: low reward interval [0.00, 0.33], middle reward interval (0.33, 0.66], and high reward interval (0.66, 1.00]. the y-axis in (c) and (d) is the reward, and the x-axis corresponds to epochs.","line chart,bar chart",True,4,closed-ended infinite answer set visual,what is the percentage of the gray bar representing 'w/o copt' in the 'high' reward interval of epoch-7 in the reward distribution of regs?,,arxiv,['cs.lg cs.ai cs.cl'],scigraphqa,2004.14507,https://arxiv.org/pdf/2004.14507v2
241c29928d1c83f8683943b484f86ded,37.45,37.45,241c29928d1c83f8683943b484f86ded,0.03,0.03,1209.4277v2-figure8-1.png,1209.4277v2-figure8-1,"fig. 8. micro and macro mutation rates according to the sub-family total number of mentions, along with their fitted model. ρm (n) = 0.225n−0.763 and ρµ(n) = 0.057n−0.739. the figure is obtained by creating 15 equally populated quantiles and averaging the mutation rate values corresponding to each quantile. error bars stand for confidence interval (5%).",line chart,False,1,closed-ended infinite answer set visual,what is the approximate mutation rate of the blue dashed line at n=670?,,arxiv,['cs.cy cs.cl cs.si physics.soc-ph'],scigraphqa,1209.4277,https://arxiv.org/pdf/1209.4277v2
8dd1c5d358196ab18103db5e657dd5ed,0.6,0.6,8dd1c5d358196ab18103db5e657dd5ed,0.4,0.4,1609.06530v1-figure2-1.png,1609.06530v1-figure2-1,"fig. 2. precision/recall curves for the 50, fa configuration, with α = 0 (baseline utd) and α = 0.4 (our system). ap is computed as the area under the respective curves.",line chart,False,1,closed-ended infinite answer set visual,what is the approximate value of the precision at the recall of 0.6 for the green line?,,arxiv,['cs.cl'],scigraphqa,1609.06530,https://arxiv.org/pdf/1609.06530v1
a61799a7beb2641e8ad9ccecf1f9ee22,32.5,32.5,a61799a7beb2641e8ad9ccecf1f9ee22,30,30,1802.03606v1-figure7-1.png,1802.03606v1-figure7-1,figure 7. hadoop vs console test,line chart,False,1,closed-ended infinite answer set visual,what is the approximate value of the blue line when the total size is 16 gb?,,arxiv,['cs.dc cs.cl'],scigraphqa,1802.03606,https://arxiv.org/pdf/1802.03606v1
00a69dfab50cf4df146ef475ff20f1f9,65%,65%,00a69dfab50cf4df146ef475ff20f1f9,70%,70%,1904.02036v1-figure3-1.png,1904.02036v1-figure3-1,"figure 3: word accuracy on the development sets for different amounts of training data (note that the x-axis is log-scaled); nmt-1 is the model by bollmann (2018), nmt-2 is the model by tang et al. (2018).",line chart,True,6,closed-ended infinite answer set visual,what is the approximate value of the red line at the 1k mark in the top right graph?,,arxiv,['cs.cl'],scigraphqa,1904.02036,https://arxiv.org/pdf/1904.02036v1
64a6c96b5954bb40b90bcf0a25f2a817,0.8,0.8,64a6c96b5954bb40b90bcf0a25f2a817,0.78,0.78,2005.01281v3-figure1-1.png,2005.01281v3-figure1-1,"figure 1: recall@k for neural reranking models (bertmulti, berten, biobert), and word- (bm25) and character-level (tfidfchar) models.",line chart,False,1,closed-ended infinite answer set visual,what is the recall@k value of the purple triangle at k = 16?,,arxiv,['cs.cl'],scigraphqa,2005.01281,https://arxiv.org/pdf/2005.01281v3
afb8fb915f7bfffb3b0912c4b6f5830d,380,380,afb8fb915f7bfffb3b0912c4b6f5830d,360,360,1807.10311v1-figure2-1.png,1807.10311v1-figure2-1,"figure 2: growth of the english, german and dutch spoken wikipedia resources over time. english and german both grow with about 33h of additional audio per year.",line chart,False,1,closed-ended infinite answer set visual,what is the approximate value of the blue line in the year 2017?,,arxiv,['cs.cl'],scigraphqa,1807.10311,https://arxiv.org/pdf/1807.10311v1
6950f2d05c8aa7ca364d8f1a822c3f4b,64.5,64.5,6950f2d05c8aa7ca364d8f1a822c3f4b,64,64,1912.12068v1-figure3-1.png,1912.12068v1-figure3-1,"figure 3: performance of our model with transitive extensions of order k = 1,k = 2,k = 3, and k = ∗ on semeval dataset; (a) learned features, (b) learned + linguistic features",line chart,True,2,closed-ended infinite answer set visual,what is the f1-score of the blue line at k=3?,,arxiv,['cs.cl'],scigraphqa,1912.12068,https://arxiv.org/pdf/1912.12068v1
e1d478b933899d02dd66eed2ed01501e,87.5,87.5,e1d478b933899d02dd66eed2ed01501e,85,85,1109.6341v1-figure4-1.png,1109.6341v1-figure4-1,figure 4: learning curves for prior and megam models.,line chart,True,2,closed-ended infinite answer set visual,what is the value of the black dashed line at 10^3 in the plot on the left?,,arxiv,['cs.lg cs.cl'],scigraphqa,1109.6341,https://arxiv.org/pdf/1109.6341v1
2398466c1621c115cf8bf95ce6745fca,25.6,25.6,2398466c1621c115cf8bf95ce6745fca,25.5,25.5,1902.07282v1-figure5-1.png,1902.07282v1-figure5-1,figure 5: test bleu score of various sentence lengths,line chart,False,1,closed-ended infinite answer set visual,what is the value of the red dashed line at the sentence length range of 11-20?,,arxiv,['cs.cl cs.ai'],scigraphqa,1902.07282,https://arxiv.org/pdf/1902.07282v1
ff0e7c82c450bb3252e7e295fab3a0b3,270000,270000,ff0e7c82c450bb3252e7e295fab3a0b3,"250,000","250,000",1906.10910v2-figure1-1.png,1906.10910v2-figure1-1,figure 1: changes in the number of users and questions.,line chart,False,1,closed-ended infinite answer set visual,what is the approximate value of the red line in july-18?,,arxiv,['cs.lg cs.cl stat.ml'],scigraphqa,1906.10910,https://arxiv.org/pdf/1906.10910v2
122a9889b86adffb677558076872a434,250,250,122a9889b86adffb677558076872a434,200,200,1607.00570v1-figure2-1.png,1607.00570v1-figure2-1,"figure 2. example distributions of distances between non-related pairs (light grey) and related pairs (dark grey) on twitter data, using a simple mean of word embeddings.",line chart,False,1,closed-ended infinite answer set visual,what is the approximate value of the peak of the dark grey distribution?,,arxiv,['cs.ir cs.cl'],scigraphqa,1607.00570,https://arxiv.org/pdf/1607.00570v1
6ddd08a525930d4550d0e3e2ac379975,0.6,0.6,6ddd08a525930d4550d0e3e2ac379975,0.65,0.65,1602.07572v2-figure2-1.png,1602.07572v2-figure2-1,"figure 2: kendall’s τ versus subspace size (top) and training resource size (bottom). see lines 6 & 8, table 1, for train/test split.",line chart,True,2,closed-ended infinite answer set visual,what is the approximate value of the correlation of the blue line in the bottom figure at the size of lexicon value of 100?,,arxiv,['cs.cl'],scigraphqa,1602.07572,https://arxiv.org/pdf/1602.07572v2
63d5f96d1f5538e783f645daac242b79,0.6,0.6,63d5f96d1f5538e783f645daac242b79,0.6 to 0.7,0.6 to 0.7,1810.08641v1-figure5-1.png,1810.08641v1-figure5-1,"figure 5: f1 of rare words appearing 1, 2, 5×",line chart,False,1,closed-ended infinite answer set visual,what is the approximate value of the green dashed line at 14 epochs?,,arxiv,['cs.cl'],scigraphqa,1810.08641,https://arxiv.org/pdf/1810.08641v1
2f7dc9bf28c42372ca2671f40339bf20,0.115,0.115,2f7dc9bf28c42372ca2671f40339bf20,0.12,0.12,1309.1501v3-figure1-1.png,1309.1501v3-figure1-1,fig. 1. held-out loss with dropout techniques,line chart,False,1,closed-ended infinite answer set visual,what is the value of the dashed red line at 10 hf iterations?,,arxiv,['cs.lg cs.cl cs.ne math.oc stat.ml'],scigraphqa,1309.1501,https://arxiv.org/pdf/1309.1501v3
b361439a5da75c307b8c1eca669e91b6,1,1,b361439a5da75c307b8c1eca669e91b6,0.5,0.5,1803.10916v1-figure6-1.png,1803.10916v1-figure6-1,figure 6: rocs for crnn attention-based model with soft attention.,line chart,False,1,closed-ended infinite answer set visual,what is the value of 'false rejects (%)' for the red dashdotted line when 'false alarms per hour' is 1?,,arxiv,['cs.sd cs.cl eess.as'],scigraphqa,1803.10916,https://arxiv.org/pdf/1803.10916v1
c415e407ffb2c5ea35b806851e086a5b,35.8,35.8,c415e407ffb2c5ea35b806851e086a5b,36.0,36.0,1611.01874v2-figure4-1.png,1611.01874v2-figure4-1,figure 4: learning curves – translation (left y-axis) and reconstruction (right y-axis) performances (in bleu scores) on the validation set as training progresses. we find our approach is capable of generating better translations over time by better reconstructing original inputs.,line chart,False,1,closed-ended infinite answer set visual,what is the y value of the blue line according to the axis on the left at 14 iterations?,,arxiv,['cs.cl'],scigraphqa,1611.01874,https://arxiv.org/pdf/1611.01874v2
d31e7ba13876d4ba5f804c133e4e5845,15.5,15.5,d31e7ba13876d4ba5f804c133e4e5845,16.0,16.0,1610.00072v1-figure2-1.png,1610.00072v1-figure2-1,figure 2: bleu vs. vocabulary size for different selection strategies.,line chart,False,1,closed-ended infinite answer set visual,what is the bleu score of the brown line when the vocabulary size is 5000?,,arxiv,['cs.cl'],scigraphqa,1610.00072,https://arxiv.org/pdf/1610.00072v1
8b02ed3e89e626cbb1b242a3cddbda42,100,100,8b02ed3e89e626cbb1b242a3cddbda42,20,20,1907.03752v1-figure6-1.png,1907.03752v1-figure6-1,fig. 6. effect of overfitting on dnn model shown through cross-entropy loss for the ag news and sentiment 140 datasets,line chart,True,2,closed-ended infinite answer set visual,at approximately what epoch does the black dashed line reach the top of the fram in the right graph?,,arxiv,['cs.cl cs.ir cs.lg'],scigraphqa,1907.03752,https://arxiv.org/pdf/1907.03752v1
6035bd1633520eacb4f1b516a8759b09,cyan,cyan,6035bd1633520eacb4f1b516a8759b09,light blue,light blue,1712.07473v3-figure4-1.png,1712.07473v3-figure4-1,figure 4: left: empirical histogram of random samples of c(s). magenta line represents theoretical distribution of the pareto law with parameters that are estimated on these samples. right: difference between two distributions on the left plot expressed in number of samples∆(x). the parameters of the pareto law were estimated on the samples that lie in the region {log c(s) > 0.35} (blue line). black lines represent standard errors. the left plot is built in logarithmic y-axis while the right one is built in linear y-axis.,line chart,True,2,closed-ended infinite answer set visual,what color are the bars in the bar chart of figure 4?,,arxiv,['cs.cl cs.cr cs.lg'],scigraphqa,1712.07473,https://arxiv.org/pdf/1712.07473v3
41d7507fea7a20d8f501e475033da266,68,68,41d7507fea7a20d8f501e475033da266,70,70,2009.00914v1-figure3-1.png,2009.00914v1-figure3-1,figure 3: retriever and ranker recall. the x-axis is logscale.,line chart,False,1,closed-ended infinite answer set visual,what is the value of 'metric' where the orange line intersects the grey line?,,arxiv,['cs.cl cs.ai'],scigraphqa,2009.00914,https://arxiv.org/pdf/2009.00914v1
ab904686ca33a949075422a9a9ea0425,80,80,ab904686ca33a949075422a9a9ea0425,60,60,1810.02100v1-figure4.7-1.png,1810.02100v1-figure4.7-1,figure 4.7: the comparison between the self-training approach and the baseline on different number of tokens per sentence.,line chart,True,2,closed-ended infinite answer set visual,what is the maximum y value of the dashdotted line in the left plot corresponding to the vertical axis on its left side?,,arxiv,['cs.cl'],scigraphqa,1810.02100,https://arxiv.org/pdf/1810.02100v1
e594406a584433fc7fb25d625dfab8ee,-0.015,-0.015,e594406a584433fc7fb25d625dfab8ee,-0.01,-0.01,1002.0773v1-figure7-1.png,1002.0773v1-figure7-1,"figure 7: mmi criterion on the training data during 100 iterations of extended baum-welch with lattice regeneration. the x-axis gives the extended baum-welch iteration, with x=0 being the mle.",line chart,False,1,closed-ended infinite answer set visual,what is the approximate value of the green line at x=50?,,arxiv,['cs.cl'],scigraphqa,1002.0773,https://arxiv.org/pdf/1002.0773v1
3f415a90f988fc5d7aaf60b7fc5a292f,75,75,3f415a90f988fc5d7aaf60b7fc5a292f,65,65,2006.06402v2-figure4-1.png,2006.06402v2-figure4-1,"figure 4: comparison between our model (solid lines) and attention-informed mixed training (att.) model (dashed lines). results with different β in (a) and (b) and different subset size of training data in (c) and (d). in (c) and (d), it’s worth that the dashline denotes att. performance with 100% training data and the solid line represents our model performance by varying the proportion training data size.",line chart,True,4,closed-ended infinite answer set visual,what is the value of the blue solid line for spanish in the bottom right graph at the x-axis value of 0.1?,,arxiv,['cs.cl'],scigraphqa,2006.06402,https://arxiv.org/pdf/2006.06402v2
13cac1f3b65ea08121de73ec5343adc3,0.68,0.68,13cac1f3b65ea08121de73ec5343adc3,25000,25000,1611.09921v2-figure3-1.png,1611.09921v2-figure3-1,figure 3: performances on the 20ng dataset.,"line chart,table",True,3,closed-ended infinite answer set visual,what is the value of the red circle at topk = 10 in the left subplot?,,arxiv,['cs.lg cs.cl cs.ir'],scigraphqa,1611.09921,https://arxiv.org/pdf/1611.09921v2
8c32493f22a28a65acee3f26533eacd6,42,42,8c32493f22a28a65acee3f26533eacd6,44,44,2002.11296v1-figure4-1.png,2002.11296v1-figure4-1,figure 4. effect of sorting iterations k on perplexity scores (lm1b).,line chart,False,1,closed-ended infinite answer set visual,what is the approximate value of the red line at 10 sort iterations?,,arxiv,['cs.lg cs.cl'],scigraphqa,2002.11296,https://arxiv.org/pdf/2002.11296v1
f45e2a1d0d7968f246b148d51f89e831,5,5,f45e2a1d0d7968f246b148d51f89e831,1,1,c00-1054.pdf-figure9.png,c00-1054.pdf-figure9,figure 9: projection of output tape of gestlang transducer,graph,False,1,closed-ended infinite answer set visual,what is the number inside the double-ringed circle?,,acl,nan,aclfig,c00-1054,https://aclanthology.org/c00-1054.pdf
07647e65070ed626b49692679ad6e7d3,θ,θ,07647e65070ed626b49692679ad6e7d3,r,r,d11-1135.pdf-figure1.png,d11-1135.pdf-figure1,"figure 1: rel-lda model. shaded circles are observations, and unshaded ones are hidden variables. a document consists of n tuples. each tuple has a set of features. each feature of a tuple is generated independently from a hidden relation variable r.",graph,False,1,closed-ended infinite answer set visual,what is the label of the top right circle in the figure?,,acl,nan,aclfig,d11-1135,https://aclanthology.org/d11-1135.pdf
d7a4806a0c643a1b966d246b30db3375,green,green,d7a4806a0c643a1b966d246b30db3375,dark green,dark green,2020.acl-main.493.pdf-figure9.png,2020.acl-main.493.pdf-figure9,"figure 9: syntactic difference vectors visualized after dimensionality reduction with pca, instead of t-sne, colored by ud dependency types. there are no significant trends evident.",scatter plot,False,1,closed-ended infinite answer set visual,what color are the dots representing 'det' dependencies?,,acl,nan,aclfig,2020.acl-main.493,https://aclanthology.org/2020.acl-main.493.pdf
2f2eed066c8c38ce04a29eae50d9313b,circular,circular,2f2eed066c8c38ce04a29eae50d9313b,circles,circles,1605.08889v2-figure4-1.png,1605.08889v2-figure4-1,figure 4: plot of total correct answers vs. irt scores.,scatter plot,False,1,closed-ended infinite answer set visual,what shape are the markers in the scatter plot?,,arxiv,['cs.cl'],scigraphqa,1605.08889,https://arxiv.org/pdf/1605.08889v2
4e858ec9ea9c734a37b92e451fa1625d,yes,yes,4e858ec9ea9c734a37b92e451fa1625d,no,no,2020.acl-main.343.pdf-figure4.png,2020.acl-main.343.pdf-figure4,"figure 4: visualization in unimodal representations. in each subfigure, red, green, and blue points represent the unimodal representations in text, audio, and video, respectively. the first row shows the learned representations from models with the multimodal task only. the second row shows the learned representations from multi-task models. the two subgraphs in the same column contrast each other",scatter plot,True,6,closed-ended infinite answer set visual,are the blue points in the plot labelled 'mtfn' closer together than the blue points in the plot labelled 'lmf'?,,acl,nan,aclfig,2020.acl-main.343,https://aclanthology.org/2020.acl-main.343.pdf
259f03dc231fb0233bce96060fd293dd,0.8,0.8,259f03dc231fb0233bce96060fd293dd,0.2,0.2,2020.acl-main.333.pdf-figure3.png,2020.acl-main.333.pdf-figure3,"figure 3: correlation between n-gram entropy and human ratings on the baseline dataset, ws dataset and ctg dataset.",scatter plot,True,9,closed-ended infinite answer set visual,what is the approximate y value of the left end of the red line in the bottom left subplot?,,acl,nan,aclfig,2020.acl-main.333,https://aclanthology.org/2020.acl-main.333.pdf
6f76248dec91a50a35c44bab2b3a983c,rectangular with rounded corners,rectangular with rounded corners,6f76248dec91a50a35c44bab2b3a983c,rectangle,rectangle,2020.acl-main.78.pdf-figure1.png,2020.acl-main.78.pdf-figure1,"figure 1: the framework of the proposed semiorc. denotes the matrix multiplication. in the training process, the predicted labels yi and observed labels yi are used to compute the classification loss for labeled data.",neural networks,False,1,closed-ended infinite answer set visual,"what is the shape of the box labeled ""classifier""?",,acl,nan,aclfig,2020.acl-main.78,https://aclanthology.org/2020.acl-main.78.pdf
3ceb7cec9703e36e4ce7de3caa56992c,samānakālikatvam,samānakālikatvam,3ceb7cec9703e36e4ce7de3caa56992c,bālakah,bālakah,w12-4701.pdf-figure8.png,w12-4701.pdf-figure8,figure 8: samanakalkatvam,tree,False,1,closed-ended infinite answer set visual,what is the word associated with the arrow pointing from the rightmost circle to the top circle left of it?,,acl,nan,aclfig,w12-4701,https://aclanthology.org/w12-4701.pdf
dfb2dbae564ea87be967012d6787e7ff,t[2],t[2],dfb2dbae564ea87be967012d6787e7ff,fundraiser,fundraiser,w12-4627.pdf-figure1.png,w12-4627.pdf-figure1,figure 1: tree set for some fundraiser,tree,False,1,closed-ended infinite answer set visual,what is the label of the node directly below the topmost node with label 't'?,,acl,nan,aclfig,w12-4627,https://aclanthology.org/w12-4627.pdf
80aebbd3edfa5c5c9d98f83cf4debe10,c,c,80aebbd3edfa5c5c9d98f83cf4debe10,b,b,w12-4705.pdf-figure1.png,w12-4705.pdf-figure1,figure 1: abstract example tree.,tree,False,1,closed-ended infinite answer set visual,what is the name of the node below and to the right of a?,,acl,nan,aclfig,w12-4705,https://aclanthology.org/w12-4705.pdf
7aaf3d4860f31027b1bcd920bbe7c39b,3,3,7aaf3d4860f31027b1bcd920bbe7c39b,three,three,o06-3004.pdf-figure2.png,o06-3004.pdf-figure2,figure 2. block diagram of a upr-lm lid system,architecture diagram,False,1,closed-ended infinite answer set visual,pictorial representations for how many language models in the form of rectangular boxes are visible in the diagram?,,acl,nan,aclfig,o06-3004,https://aclanthology.org/o06-3004.pdf
e00aa5dc9a9756a7cf40a1385309b124,0.05,0.05,e00aa5dc9a9756a7cf40a1385309b124,0.1,0.1,w13-4011.pdf-figure4.png,w13-4011.pdf-figure4,figure 4: distribution of the lexical items,bar chart,False,1,closed-ended infinite answer set visual,"what is the value of lower end of the longest bar in the stacked bar chart labelled ""cid_ll""?",,acl,nan,aclfig,w13-4011,https://aclanthology.org/w13-4011.pdf
65badbeddb0a474c521eecfcc63fa83f,rectangle,rectangle,65badbeddb0a474c521eecfcc63fa83f,square,square,w17-2401.pdf-figure3.png,w17-2401.pdf-figure3,figure 3: accuracy rate (from 0 to 1) in the pairwise classification using network features extracted from mesoscopic networks.,heat map,False,1,closed-ended infinite answer set visual,what geometric shape does the overall chart in figure 3 resemble?,,acl,nan,aclfig,w17-2401,https://aclanthology.org/w17-2401.pdf
4a6b4afd9f6a7071e3b5e2fa3b50cb03,3,3,4a6b4afd9f6a7071e3b5e2fa3b50cb03,14,14,s19-2111.pdf-figure5.png,s19-2111.pdf-figure5,"figure 5: sub-task b, had-tubingen lstm + preprocessing.",confusion matrix,False,1,closed-ended infinite answer set visual,what is the value represented by the darkest-colored cell in the confusion matrix shown in figure 5?,,acl,nan,aclfig,s19-2111,https://aclanthology.org/s19-2111.pdf
3d7ee91f16399797ab9c7fa9fc35f4f0,0.25,0.25,3d7ee91f16399797ab9c7fa9fc35f4f0,0.3,0.3,2020.acl-main.591.pdf-figure4.png,2020.acl-main.591.pdf-figure4,"figure 4: accuracy breakdown w.r.t. constituent height in unbiased trees derived from the syntactic task distances in our model (top) and the language modeling distances (bottom). a constituent is considered as correct if its boundaries correspond to a true constituent. the constituents heights are those in the predicted tree. since constituents that represent the whole sentence always have correct boundaries, they are excluded from the calculation.",bar chart,True,2,closed-ended infinite answer set visual,what is the approximate accuracy of the blue bar at constituent height 2 in the bottom graph?,,acl,nan,aclfig,2020.acl-main.591,https://aclanthology.org/2020.acl-main.591.pdf
65de7f6786f0c9d5528e5384bd92aa05,0.48,0.48,65de7f6786f0c9d5528e5384bd92aa05,0.5,0.5,2020.acl-main.219.pdf-figure4.png,2020.acl-main.219.pdf-figure4,"figure 4: human evaluations on image-chat. engagingness win rates of pairwise comparisons between human utterances and transresnetret (resnet152 or resnext-ig-3.5b) or transresnetgen , comparing over the rounds of dialogue.",bar chart,False,1,closed-ended infinite answer set visual,what is the height of the red bar at the second round of comparison position?,,acl,nan,aclfig,2020.acl-main.219,https://aclanthology.org/2020.acl-main.219.pdf
