instance_id,answer_pred_bespoke,answer_pred_str_bespoke,answer_pred_qwen,answer_pred_str_qwen,image_file,figure_id,caption,figure_type,compound,figs_numb,qa_pair_type,question,answer_options,venue,categories,source_dataset,paper_id,pdf_url
c4fed97546e2280f2e1932d4df5aa8bc,yes,0.6,0.63,0.63,1708.01425v4-Figure3-1.png,1708.01425v4-Figure3-1,"Figure 3: Cohen’s κ agreement for stance annotation on 98 comments. As a trade-off between reducing costs (i.e., discarding fewer instances) and increasing reliability, we chose 5 annotators and a threshold of 0.95 for this task, which resulted in κ = 0.58 (moderate to substantial agreement).",line chart,False,1,closed-ended infinite answer set visual,What is the Cohen's Kappa value for the black solid line with triangles at its highest triangle?,[],arxiv,['cs.CL cs.AI'],scigraphqa,1708.01425,https://arxiv.org/pdf/1708.01425v4
8798887b79cacaeeef9e562501d9a338,yes,16.5,17.5,17.5,1201.5484v2-Figure7-1.png,1201.5484v2-Figure7-1,Fig. 7. Average number of discussions (threads) initiated by websites (squares) and users (circles) that have received a specific average emotional response. All threads with a threshold Ncomments ≥ 8.,line chart,False,1,closed-ended infinite answer set visual,What is the average number of threads for the green circle with average emotional response of 0?,[],arxiv,['physics.soc-ph cs.CL cs.SI physics.data-an'],scigraphqa,1201.5484,https://arxiv.org/pdf/1201.5484v2
b6400a3a78885aaf601fa23db9b6679d,yes,1000,5100,5100,1711.03736v1-Figure3-1.png,1711.03736v1-Figure3-1,Figure 3: Evaluation of perplexity variation during the training on MR dataset,line chart,True,3,closed-ended infinite answer set visual,What is the approximate perplexity value of the red line in the third plot at iteration 100?,[],arxiv,['cs.CL cs.IR cs.LG'],scigraphqa,1711.03736,https://arxiv.org/pdf/1711.03736v1
911ded09d70fa146e1cb91016a341c77,yes,-4,-3.5,-3.5,2020.acl-main.36.pdf-Figure1.png,2020.acl-main.36.pdf-Figure1,"Figure 1: (a) The convergence speed of the encoder and the decoder. (b) The performance when adding noise to the encoder input, encoder output and decoder input in the inference stage of a basic NAT model.",line chart,True,2,closed-ended infinite answer set visual,"In the bottom plot, at a noise ratio of 4%, what is the approximate change in BLEU score for the red line representing the encoder input?",[],acl,nan,aclfig,2020.acl-main.36,https://aclanthology.org/2020.acl-main.36.pdf
7c7da65e03fb8156bde47f98c056b2fe,yes,69.18%,0.75,0.75,1904.05542v1-Figure5-1.png,1904.05542v1-Figure5-1,"Figure 5: Nearest neighbor translation accuracy as a function of (log) parallel corpus size. (sent) to sentence-level mapping, and (dict) refers to the baseline (using a static dictionary for mapping). The legend shows the average accuracies of each model using 1M parallel sentences.",line chart,True,6,closed-ended infinite answer set visual,What is the accuracy of the green line at 1M parallel sentences for the second subplot on the left?,[],arxiv,['cs.CL'],scigraphqa,1904.05542,https://arxiv.org/pdf/1904.05542v1
3796989767c48d01f46310aabee7d155,yes,0.35,0.5,0.5,1908.06177v2-Figure5-1.png,1908.06177v2-Figure5-1,"Figure 5: Systematic generalization performance of different models when trained on clauses of length k = 2, 3 (Left) and k = 2, 3, 4 (Right).",line chart,True,2,closed-ended infinite answer set visual,What is the accuracy of the green line at relation length 9 in rightmost plot?,[],arxiv,['cs.LG cs.CL cs.LO stat.ML'],scigraphqa,1908.06177,https://arxiv.org/pdf/1908.06177v2
442a68ee1ffceef6fd844828f8af8211,yes,0.74,0.745,0.745,1609.07033v1-Figure5-1.png,1609.07033v1-Figure5-1,Figure 5: Comparison of performance obtained by text segmentation algorithms: Bayesian segmentation (BayesSeg) and LCSeg. “Default” setting does not require the number of segments to be explicitly stated when computing segment boundaries using LCSeg.,line chart,False,1,closed-ended infinite answer set visual,What is the value of the orange line at 10 segments?,[],arxiv,['cs.CL'],scigraphqa,1609.07033,https://arxiv.org/pdf/1609.07033v1
75cca6d6141a06d536bc15e4b0977404,yes,11.3,10.5,10.5,1809.00125v2-Figure3-1.png,1809.00125v2-Figure3-1,Figure 3: English-Turkish BLEU over training set size.,line chart,False,1,closed-ended infinite answer set visual,What is the value of the dashed line at 117.5 on the x-axis?,[],arxiv,['cs.CL'],scigraphqa,1809.00125,https://arxiv.org/pdf/1809.00125v2
8b552689a61fe9e0fa1cc3e7449c54fc,yes,0.05,0.3,0.3,1912.07421v1-Figure2-1.png,1912.07421v1-Figure2-1,Fig. 2. Accuracies and losses of CNN submodels,line chart,True,4,closed-ended infinite answer set visual,"What is the value of the validation loss for purple line at epoch 5, in right bottom plot?",[],arxiv,['cs.CL cs.AI cs.CY'],scigraphqa,1912.07421,https://arxiv.org/pdf/1912.07421v1
863a8dc05e538ee7358d84489353c6a1,yes,28.5,27.5,27.5,1909.12375v1-Figure1-1.png,1909.12375v1-Figure1-1,"Figure 1: Test performance (accuracy) in the FGET task for different segmentation methods in data scarcity simulation experiments across 4 languages representing 4 broad morphological types, averaged over 5 runs. Some data points with Chinese (ZH) are not shown as in those cases the subword model is reduced to single characters only.",line chart,True,12,closed-ended infinite answer set visual,"In the bottom left plot, what is the value of the red line at the WE training size of 10^5?",[],arxiv,['cs.CL'],scigraphqa,1909.12375,https://arxiv.org/pdf/1909.12375v1
2e15144a7bbae94c00877ce9e28b4c20,yes,35%,30,30,1801.04354v5-Figure8-1.png,1801.04354v5-Figure8-1,Figure 8: Comparing different token transformer strategies: Each curve represents the result of attacking the model with one transformer functions. XAxis: Maximum edit distance difference Y-Axis: Model accuracy,line chart,False,1,closed-ended infinite answer set visual,What is the accuracy of the pink line transformer strategy when the edit distance is 20?,[],arxiv,['cs.CL cs.CR cs.IR cs.LG'],scigraphqa,1801.04354,https://arxiv.org/pdf/1801.04354v5
68521af5c11f8f28a31dba2cc65214b3,yes,0.04,0.035,0.035,1709.00659v2-Figure2-1.png,1709.00659v2-Figure2-1,Figure 2: Visualization of hidden representation of a LOC entity word “Rangoon” and weight parameters corresponding to true and false tags.,line chart,False,1,closed-ended infinite answer set visual,What is the approximate value of the green dotted line at a hidden layer dimension of 10?,[],arxiv,['cs.CL'],scigraphqa,1709.00659,https://arxiv.org/pdf/1709.00659v2
1eb67d078d61762ebb11fc6c5b7a5531,yes,0.825,0.83,0.83,1709.09373v1-Figure6-1.png,1709.09373v1-Figure6-1,Figure 6: MI and SI - 25 topics 10 years window size,line chart,True,2,closed-ended infinite answer set visual,"In the top plot, what is the approximate value of the red line in the years 1940-1960",[],arxiv,['cs.CL econ.GN q-fin.EC'],scigraphqa,1709.09373,https://arxiv.org/pdf/1709.09373v1
6ddc5ecfacf6f67b4b2b2e6ddb3d48ce,yes,6.8,7,7,2005.08053v1-Figure4-1.png,2005.08053v1-Figure4-1,"Figure 4: Clean spectrograms (a), partially noise-corrupted spectrum(b), and the predicted frame-level scores obtained using LC ATT (c), L ATT (d), and Baseline1 (e).",line chart,True,5,closed-ended infinite answer set visual,What is the value of the blue line labeled (c) at the x-axis position 150?,[],arxiv,['eess.AS cs.CL cs.SD'],scigraphqa,2005.08053,https://arxiv.org/pdf/2005.08053v1
cfc0be4eb651ffb9376ad254a6579707,yes,0.75,0.68,0.68,2020.acl-main.31.pdf-Figure2.png,2020.acl-main.31.pdf-Figure2,"Figure 2: Test performance and gain with different percent of training data ranging from 0.005 to 1 on MR. The less data in training, the more new words in test.",line chart,False,1,closed-ended infinite answer set visual,What is the approximate accuracy of blue solid line with crosses when the training percentage is 0.2?,[],acl,nan,aclfig,2020.acl-main.31,https://aclanthology.org/2020.acl-main.31.pdf
c7fc75ab3b2603696d1d17fc0b837029,yes,1.365,0.2,0.2,2002.11848v1-Figure7-1.png,2002.11848v1-Figure7-1,Figure 7: Diverse beam search. Curve colors correspond to results with decoding an XE-trained model with different temperatures; each curve tracks varying λ in DBS.,line chart,True,2,closed-ended infinite answer set visual,"In the top plot, what is the Oracle CIDEr value of the red line with a self-CIDEr of 0.70? ",[],arxiv,['cs.CL cs.CV'],scigraphqa,2002.11848,https://arxiv.org/pdf/2002.11848v1
f0f27528ade05e00a541abd811f79c49,yes,0.96,0.964,0.964,1703.01619v1-Figure9-1.png,1703.01619v1-Figure9-1,Figure 9: Types of non-linearities.,line chart,True,3,closed-ended infinite answer set visual,What is the value of the blue line at x = 2 for the second plot labelled 'tanh(x)'?,[],arxiv,['cs.CL cs.LG stat.ML'],scigraphqa,1703.01619,https://arxiv.org/pdf/1703.01619v1
70f7fcf6f2b5161453417741382a412e,yes,4.2,4.4,4.4,1911.07013v1-Figure2-1.png,1911.07013v1-Figure2-1,Figure 2: Convergence curves of LayerNorm-simple and DetachNorm on two translation datasets.,line chart,True,2,closed-ended infinite answer set visual,What is the approximate value of the red line in the leftmost plot at epoch 10?,[],arxiv,['cs.LG cs.CL stat.ML'],scigraphqa,1911.07013,https://arxiv.org/pdf/1911.07013v1
2218cb9ff4bbba050b5f033f0009a635,yes,b,o,o,1103.2950v1-Figure6-1.png,1103.2950v1-Figure6-1,"Figure 6: Fitting errors (residual, deviance), y(r) − f(r), of the ten functions used in Fig.4 for Mexican presidents’ speech to congress.",line chart,True,9,closed-ended infinite answer set visual,"In the second rightmost plot, what is the label of the black dot with the highest score?",[],arxiv,['cs.CL'],scigraphqa,1103.2950,https://arxiv.org/pdf/1103.2950v1
ee49e8e79aed4b4a78ef868e3e83aa2b,yes,15,17.5,17.5,1808.10128v1-Figure2-1.png,1808.10128v1-Figure2-1,Fig. 2. MCD results by increasing the amount of paired data.,line chart,False,1,closed-ended infinite answer set visual,What is the value of MCD on the evaluation set for the blue line when the amount of training data is 1 shard?,[],arxiv,['cs.CL cs.LG cs.SD eess.AS'],scigraphqa,1808.10128,https://arxiv.org/pdf/1808.10128v1
78e6e93fe109fc0aae3e3c43f15c9b4a,yes,75%,85,85,2001.01000v1-Figure17-1.png,2001.01000v1-Figure17-1,"Fig. 17. Evolution of the identification rate as a function of α and β, when the first and second eigenresiduals (µ1(n) and µ2(n)) are combined according to Equations (5) and (6).",line chart,True,2,closed-ended infinite answer set visual,"In the leftmost plot, what is the approximate identification rate of the black line when Alpha is 0.8?",[],arxiv,['cs.SD cs.CL eess.AS'],scigraphqa,2001.01000,https://arxiv.org/pdf/2001.01000v1
bb41911548c513591c940b2cc42b95c7,yes,18,17,17,2001.04619v1-Figure7-1.png,2001.04619v1-Figure7-1,"Fig. 7. Character Error Rate (CER) as a function of SNR, including custom model.",line chart,False,1,closed-ended infinite answer set visual,What is the CER value of the black line with black circles when the average SNR is 10 dB?,[],arxiv,['eess.AS cs.CL cs.SD'],scigraphqa,2001.04619,https://arxiv.org/pdf/2001.04619v1
a105a119fce8529e782cda59c4d5f826,yes,0.47,0.48,0.48,2004.06188v4-Figure5-1.png,2004.06188v4-Figure5-1,"Figure 5: Mean anger, fear, sadness, and joy by grade and gender, as well as model-implied trends.",line chart,True,4,closed-ended infinite answer set visual,What is the approximate value of the orange square at grade 10 for the bottom right plot?,[],arxiv,['cs.CL'],scigraphqa,2004.06188,https://arxiv.org/pdf/2004.06188v4
8b695cdb3b8bd525472d691ab6121890,yes,200000,125000,125000,2010.02069v2-FigureC.2-1.png,2010.02069v2-FigureC.2-1,Figure C.2: Progression of the average GDL of the induced grammars (V 27L10) compared to the baseline grammar of one production rule for each message.,line chart,False,1,closed-ended infinite answer set visual,What is the value of the orange line at N = 4000?,[],arxiv,['cs.CL cs.AI'],scigraphqa,2010.02069,https://arxiv.org/pdf/2010.02069v2
193a004575fb6c2370b82adc00959575,yes,100,500,500,2008.02096v1-Figure1-1.png,2008.02096v1-Figure1-1,Figure 1: Rank-specificity distribution of threshold concepts based on lemma (s-specificity) and compounding frequencies (c-specificity).,line chart,False,1,closed-ended infinite answer set visual,What is the approximate frequency value of the red line at rank 10?,[],arxiv,['cs.CL'],scigraphqa,2008.02096,https://arxiv.org/pdf/2008.02096v1
123517c8eae2395983dc170ec6671748,yes,0.020,0.015,0.015,1210.8436v1-Figure1-1.png,1210.8436v1-Figure1-1,"Fig. 1. Aggregate OoV Rate as a Function of Vocabulary Size (log-scale), Evaluated on a Range of Test Sets Collected every Tuesday between 2011/10/11-2012/01/03.",line chart,False,1,closed-ended infinite answer set visual,What is the value on the y-axis for the blue dashed line with stars at a vocabulary size of 1e+06?,[],arxiv,['cs.CL cs.IR'],scigraphqa,1210.8436,https://arxiv.org/pdf/1210.8436v1
0f37fb36ddc310aaff2a05d2a0b2b017,yes,0.65,0.8,0.8,1910.08210v5-Figure11-1.png,1910.08210v5-Figure11-1,"Figure 11: Learning curve while transferring to the development environments. Win rates of individual runs are shown in light colours. Average win rates are shown in bold, dark lines.",line chart,True,3,closed-ended infinite answer set visual,What is the approximate value of the win rate of the red line at 3 x 10^7 frames in the middle subplot?,[],arxiv,['cs.CL cs.AI cs.LG'],scigraphqa,1910.08210,https://arxiv.org/pdf/1910.08210v5
4e702e3edeb6145d182e79914d6a8e50,yes,89.03,84.52,84.52,1808.09367v1-Figure7-1.png,1808.09367v1-Figure7-1,"Figure 7: Learning curve of an attention-based classifier on three tasks: hotel location (left), hotel cleanliness (center), hotel service (right). The performance of our approach trained on 200 examples with human rationales is shown as a reference.",Scatter Plot,True,3,closed-ended infinite answer set visual,What is the value of the horizontal red dashed line in the rightmost plot?,[],arxiv,['cs.CL'],scigraphqa,1808.09367,https://arxiv.org/pdf/1808.09367v1
f26616c7ffbf98c45b6b71d75d2f6201,yes,0 to 10000,2500 to 8500,2500 to 8500,1911.11756v1-Figure2-1.png,1911.11756v1-Figure2-1,Fig. 2: The schedule of w(t) with max value 10. We use the same scheduling function as in [3].,line chart,True,2,closed-ended infinite answer set visual,What is the range of the x-axis values on the leftmost plot when the w(t)=10?,[],arxiv,['cs.LG cs.CL stat.ML'],scigraphqa,1911.11756,https://arxiv.org/pdf/1911.11756v1
d18d72143a29bbf50879e1efd606ad72,yes,32.7,32.5,32.5,2003.13027v1-Figure4-1.png,2003.13027v1-Figure4-1,Figure 4: Effect of the window size on ROUGE-1,line chart,False,1,closed-ended infinite answer set visual,What is the ROUGE-1 score for the blue line at window size of 11?,[],arxiv,['cs.CL cs.LG'],scigraphqa,2003.13027,https://arxiv.org/pdf/2003.13027v1
6932c0e3f1231170a5f4395577aba7ac,yes,390,437,437,1810.06645v1-Figure1-1.png,1810.06645v1-Figure1-1,Fig. 1. Sentiment polarity probability difference between male and female.,line chart,False,1,closed-ended infinite answer set visual,What is the maximum number of people with a sentiment polarity probability of 0.5 for the gray line with circles?,[],arxiv,['cs.CL cs.AI'],scigraphqa,1810.06645,https://arxiv.org/pdf/1810.06645v1
5275c12ea5bbdf1274909b8a28a6ec59,yes,0.57,0.5,0.5,1809.00129v1-Figure2-1.png,1809.00129v1-Figure2-1,Figure 2: Effect of the dropout rate during training.,line chart,False,1,closed-ended infinite answer set visual,What is the value of the orange line at the iteration 2000?,[],arxiv,['cs.CL'],scigraphqa,1809.00129,https://arxiv.org/pdf/1809.00129v1
fcc6692c6b6ed74524e69df0cb8dcb5e,yes,88.5,89,89,2005.10213v1-Figure1-1.png,2005.10213v1-Figure1-1,Figure 1: Development set accuracy for 5 languages on morphological inflection with different batch sizes. We evince our two primary contributions: (1) we set the new state of the art morphological inflection using the transformer and (2) we demonstrate the transformer’s dependence on the batch size.,line chart,False,1,closed-ended infinite answer set visual,What is the accuracy of the green line with stars at a batch size of 128?,[],arxiv,['cs.CL'],scigraphqa,2005.10213,https://arxiv.org/pdf/2005.10213v1
e57df286ff7159b9ca8eac52a9fac8f0,yes,0.00067,0.00065,0.00065,1606.07287v1-Figure4-1.png,1606.07287v1-Figure4-1,"Figure 4: Validation loss for Lv and Lt, optimizing on a linear combination of losses (blue) or using two optimizers with stochastic loss selection (SL, red).",line chart,True,2,closed-ended infinite answer set visual,What is the approximate value of the red line in the bottom plot  at 5000 iterations?,[],arxiv,['cs.IR cs.CL cs.CV cs.NE'],scigraphqa,1606.07287,https://arxiv.org/pdf/1606.07287v1
29e228a68a6d1ce3e0e6ff64ab868898,yes,95,50,50,1805.01070v2-Figure1-1.png,1805.01070v2-Figure1-1,"Figure 1: Probing task scores after each training epoch, for NMT and SkipThought. We also report training score evolution: BLEU for NMT; perplexity (PPL) for SkipThought.",line chart,True,4,closed-ended infinite answer set visual,What is the maximum value of the green line in the top left panel?,[],arxiv,['cs.CL'],scigraphqa,1805.01070,https://arxiv.org/pdf/1805.01070v2
d7d0cb1141ea1e96cd307e64ef977f3e,yes,25,10%,10%,1904.13258v1-Figure1-1.png,1904.13258v1-Figure1-1,Fig. 1. The NIST STT Benchmark Test History - May’09 [7],line chart,False,1,closed-ended infinite answer set visual,What is the approximate WER (%) of the green line in 1991?,[],arxiv,['cs.CL cs.SD eess.AS'],scigraphqa,1904.13258,https://arxiv.org/pdf/1904.13258v1
59bee5b916691eefdc5000563d681f6e,yes,0.65,0.15,0.15,1910.08534v1-Figure15-1.png,1910.08534v1-Figure15-1,"Figure 15: Similarity comparison vs. type-token ratio. The higher the type-token ratio, the more similar the important features are. The positive correlation becomes stronger as k grows. In some cases, e.g., LIME method on deception dataset, correlation becomes weaker as k grows.",line chart,True,6,closed-ended infinite answer set visual,"In the leftmost plot, what is the green dashed line with crosses with number of important features = 10?",[],arxiv,['cs.CL cs.CY cs.HC cs.LG'],scigraphqa,1910.08534,https://arxiv.org/pdf/1910.08534v1
3e16cb9e65ade64053e7f6f8a1d00379,yes,0,0.05,0.05,2005.00048v1-Figure4-1.png,2005.00048v1-Figure4-1,Figure 4: Training & validation performance,line chart,False,1,closed-ended infinite answer set visual,What is the approximate value of the red line at 45 epochs?,[],arxiv,['cs.CL cs.LG'],scigraphqa,2005.00048,https://arxiv.org/pdf/2005.00048v1
9b98d4d529331192ec6458bd5539ff6b,yes,40,39,39,1609.06686v1-Figure2-1.png,1609.06686v1-Figure2-1,Figure 2: F1 scores on Emails dataset Figure 3: F1 scores on Blogs dataset,line chart,True,2,closed-ended infinite answer set visual,What is the F1 score of the green line in the right figure when the number of authors is 1000?,[],arxiv,['cs.CL cs.LG'],scigraphqa,1609.06686,https://arxiv.org/pdf/1609.06686v1
a759afa9ee3a18911f9b68ade4d315e1,yes,60,59,59,1702.06216v2-Figure1-1.png,1702.06216v2-Figure1-1,"Fig. 1. Training curves, stopping points, and mean stopping point for the Random models",line chart,False,1,closed-ended infinite answer set visual,What is the value of the training data size (percentage of total data) at the vertical red line?,[],arxiv,['cs.CL cs.IR cs.LG stat.ML'],scigraphqa,1702.06216,https://arxiv.org/pdf/1702.06216v2
fb20a8d4c6837cb59f43de2451ff761f,yes,dark blue/black,Blue,blue,1704.07050v2-Figure3-1.png,1704.07050v2-Figure3-1,Figure 3: Precision-Recall Curves for Spanish-English. Baseline denotes state of the art performance.,line chart,False,1,closed-ended infinite answer set visual,What is the color of the line representing the baseline performance?,[],arxiv,['cs.CL cs.LG stat.ML'],scigraphqa,1704.07050,https://arxiv.org/pdf/1704.07050v2
2f9bb13a115c338e0b9271382887aa52,yes,0.95,0.97,0.97,2002.10375v2-Figure2-1.png,2002.10375v2-Figure2-1,Figure 2. Accuracy of two discriminators: one is given access to the source context x while the other is not. The x-axis corresponds to the length of the discriminated sub-sequences.,line chart,False,1,closed-ended infinite answer set visual,What is the classification accuracy of the orange line at t=100?,[],arxiv,['cs.CL cs.LG'],scigraphqa,2002.10375,https://arxiv.org/pdf/2002.10375v2
ac89d97c9df115b3f1b1f6f255dfc6e2,yes,1200,1000,1000,1912.02114v1-Figure7-1.png,1912.02114v1-Figure7-1,Figure 7: Index size for varying vertices and keywords,line chart,True,2,closed-ended infinite answer set visual,"What is the size of the blue line when the number of keywords is 500, in the rightmost plot?",[],arxiv,['cs.SI cs.CL'],scigraphqa,1912.02114,https://arxiv.org/pdf/1912.02114v1
25a68cf49a395fe80dbb74522a524478,yes,130,150,150,1704.02565v2-Figure17-1.png,1704.02565v2-Figure17-1,"Figure 17: English question-answer interview sequence extracted from Aix-Marsec corpus, item J0104G (male voices).",line chart,True,3,closed-ended infinite answer set visual,What is the approximate value of the black line at 200 on the x-axis in the bottom plot?,[],arxiv,['cs.CL'],scigraphqa,1704.02565,https://arxiv.org/pdf/1704.02565v2
92acf589c9f76e76bb5cd9cc13eef9ab,yes,0.37,0.38,0.38,2009.13826v1-Figure6-1.png,2009.13826v1-Figure6-1,Figure 6: Blogcatalog classify result1,line chart,True,2,closed-ended infinite answer set visual,What is the maximum value reached by the blue line on the right plot?,[],arxiv,['cs.LG cs.CL stat.ML'],scigraphqa,2009.13826,https://arxiv.org/pdf/2009.13826v1
3370ae4d9deb43d2842cfeb7a0df8737,yes,0.90,0.875,0.875,1702.02052v1-Figure3-1.png,1702.02052v1-Figure3-1,Figure 3: Accuracy of the teacher’s predictions on the top n target domain examples with the highest MCD value for the K->D domain pair.,line chart,False,1,closed-ended infinite answer set visual,What is the value of the accuracy at the top 1000 examples with highest MCD for the blue line?,[],arxiv,['cs.CL cs.LG'],scigraphqa,1702.02052,https://arxiv.org/pdf/1702.02052v1
fb8fd21e97d3d4596c9d323efd1e6003,yes,0.9,0.82,0.82,1912.13283v2-Figure4-1.png,1912.13283v2-Figure4-1,Figure 4: Learning curves in two tasks. For each task the best performing LM is shown alongside the NO LANG. control and baseline model. (A) is the correct answer.,line chart,True,2,closed-ended infinite answer set visual,What is the highest value the red dashed line reaches in the left graph?,[],arxiv,['cs.CL cs.AI cs.LG'],scigraphqa,1912.13283,https://arxiv.org/pdf/1912.13283v2
2618a20734e05bb3f042f6d987bc1ab6,yes,fk,f_k,f_k,D13-1004.pdf-Figure1.png,D13-1004.pdf-Figure1,"Figure 1: Plate diagram depicting the morphology model (adapted from Goldwater et al. (2006)). Hyperparameters have been omitted for clarity. The left-hand plate depicts the base distribution P0; note that the morphological analyses lk are generated deterministically as (tk,sk, fk). The observed words wi are also deterministic given zi = k and lk, since wi = sk fk.",graph,False,1,closed-ended infinite answer set visual,What is the label of the circle directly below the circle labeled 'tk'?,[],acl,nan,aclfig,D13-1004,https://aclanthology.org/D13-1004.pdf
5b54f20d1986be9efb87a57747a5c0e2,yes,s15,s18,s18,C08-1126.pdf-Figure3.png,C08-1126.pdf-Figure3,Figure 3: A path through the wordnet.,graph,False,1,closed-ended infinite answer set visual,Which node is connected to 's17' by a thick arrow pointing towards 's17'?,[],acl,nan,aclfig,C08-1126,https://aclanthology.org/C08-1126.pdf
0075480edd984cf2e482dedef721d31f,yes,q1,q2,q2,D18-1152.pdf-Figure3.png,D18-1152.pdf-Figure3,Figure 3: WFSA D1 discussed in 4.3. Two initial states q1 and q4 are used here.,graph,False,1,closed-ended infinite answer set visual,What is the name of the state that is double circled?,[],acl,nan,aclfig,D18-1152,https://aclanthology.org/D18-1152.pdf
ce061d412f9262f6b76571203899ad0d,yes,97.5,95.5,95.5,1606.03676v2-Figure1-1.png,1606.03676v2-Figure1-1,Figure 1: Graphical visualisation of the overall tagging accuracies for all four types of enriched models. Detailed results are given in Table 4. Languages are sorted by increasing MElt’s overall tagging scores.,scatter plot,False,1,closed-ended infinite answer set visual,What is the overall accuracy of the black circle marker for the language 'es'?,[],arxiv,['cs.CL'],scigraphqa,1606.03676,https://arxiv.org/pdf/1606.03676v2
cc75d00063bc1bfade70e7b55e918a16,yes,light blue,light green,light green,1903.10963v1-Figure11-1.png,1903.10963v1-Figure11-1,"Figure 11: Estimated Best 2-hop Circuit If the error rates on the two edges are balanced, circuit C will be the best choice. More often on Tokyo, B or D is best.",Other,False,1,closed-ended infinite answer set visual,What is the color of the circuit located in the upper left part of the figure?,[],arxiv,['quant-ph cs.CL'],scigraphqa,1903.10963,https://arxiv.org/pdf/1903.10963v1
0eb68c8f7546382e580e2fc04453c35e,yes,blue,light blue,light blue,N18-1057.pdf-Figure1.png,N18-1057.pdf-Figure1,"Figure 1: Overview of method. We first train a noise model on a seed corpus, then apply noise during decoding to synthesize data that is in turn used to train the denoising model.",neural networks,False,1,closed-ended infinite answer set visual,What is the color of the box labeled 'Denoise'?,[],acl,nan,aclfig,N18-1057,https://aclanthology.org/N18-1057.pdf
ae091e6dd7d79b5c587a5a81239e67b3,yes,left to right,from left to right,from left to right,2020.acl-main.97.pdf-Figure2.png,2020.acl-main.97.pdf-Figure2,"Figure 2: Overview of DTE. DTE consists of two parts: tree comment network (the left) and decision tree model (the right), which is used to evaluate the credibility of each node in the tree comment network for discovering evidence.",Tree,True,2,closed-ended infinite answer set visual,What is the direction of the blue dashed line connecting the tree comment network and the decision tree model?,[],acl,nan,aclfig,2020.acl-main.97,https://aclanthology.org/2020.acl-main.97.pdf
48ace3aa7a75cda0a5e048382b385aa4,yes,pūrvakālikatvam,pūrvakālkatvam (precedence),pūrvakālkatvam (precedence),W12-4701.pdf-Figure6.png,W12-4701.pdf-Figure6,Figure 6: Purvakalkatvam,tree,False,1,closed-ended infinite answer set visual,What is the word above the black solid arrow labeled 'karma (goal)'?,[],acl,nan,aclfig,W12-4701,https://aclanthology.org/W12-4701.pdf
6ada254e06347c4a7d299fca0ba90f30,yes,blue,black,black,Y18-1063.pdf-Figure6.png,Y18-1063.pdf-Figure6,Figure 6: Rule #3 diagram and example,tree,False,1,closed-ended infinite answer set visual,What color is the arrow connecting C2 V2 C2 and C1 V1 C1?,[],acl,nan,aclfig,Y18-1063,https://aclanthology.org/Y18-1063.pdf
3ec8a9a1978e208c526a5681384f4f97,yes,5,6,6,2020.acl-main.67.pdf-Figure2.png,2020.acl-main.67.pdf-Figure2,Figure 2: Neighborhood information in different orders.,Graph,False,1,closed-ended infinite answer set visual,How many circles are directly connected to the pink circle?,[],acl,nan,aclfig,2020.acl-main.67,https://aclanthology.org/2020.acl-main.67.pdf
3e20706533e3e91b41bbbc3198ee146b,yes,red,black,black,W12-4701.pdf-Figure5.png,W12-4701.pdf-Figure5,Figure 5: Yadi Tarhi,tree,False,1,closed-ended infinite answer set visual,What is the color of the label agent?,[],acl,nan,aclfig,W12-4701,https://aclanthology.org/W12-4701.pdf
cb2fca379be8a5bb76a3ecc318061d7f,yes,3,1,1,W16-2206.pdf-Figure4.png,W16-2206.pdf-Figure4,Figure 4: A translation example produced by our system. The shown German sentence is preordered.,confusion matrix,False,1,closed-ended infinite answer set visual,How many gray squares are in viele colum?,[],acl,nan,aclfig,W16-2206,https://aclanthology.org/W16-2206.pdf
c9dae24e36df557b8b8fbed99d7b827c,yes,light red/orange,Dark red,dark red,W19-5211.pdf-Figure16.png,W19-5211.pdf-Figure16,Figure 16: POS-based classification accuracy on states from the ENDE encoder.,confusion matrix,False,1,closed-ended infinite answer set visual,What is the color of the square with the accuracy for layer 1 for NOUNS?,[],acl,nan,aclfig,W19-5211,https://aclanthology.org/W19-5211.pdf
b1493e547271200c94111044cc80c57c,yes,dark blue,blue,blue,U15-1009.pdf-Figure2.png,U15-1009.pdf-Figure2,Figure 2: Motifs in 300-dimension Lex plot of Domestic violence report,confusion matrix,False,1,closed-ended infinite answer set visual,What is the color of the majority of squares in the figure?,[],acl,nan,aclfig,U15-1009,https://aclanthology.org/U15-1009.pdf
001cb474e5cf3f2f256d949ace4f1884,yes,78,75,75,2020.acl-main.622.pdf-Figure3.png,2020.acl-main.622.pdf-Figure3,Figure 3: Performance on the development set of the CoNLL-2012 dataset with various number of speakers. F1(Speaker as feature): F1 score for the strategy that treats speaker information as a mention-pair feature. F1(Speaker as input): F1 score for our strategy that treats speaker names as token input. Frequency: percentage of documents with specific number of speakers.,bar chart,False,1,closed-ended infinite answer set visual,"What is the F1 score when the number of speakers is 2, as indicated by the height of the blue bar?",[],acl,nan,aclfig,2020.acl-main.622,https://aclanthology.org/2020.acl-main.622.pdf
dd0ac1989256dd0dffe1ba2009c1d184,yes,0.075,0.08,0.08,2007.sigdial-1.12.pdf-Figure7.png,2007.sigdial-1.12.pdf-Figure7,Figure 7. ROC Area for n*-best and other n-best methods (n* is represented as n=0),bar chart,False,1,closed-ended infinite answer set visual,What is the approximate height of the black bar at n=0?,[],acl,nan,aclfig,2007.sigdial-1.12,https://aclanthology.org/2007.sigdial-1.12.pdf
15bac73e7fba11600a41b0edae6dfdf7,yes,3.2,3,3,2019.ccnlg-1.1.pdf-Figure13.png,2019.ccnlg-1.1.pdf-Figure13,Figure 13: Unpredictability (surprise) scores for each game. Error bars indicate one standard deviation.,bar chart,True,2,closed-ended infinite answer set visual,What is the value of the score for the game represented by the third bar from the left?,[],acl,nan,aclfig,2019.ccnlg-1.1,https://aclanthology.org/2019.ccnlg-1.1.pdf
c45be9cb80192ab5000391578f69fbe6,yes,42,36,36,1802.07420v2-Figure3-1.png,1802.07420v2-Figure3-1,Fig. 3. Cross-lingual training of Kurmanji and Swahili systems.,line chart,True,2,closed-ended infinite answer set visual,What is the phoneme error rate of the red line when trained on 50% of the data in the right graph?,[],arxiv,['cs.CL cs.SD eess.AS'],scigraphqa,1802.07420,https://arxiv.org/pdf/1802.07420v2
a84216e1293ca60d94c4f8fbe34806da,yes,60%,60,60,1803.11138v1-Figure3-1.png,1803.11138v1-Figure3-1,Figure 3: Linzen’s attractor set. Our LM-trained LSTM (blue; “median” model) compared to their LSTM with explicit number supervision (green) and their best LM-trained LSTM (red).,line chart,False,1,closed-ended infinite answer set visual,What is the accuracy of the red line when there are 4 attractors?,[],arxiv,['cs.CL'],scigraphqa,1803.11138,https://arxiv.org/pdf/1803.11138v1
a4ffa7e6f72eac9a2acc4c66b21d2d9f,yes,0.20,0.22,0.22,2020.acl-main.94.pdf-Figure5.png,2020.acl-main.94.pdf-Figure5,Figure 5: BLI performance for each PoS in the different domain setting.,line chart,True,4,closed-ended infinite answer set visual,What is the approximate BLI (mrr) value for the green dashed line at a window size of 10 for the VERB plot?,[],acl,nan,aclfig,2020.acl-main.94,https://aclanthology.org/2020.acl-main.94.pdf
d7050de865d22dcdb18db9e278191d5e,yes,35%,68,68,1701.08340v2-Figure3-1.png,1701.08340v2-Figure3-1,Figure 3: Effect of using different corpora in with different comparability degree,line chart,False,1,closed-ended infinite answer set visual,What is the accuracy of the blue line representing top-1 using GenCorpus when DicEx+WO is used?,[],arxiv,['cs.CL'],scigraphqa,1701.08340,https://arxiv.org/pdf/1701.08340v2
c6128392d35bd0a462b083798ebd2b6c,yes,97,96,96,1910.04176v1-Figure2-1.png,1910.04176v1-Figure2-1,"Figure 2: IC accuracy on SNIPS’s AddToPlaylist intent with varying number of seed examples. 100 examples are generated using different FDA techniques. As indicated by the accuracy trend, increasing the seed examples leads to better performance.",line chart,False,1,closed-ended infinite answer set visual,What is the value of the blue line at 30 seed examples?,[],arxiv,['cs.CL cs.IR cs.LG'],scigraphqa,1910.04176,https://arxiv.org/pdf/1910.04176v1
72fd881c0b654756d6a3ae2780315015,yes,8.5,8,8,1907.00820v1-Figure3-1.png,1907.00820v1-Figure3-1,Figure 3: Averaged visualization about (a and c) controller gate and (b and d) read-write policy for TANN and SANN on mirror task. Note that all the plots are derived from being averaging over 500 random samples. The x-axis shows each time step represented by input xi or output yi. The 〈EOS〉 represent the input delimiter.,line chart,True,4,closed-ended infinite answer set visual,"In the top right plot, what is the value of the blue dashed line at input symbol X4?",[],arxiv,['cs.LG cs.CL cs.NE'],scigraphqa,1907.00820,https://arxiv.org/pdf/1907.00820v1
662dd11132612c954a9990b69485510f,yes,7.8,8,8,1508.03601v1-Figure4-1.png,1508.03601v1-Figure4-1,Figure 4: Impact Of Topic1,line chart,False,1,closed-ended infinite answer set visual,What is the approximate impact of the black line at month 6?,[],arxiv,['cs.SI cs.CL'],scigraphqa,1508.03601,https://arxiv.org/pdf/1508.03601v1
ae7a02d75ec2d55060f15f9a22f6cb75,yes,0.25,0.35,0.35,1711.05294v1-Figure2-1.png,1711.05294v1-Figure2-1,Figure 2: Results for the relation extraction from the NYT corpus: comparison with state-of-the-art neural network models.,line chart,False,1,closed-ended infinite answer set visual,What is the approximate value of recall when the precision of the black line is 0.4?,[],arxiv,['cs.CL'],scigraphqa,1711.05294,https://arxiv.org/pdf/1711.05294v1
4c3c86f3609ddfbdcb91474e53d12440,yes,0.125,0.1,0.1,1711.06004v1-Figure7.4-1.png,1711.06004v1-Figure7.4-1,"Figure 7.4: Comparison of LSE (with window size n = 4) with latent vector space baselines (LSI, LDA and word2vec; Section 7.4.5) on Home & Kitchen, Clothing, Shoes & Jewelry, Pet Supplies and Sports & Outdoors product search benchmarks (Section 7.4.3) and evaluated on the test sets. Significance (Section 7.4.4) is computed between LSE and the baselines for each vector space size.",line chart,True,4,closed-ended infinite answer set visual,What is the value of the green line at the '256' entity space dimensionality on the Sports & Outdoors plot?,[],arxiv,['cs.IR cs.AI cs.CL'],scigraphqa,1711.06004,https://arxiv.org/pdf/1711.06004v1
bb99fca9a4c8f2efe21743f0972a3c1c,yes,0.94,0.945,0.945,2007.02540v1-Figure4-1.png,2007.02540v1-Figure4-1,Figure 4: Learning curve on the training dataset.,line chart,True,2,closed-ended infinite answer set visual,What is the accuracy of the blue line when the training data size is 50% in the left graph?,[],arxiv,['cs.CL cs.AI'],scigraphqa,2007.02540,https://arxiv.org/pdf/2007.02540v1
2d5be7bc9a44d7ec3e5ff29f001ed761,yes,80,100,100,1609.04309v3-Figure2-1.png,1609.04309v3-Figure2-1,"Figure 2. Computational time for the two-clusters adaptive softmax on the Bulgarian Europarl data, as a function of the size of the head cluster kh. We report values predicted by our model (theoretical) as well as measured on a K40 (empirical). Even with this very simple hierarchy, we observe more than 5× speedup over the full softmax. The red dotted line indicates the value of the parameter kh such that both clusters have equal probability: ph = pt = 0.5.","Line Chart,Scatter Plot",False,1,closed-ended infinite answer set visual,"What is the value of the computational time (in ms) of the orange plus marker where the head cluster size (kh) is approximately 20,000?",[],arxiv,['cs.CL cs.LG'],scigraphqa,1609.04309,https://arxiv.org/pdf/1609.04309v3
e53340772a8a1c8c446c12b550a970d0,yes,mpqa,Subj,subj,1510.03820v4-Figure4-1.png,1510.03820v4-Figure4-1,Figure 4: Effect of the number of feature maps.,line chart,False,1,closed-ended infinite answer set visual,Which line is green and dashed?,[],arxiv,['cs.CL cs.LG cs.NE'],scigraphqa,1510.03820,https://arxiv.org/pdf/1510.03820v4
83e338c233d0681016f9075ab20843f8,yes,0.825,0.815,0.815,2010.10907v1-Figure5-1.png,2010.10907v1-Figure5-1,"Figure 5: Results for random prefixes. For each generation step, the figure shows (a) contribution of source, (b) entropy of source contributions.",line chart,True,2,closed-ended infinite answer set visual,What is the approximate value of the red line at target token position 15 in the left graph?,[],arxiv,['cs.CL'],scigraphqa,2010.10907,https://arxiv.org/pdf/2010.10907v1
490535ad50b9969025ad8ee931daca49,yes,90%,73.7,73.7,1705.03633v1-Figure5-1.png,1705.03633v1-Figure5-1,"Figure 5. Question answering accuracy on the CLEVR-CoGenT dataset (higher is better). Top: We train models on Condition A, then test them on both Condition A and Condition B. We then finetune these models on Condition B using 3K images and 30K questions, and again test on both Conditions. Our model uses 18K programs during training on Condition A, and does not use any programs during finetuning on Condition B. Bottom: We investigate the effects of using different amounts of data when finetuning on Condition B. We show overall accuracy as well as accuracy on color-query and shape-query questions.",line chart,True,3,closed-ended infinite answer set visual,"What is the overall accuracy of the green line with 10,000 questions on the leftmost plot?",[],arxiv,['cs.CV cs.CL cs.LG'],scigraphqa,1705.03633,https://arxiv.org/pdf/1705.03633v1
4121f535cff6ce193555dc6c252f8425,yes,100%,95,95,2009.10355v1-Figure3-1.png,2009.10355v1-Figure3-1,Figure 3: The comparison between 3 kinds of agent. ComNet achieved performance close to the upper bound (hand-crafted) while there is still room for improvement for vanilla DQN.,line chart,True,9,closed-ended infinite answer set visual,What is the value of the highest point on the red line in the top-middle graph?,[],arxiv,['cs.CL'],scigraphqa,2009.10355,https://arxiv.org/pdf/2009.10355v1
73f9402829ddcc0fdcaa14acb7a3cdcc,yes,0.8,0.75,0.75,1110.4248v1-Figure1-1.png,1110.4248v1-Figure1-1,Figure 1. F Measure over Threshold (LVB=0.3 UVB=0.65),line chart,False,1,closed-ended infinite answer set visual,What is the F Measure value for the red line at a threshold of 5?,[],arxiv,['cs.CL'],scigraphqa,1110.4248,https://arxiv.org/pdf/1110.4248v1
5472e70673e710904ce511a4d0af81f8,yes,24.0,24,24,1605.04569v2-Figure1-1.png,1605.04569v2-Figure1-1,Figure 1: Performance with NPLM over beam size on English-German news-test2015. A beam of 12 corresponds to row 15 in Tab. 3.,line chart,False,1,closed-ended infinite answer set visual,What is the value of the red line at a beam size of 30?,[],arxiv,['cs.CL'],scigraphqa,1605.04569,https://arxiv.org/pdf/1605.04569v2
95d53455da216e069920a04fca35de23,yes,0,-0.15,-0.15,2015.lilt-12.2.pdf-Figure4.png,2015.lilt-12.2.pdf-Figure4,FIGURE 4 Graph of stylistic change for Tiresias,line chart,False,1,closed-ended infinite answer set visual,"What is the approximate value of the orange line at the x-axis point labeled ""3""?",[],acl,nan,aclfig,2015.lilt-12.2,https://aclanthology.org/2015.lilt-12.2.pdf
8d8f0c2e8cf1751addc31b4e9a46fc39,yes,40,20,20,1905.12065v1-Figure2-1.png,1905.12065v1-Figure2-1,"Figure 2: Smoothed distances (abscissa) plotted against radial bins (ordinate) over 360 degrees, for bass (top panel, ) versus oxidation (bottom panel, ), as computed over Grolier’s Encyclopedia, with the following parameter settings: , , , .",line chart,True,2,closed-ended infinite answer set visual,What is the smoothed distance at an angle of 100 degrees in the bottom graph?,[],arxiv,['cs.CL'],scigraphqa,1905.12065,https://arxiv.org/pdf/1905.12065v1
dfccfe2439efb6bcc071926ea1ccda16,yes,88.30%,88.3,88.3,1906.02882v1-Figure7-1.png,1906.02882v1-Figure7-1,Figure 7: Impact of training data size.,line chart,False,1,closed-ended infinite answer set visual,What is the exact accuracy of the orange line at training size 4?,[],arxiv,['cs.IR cs.CL'],scigraphqa,1906.02882,https://arxiv.org/pdf/1906.02882v1
ecd198124f4dc77102b8abe34b11a0bf,yes,31.0,32,32,1911.10768v2-Figure4-1.png,1911.10768v2-Figure4-1,Figure 4: Performance (F1) of the proposed model in adaptation from SQuAD and NewsQA to DuoRC versus number of source training data.,line chart,False,1,closed-ended infinite answer set visual,What is the F1 score of the blue line when the number of RC instances is approximately 40000?,[],arxiv,['cs.CL'],scigraphqa,1911.10768,https://arxiv.org/pdf/1911.10768v2
613a6809fe0f78a3895ff0aa9c934f19,yes,78,1,1,1804.06759v1-Figure2-1.png,1804.06759v1-Figure2-1,Figure 2: Volume of hostile comments over time for four discovered clusters of posts.,line chart,True,4,closed-ended infinite answer set visual,What is the approximate maximum value of the blue line in the bottommost plot?,[],arxiv,['cs.CL cs.SI'],scigraphqa,1804.06759,https://arxiv.org/pdf/1804.06759v1
3a0940a9dd5ec9ecb730990ec38b8e73,yes,0.50,0.5,0.5,1810.11663v1-Figure3-1.png,1810.11663v1-Figure3-1,Figure 3: Performance curves of each model according to the size of the training set.,line chart,False,1,closed-ended infinite answer set visual,What is the performance of the orange line at a training data size of 6000?,[],arxiv,['cs.CL'],scigraphqa,1810.11663,https://arxiv.org/pdf/1810.11663v1
62d15d4b81114d8b8a1dc9be9d10856c,yes,7,15,15,1401.5390v1-Figure12-1.png,1401.5390v1-Figure12-1,"Figure 12: Win rate as a function of computation time per game step. For each MonteCarlo search method, win rate and computation time were measured for 100, 200 and 500 roll-outs per game step, respectively.",line chart,False,1,closed-ended infinite answer set visual,What is the win rate for the red marker when the computation time per game step is approximately 10 seconds?,[],arxiv,['cs.CL cs.AI cs.LG'],scigraphqa,1401.5390,https://arxiv.org/pdf/1401.5390v1
bfcc5b365704e27ebdaca71bee38a945,yes,0.20,0.25,0.25,1910.08534v1-Figure18-1.png,1910.08534v1-Figure18-1,"Figure 18: Distance of the part-of-speech tag distributions between important features and all words (background). Distance is generally smaller with post-hoc methods for all models, although some exceptions exist for LSTM with attention and BERT.",line chart,True,3,closed-ended infinite answer set visual,"For the dataset 'Deception', what is the approximate 'Jensen-Shannon Score' value of the pink line representing 'BERT-SHAP x background' at the 'Number of Important features (k)' of 10?",[],arxiv,['cs.CL cs.CY cs.HC cs.LG'],scigraphqa,1910.08534,https://arxiv.org/pdf/1910.08534v1
ae55daa3ff6f08d00fc8246fe7b1a123,yes,63.45,63.5,63.5,1902.10247v3-Figure6-1.png,1902.10247v3-Figure6-1,Figure 6: Performance analysis of the proposed algorithm for different window sizes over the sampled dataset.,line chart,False,1,closed-ended infinite answer set visual,What is the approximate value of the red circle at a window size of 10?,[],arxiv,['cs.CL cs.LG stat.ML'],scigraphqa,1902.10247,https://arxiv.org/pdf/1902.10247v3
74c6b2ef66699acd8a44ee6b51ce4412,yes,13,12.5,12.5,1708.06555v1-Figure1-1.png,1708.06555v1-Figure1-1,Figure 1: Variation of word triggering correlations for pronouns over large distances.,line chart,False,1,closed-ended infinite answer set visual,What is the maximum correlation value of the line with triangle markers?,[],arxiv,['cs.CL cs.LG'],scigraphqa,1708.06555,https://arxiv.org/pdf/1708.06555v1
1e27e8d6380389ed86cf65025183802d,yes,0.50,0.5,0.5,1804.00084v1-Figure4.1-1.png,1804.00084v1-Figure4.1-1,"Figure 4.1: Distribution of the fraction of females (in blue color) and males (in green color) in the rank of users with most followers. The intersection point happens in the top 14%, meaning the fraction of females became higher than males from this point.",line chart,False,1,closed-ended infinite answer set visual,What is the approximate fraction of users of top users where the blue line intersects the green line?,[],arxiv,['cs.SI cs.CL'],scigraphqa,1804.00084,https://arxiv.org/pdf/1804.00084v1
a45765b9cdc6e8a6f09a0dfd5c855a7f,yes,0.6,0.65,0.65,1510.08418v1-Figure3-1.png,1510.08418v1-Figure3-1,"Figure 3: Per-edge precision, recall and F1-score using different thresholds on the prediction values of MaxEnt.",line chart,False,1,closed-ended infinite answer set visual,What is the value of the pink line when the threshold is at 0.2?,[],arxiv,['cs.CL'],scigraphqa,1510.08418,https://arxiv.org/pdf/1510.08418v1
4edc0d883cfe0ae4b26e149e529b07c7,yes,80%,75,75,1205.4387v1-Figure1-1.png,1205.4387v1-Figure1-1,Figure 1: Precision-biased results on the dev-set.,line chart,True,3,closed-ended infinite answer set visual,What is the approximate value of the green line at a risk threshold of 0.05 in the leftmost graph?,[],arxiv,['cs.CL'],scigraphqa,1205.4387,https://arxiv.org/pdf/1205.4387v1
faeedb54eca625ffd76c5a1ab59aa390,yes,0.8,0.85,0.85,1909.00923v1-Figure3-1.png,1909.00923v1-Figure3-1,Fig. 3 Distribution of repetition rate of ten-fold cross-validation,line chart,False,1,closed-ended infinite answer set visual,What is the value of the light grey line at repetition rate 35?,[],arxiv,['cs.CL cs.AI'],scigraphqa,1909.00923,https://arxiv.org/pdf/1909.00923v1
fe01401e90e9608f449bdc2298f30712,yes,30,28,28,1706.07238v1-Figure4-1.png,1706.07238v1-Figure4-1,Figure 4: Performance as function of hypothesis diversity in CHiME-3.,line chart,False,1,closed-ended infinite answer set visual,What is the WER[%] value of the red line at 70% level of diversity?,[],arxiv,['cs.CL'],scigraphqa,1706.07238,https://arxiv.org/pdf/1706.07238v1
33050c26fc3202e00e2b2e5f05c8301c,yes,0.75,0.65,0.65,2006.01210v1-Figure6-1.png,2006.01210v1-Figure6-1,Figure 6. Frequency of Chinese character constructive parts.,line chart,False,1,closed-ended infinite answer set visual,What is the approximate value on the Y axis where the red line (French) intersects the cyan line (Portuguese)?,[],arxiv,['cs.CL'],scigraphqa,2006.01210,https://arxiv.org/pdf/2006.01210v1
aa772864bfa6db9871891355047d82a1,yes,10^7,10^6,10^6,2007.03988v1-Figure4-1.png,2007.03988v1-Figure4-1,Figure 4:MRR (left) and number of parameters (right) under different embedding sizes. Evaluated on WikiPeople-4.,line chart,True,2,closed-ended infinite answer set visual,What is the approximate maximum value of the green line in the right graph?,[],arxiv,['cs.CL'],scigraphqa,2007.03988,https://arxiv.org/pdf/2007.03988v1
b11efb54035f082aeaa8993f69d72c9e,yes,10.6,11,11,1906.11604v1-Figure3-1.png,1906.11604v1-Figure3-1,Figure 3: The relative improvement in Development accuracy over sets over baseline obtained by using conversational-context embeddings with different number of utterance history and different merging techniques.,line chart,False,1,closed-ended infinite answer set visual,What is the relative improvement percentage for the red line when the number of utterance history is 5?,[],arxiv,['cs.CL cs.SD eess.AS'],scigraphqa,1906.11604,https://arxiv.org/pdf/1906.11604v1
66df0e8adb6726658a990cf5bcf4b1c3,yes,227,218,218,2009.01312v2-Figure2-1.png,2009.01312v2-Figure2-1,"Figure 2: The number of missing prediction trees for different independence assumptions. X-axis is the training epochs, y-axis is the number of missing trees for each epoch.",line chart,False,1,closed-ended infinite answer set visual,What is the exact number of missing trees for epoch 12 for the blue line?,[],arxiv,['cs.CL'],scigraphqa,2009.01312,https://arxiv.org/pdf/2009.01312v2
2c976744cca2d3ad4aecb37133ee5616,yes,0.385,0.382,0.382,1909.10599v1-Figure1-1.png,1909.10599v1-Figure1-1,"Figure 1: Performance of the +CopyTransformer 〈Bert&Gwordenc,Bert&Gworddec〉 model on the CNN/DailyMail task with increasing numbers of pretrained layers. x = 1 represents loading the embedding layer only, x = 3 represents that plus the first two encoder layers, and x = 23 represents all layers except for one decoder layer. Performance of x = 0 (i.e. 〈Random,Random〉) and x = 24 (i.e. 〈Bert&Gwordenc,Bert&Gworddec〉) are shown with dashed lines. Error bars represent 95% confidence intervals as reported by the ROUGE script.",line chart,False,1,closed-ended infinite answer set visual,What is the value of the red line at 20 pretrained layers?,[],arxiv,['cs.CL'],scigraphqa,1909.10599,https://arxiv.org/pdf/1909.10599v1
6ed3f824b02be0391e7944c85a7b72a3,yes,30000,22000,22000,2005.00308v1-Figure3-1.png,2005.00308v1-Figure3-1,"Figure 3: Number of sentences selected from each system by the FromAll data selection approach for EU-ES language pair in subsequent bins of 100,000 sentences (extrapolated for the last bin).",line chart,False,1,closed-ended infinite answer set visual,What is the approximate number of sentences selected by the dot-dashed line for the bin between 1700001 and 1800000?,[],arxiv,['cs.CL'],scigraphqa,2005.00308,https://arxiv.org/pdf/2005.00308v1
62b0f4ec41c2375c7a81589564b4abe6,yes,45%,48,48,1812.00235v3-Figure10-1.png,1812.00235v3-Figure10-1,"Figure 10. Changes to collected captions over rounds. Model trained with 10% warmup, H = 70%, 3 chunks.",line chart,False,1,closed-ended infinite answer set visual,What is the value of the blue line at round 3?,[],arxiv,['cs.CV cs.CL'],scigraphqa,1812.00235,https://arxiv.org/pdf/1812.00235v3
a1e867827c6b4524d6a4c2c838c007d8,yes,0.85,0.95,0.95,1209.3126v1-Figure4-1.png,1209.3126v1-Figure4-1,Figure 4: Scatter plot of mean length of words for two English corpora (heterogeneous and summarization raw corpora after filtering).,line chart,False,1,closed-ended infinite answer set visual,What is the value of the red dotted line at the size of word (in letters) of 6?,[],arxiv,['cs.IR cs.CL'],scigraphqa,1209.3126,https://arxiv.org/pdf/1209.3126v1
9976b84757530353fafbed3a354c3875,yes,0.89,0.85,0.85,1601.06755v1-Figure11-1.png,1601.06755v1-Figure11-1,"Figure 11. Contraction hedges slightly reduce high levels of ALO. At pp = 0.57, ALO is reduced from 0.92 to 0.89. Expansion hedges reduce minimum ALO from 0.1 for unhedged assertions to 0.02 for expansion hedged assertions, at pp = 0.45.",line chart,False,1,closed-ended infinite answer set visual,What is the ALO value for the black line with square markers at pp = 0.55?,[],arxiv,['cs.AI cs.CL cs.MA'],scigraphqa,1601.06755,https://arxiv.org/pdf/1601.06755v1
af4c33b775cb15c7e24e8d0102a3a79a,yes,0.42,0.35,0.35,1908.01968v1-Figure3-1.png,1908.01968v1-Figure3-1,"Figure 3: Changes in the ‖W‖/‖X‖ and ||Xmask|| during training in two experiments. Figure 3(a), Figure 3(b) are ”CNN-hidden-layer” in MR and ”IDCNNhidden-layer” in CoNLL-2003 respectively.",line chart,True,2,closed-ended infinite answer set visual,What is the value of the blue line in the top graph at Epoch 10?,[],arxiv,['cs.CL cs.LG'],scigraphqa,1908.01968,https://arxiv.org/pdf/1908.01968v1
b57c7a9fb65a823a632269371b5b7581,yes,0.9,0.85,0.85,1205.4387v1-Figure2-1.png,1205.4387v1-Figure2-1,"Figure 2: ROC Curves for the various riskiness predictors on the dev set. The True Positive Rate is the percentage of incorrect decisions which were identified as risky, and the False Positive Rate is the percentage of correct decisions which were identified as risky.",line chart,False,1,closed-ended infinite answer set visual,What is the True Positive Rate of the purple line when the False Positive Rate is approximately 0.5?,[],arxiv,['cs.CL'],scigraphqa,1205.4387,https://arxiv.org/pdf/1205.4387v1
0fd1e5d30c42384fc44d57034b580c6b,yes,20,25,25,2005.00048v1-Figure6-1.png,2005.00048v1-Figure6-1,Figure 6: Optimum training period obtained from evaluation,line chart,False,1,closed-ended infinite answer set visual,What is the value of the X axis where the dotted yellow lines intersect the green line after epoch 20?,[],arxiv,['cs.CL cs.LG'],scigraphqa,2005.00048,https://arxiv.org/pdf/2005.00048v1
28bbe0c4029a5d5a68cb878a43f2f2a1,yes,1.00,0.95,0.95,1703.10344v1-Figure5-1.png,1703.10344v1-Figure5-1,Figure 5: Feature analysis for the AEP placement task for t = 2009.,line chart,False,1,closed-ended infinite answer set visual,What is the approximate maximum precision value for the red line?,[],arxiv,['cs.IR cs.CL cs.SI'],scigraphqa,1703.10344,https://arxiv.org/pdf/1703.10344v1
e774503fc153ac1601799eeb9cf8e537,yes,0.87,0.95,0.95,1902.07249v2-Figure9-1.png,1902.07249v2-Figure9-1,"Figure 9: Ratio of interpretable units in layer-wise. Across all datasets, there are more than 90% of units are interpretable. See Section D for more details.",line chart,False,1,closed-ended infinite answer set visual,What is the approximate value of the green line at layer index 3?,[],arxiv,['cs.CL cs.LG stat.ML'],scigraphqa,1902.07249,https://arxiv.org/pdf/1902.07249v2
cfe7a7a967f39d2903929b55f9be0e9f,yes,0.10,0.15,0.15,2007.00067v1-Figure2-1.png,2007.00067v1-Figure2-1,Figure 2. Convergence curves for different ablated models. “regularizer” denotes the cosine multiplier in the equation (11).,line chart,False,1,closed-ended infinite answer set visual,What is the approximate value of the loss for the purple line at the step of 30000?,[],arxiv,['cs.CL cs.LG stat.ML'],scigraphqa,2007.00067,https://arxiv.org/pdf/2007.00067v1
400feb7330cf28b1b160c5bca99e82ed,yes,100,400,400,1608.00929v1-Figure2-1.png,1608.00929v1-Figure2-1,Figure 2: Left: Densities versus oracle error rates of lattices generated by different pruning methods.Right: Time spent on generating the lattices with different pruning methods.,line chart,True,2,closed-ended infinite answer set visual,What is the value of the lattice density when the oracle error rate of the blue line is at its minimum?,[],arxiv,['cs.CL'],scigraphqa,1608.00929,https://arxiv.org/pdf/1608.00929v1
a7138499a3623be251036e64aadadd40,yes,6,6.5,6.5,1803.03232v1-Figure2-1.png,1803.03232v1-Figure2-1,"Figure 2: Learning curves for Feudal-DQN and DIPDQN in Env. 4, compared to the two best performing algorithms in (Casanueva et al., 2017) (DQN and GPSarsa). The shaded area depicts the mean ± the standard deviation over ten random seeds.",line chart,True,2,closed-ended infinite answer set visual,What is the approximate value of the green dashed line at 2000 training dialogues in the left graph?,[],arxiv,['cs.CL cs.AI cs.NE'],scigraphqa,1803.03232,https://arxiv.org/pdf/1803.03232v1
3f1e6ec2db7d0e2096535572628c0564,yes,0.85,0.5,0.5,2010.09233v2-Figure10-1.png,2010.09233v2-Figure10-1,Figure 10: k-NN accuracy in the visualization space by PLSV-VAE with different RBFs (k = 10).,line chart,True,4,closed-ended infinite answer set visual,What is the approximate k-NN accuracy of the green line in the 'WEB OF SCIENCE' plot at 200 #Topics?,[],arxiv,['cs.CL'],scigraphqa,2010.09233,https://arxiv.org/pdf/2010.09233v2
d15dd74c19aff6232710323dbf26c610,yes,100,1000,1000,1709.07758v1-Figure6-1.png,1709.07758v1-Figure6-1,Figure 6: High learning rate (LR) to increase the initial softmax perplexity (a). NCE and softmax initial perplexities in the first epoch; only training perplexity is available within one epoch (b).,line chart,True,2,closed-ended infinite answer set visual,What is the approximate value of the green line at epoch 5 in Figure 6 (a)?,[],arxiv,['cs.CL'],scigraphqa,1709.07758,https://arxiv.org/pdf/1709.07758v1
afa243aeb91f1f6903065ed972455428,yes,0.87,0.82,0.82,2004.05887v1-Figure4-1.png,2004.05887v1-Figure4-1,Figure 4: Classification accuracies on the validation sets with different values for δ. The x-axis shows the selected qth percentiles of the loge frequencies in the training corpus. The y-axis denotes the accuracy when δ is set to the loge frequency value representing the specific qth percentile.,line chart,True,2,closed-ended infinite answer set visual,What is the accuracy of the yellow line when the x-axis value is 80 in the second figure?,[],arxiv,['cs.CL'],scigraphqa,2004.05887,https://arxiv.org/pdf/2004.05887v1
fda4eff9319d3564e67193531605a926,yes,185,17.5,17.5,2005.14386v1-Figure2-1.png,2005.14386v1-Figure2-1,Figure 2: The performance of models with different desired length. Att2in+BSx is Att2in+fixLen with beam size x.,line chart,True,4,closed-ended infinite answer set visual,What is the value of the blue line at a desired length of 28 on the 'mCIDEr' plot?,[],arxiv,['cs.CV cs.CL'],scigraphqa,2005.14386,https://arxiv.org/pdf/2005.14386v1
11972754c9e6dd674ac5b8d8653bebed,yes,95,40,40,1906.09426v1-Figure1-1.png,1906.09426v1-Figure1-1,Figure 1: Character/word error rates for code-switched Hindi-English specific to different λ values.,line chart,False,1,closed-ended infinite answer set visual,What is the value of the blue line at λ = 0.5?,[],arxiv,['eess.AS cs.CL cs.LG cs.SD'],scigraphqa,1906.09426,https://arxiv.org/pdf/1906.09426v1
eeb703baa0566fa4be10d5e62450dccf,yes,mwe,FRZN,frzn,D11-1077.pdf-Figure1.png,D11-1077.pdf-Figure1,Figure 1: Bayesian Network for MWE identification,graph,False,1,closed-ended infinite answer set visual,What is the label of the node directly above the node labeled 'POS'?,[],acl,nan,aclfig,D11-1077,https://aclanthology.org/D11-1077.pdf
0c18aa34e4ec91237e6e71df3bca7642,yes,7,Go:organization,go:organization,C00-1054.pdf-Figure8.png,C00-1054.pdf-Figure8,Figure 8: GestLang Transducer,graph,False,1,closed-ended infinite answer set visual,What is the label of the arrow directly to the right of the circle labelled '6'?,[],acl,nan,aclfig,C00-1054,https://aclanthology.org/C00-1054.pdf
340cd5094c65ab650c1c76ee82dd9fa4,yes,?,3,3,2020.scil-1.21.pdf-Figure2.png,2020.scil-1.21.pdf-Figure2,Figure 2: The factor oxyn under multiple relations.,graph,True,2,closed-ended infinite answer set visual,What is the value of the circle with double border?,[],acl,nan,aclfig,2020.scil-1.21,https://aclanthology.org/2020.scil-1.21.pdf
5f3f7688231759241d317a9632004206,yes,1.0,1,1,1504.04884v3-Figure2-1.png,1504.04884v3-Figure2-1,Figure 2: The gray region covers the values of Spearman ρ satisfying Eq. 11 as a function of Kendall τ .,Line Chart,False,1,closed-ended infinite answer set visual,What is the approximate value of τ when ρ is equal to 1.0 for the black border?,[],arxiv,['cs.IT cs.CL cs.SI math.IT physics.data-an'],scigraphqa,1504.04884,https://arxiv.org/pdf/1504.04884v3
105627304007460bb9054ebc6dbf5c48,yes,1.0,1.6,1.6,1907.07818v1-Figure4-1.png,1907.07818v1-Figure4-1,"Figure 4: Comparison of Length, Duration, and Speed of songs","Line Chart,Scatter Plot",True,3,closed-ended infinite answer set visual,"What is the maximum value of the red dashed line in the plot labeled ""Year-wise Average Speed of Songs""?",[],arxiv,['cs.IR cs.CL'],scigraphqa,1907.07818,https://arxiv.org/pdf/1907.07818v1
2ee056bd0b8c6a9f0f3fb668aa5cfefa,yes,20,0,0,1308.4618v1-Figure6-1.png,1308.4618v1-Figure6-1,"Fig. 6. Entries without annotation. (A) Number of entries in TrEMBL and Swiss-Prot without any annotation, and (B) the percentage of entries without any annotation",scatter plot,True,2,closed-ended infinite answer set visual,What is the percentage of entries without annotation for the blue points in 1990?,[],arxiv,['cs.CL cs.CE cs.DL q-bio.QM'],scigraphqa,1308.4618,https://arxiv.org/pdf/1308.4618v1
7e241e16316498d6b164366aad379ffb,yes,[b-weather],Collapsed Dependency Transfer,collapsed dependency transfer,2020.acl-main.128.pdf-Figure1.png,2020.acl-main.128.pdf-Figure1,Figure 1: Our few-shot CRF framework for slot tagging.,Architecture Diagram,True,1,closed-ended infinite answer set visual,What is the label of the topmost blue rectangle?,[],acl,nan,aclfig,2020.acl-main.128,https://aclanthology.org/2020.acl-main.128.pdf
62a053118565f9d97e01e684ee58a82b,yes,2,4,4,C00-2092.pdf-Figure3.png,C00-2092.pdf-Figure3,Figure 3: The composition operation,tree,True,1,closed-ended infinite answer set visual,How many dashed lines are in the leftmost tree?,[],acl,nan,aclfig,C00-2092,https://aclanthology.org/C00-2092.pdf
fe7a731d96e7a9d864fd399697789583,yes,0.4,{0.4},{0.4},C00-2093.pdf-Figure5.png,C00-2093.pdf-Figure5,Figure 5: Domain assignments,tree,True,1,closed-ended infinite answer set visual,What is the value of TEXT-LEVEL for the bottom-most NUCLEUS node?,[],acl,nan,aclfig,C00-2093,https://aclanthology.org/C00-2093.pdf
c94829196b36aaaeb96f89213eb48719,yes,8,`.`,`.`,Y17-1012.pdf-Figure3.png,Y17-1012.pdf-Figure3,Figure 3. Correct dependency tree for sentence Dia tidak malu bertanya di depan umum (He is not ashamed of asking questions in public),tree,False,1,closed-ended infinite answer set visual,What is the rightmost token shown in figure 3?,[],acl,nan,aclfig,Y17-1012,https://aclanthology.org/Y17-1012.pdf
8da27dd65dabf42929478d3f6b4d1bd1,yes,red,black,black,2020.cl-2.6.pdf-Figure11.png,2020.cl-2.6.pdf-Figure11,"Figure 11 An RGL abstract syntax tree annotated with dependency labels, and the corresponding dependency trees for English and Italian. The thick red path from DefArt to cat N shows how the dependency tree algorithm finds the head of a word by walking up the tree until a label is reached, and then walking down along the head spine.",tree,True,3,closed-ended infinite answer set visual,What color are the edges in the dependency tree in Figure 11?,[],acl,nan,aclfig,2020.cl-2.6,https://aclanthology.org/2020.cl-2.6.pdf
d52d485dbca7709083c5456b5ecf1dad,yes,0.841,0.768,0.768,W19-5211.pdf-Figure17.png,W19-5211.pdf-Figure17,Figure 17: POS-based classification accuracy on states from the ENDE encoder + lexical shortcuts.,confusion matrix,False,1,closed-ended infinite answer set visual,What is the value of the lightest colored cell?,[],acl,nan,aclfig,W19-5211,https://aclanthology.org/W19-5211.pdf
e42a15bb3e393d4a7bedc3d0c7f2e882,yes,90,50,50,2020.acl-main.117.pdf-Figure2.png,2020.acl-main.117.pdf-Figure2,Figure 2: Number of white space separated tokens in training questions (title plus body.) and answers (for answerable questions only). The bin at 200 also contains all questions longer than 200 tokens.,bar chart,True,2,closed-ended infinite answer set visual,What is the height of the purple bar corresponding to questions with 50 tokens?,[],acl,nan,aclfig,2020.acl-main.117,https://aclanthology.org/2020.acl-main.117.pdf
5ddbd5916364dfce6e14ef42844473f8,yes,1.0,0.95,0.95,2020.acl-main.39.pdf-Figure6.png,2020.acl-main.39.pdf-Figure6,Figure 6: SeqAcc for the Location Attender and best baseline on the Long Lookup Tables task (10 runs).,bar chart,False,1,closed-ended infinite answer set visual,What is the approximate value of the blue bar for Long 1 dataset?,[],acl,nan,aclfig,2020.acl-main.39,https://aclanthology.org/2020.acl-main.39.pdf
e2f54e9a515c4426d07eed38bba88054,yes,3,2,2,W12-3001.pdf-Figure1.png,W12-3001.pdf-Figure1,Figure 1: Hypergraph with 7 vertices (axioms) and 4 edges (conflict sets). Both the maximum degree of the hypergraph and the size of the largest edge are 3.,venn diagram,False,1,closed-ended infinite answer set visual,How many vertices are in the green region labeled 'e2'?,[],acl,nan,aclfig,W12-3001,https://aclanthology.org/W12-3001.pdf
7922b4481587915b41d827e016e8ba97,yes,0.6,0.65,0.65,1805.11564v1-Figure6-1.png,1805.11564v1-Figure6-1,Figure 6: Entrainment profiles for the feature set gnl f0 for proximity (left) and synchrony (right). For this feature set these two entrainment measures behave very differently. For details please see the caption of Figure 5.,line chart,True,2,closed-ended infinite answer set visual,"In the left plot, what is the value of the solid line labeled 'd_f' approximately at the x-axis value of 0.75?",[],arxiv,['cs.CL'],scigraphqa,1805.11564,https://arxiv.org/pdf/1805.11564v1
2db104ddc9e32883aa192672587530d7,yes,29.5,30,30,2010.02975v1-Figure3-1.png,2010.02975v1-Figure3-1,Figure 3: Cosine similarity between the gradients issued from LINT and LCEpretrain. The collapse of the BLEU En matches the negative cosine similarity.We here set α = 0.5 but similar values yield identical behavior as shown in Figure 4 in Appendix.,line chart,True,2,closed-ended infinite answer set visual,What is the approximate value of the orange line at 1.0 steps in the left graph?,[],arxiv,['cs.CL'],scigraphqa,2010.02975,https://arxiv.org/pdf/2010.02975v1
177cae7fdcff56576f185dad0e1a7550,yes,0.16,0.15,0.15,2006.14806v1-Figure7-1.png,2006.14806v1-Figure7-1,Figure 7: Ablation study results.,line chart,True,2,closed-ended infinite answer set visual,What is the approximate value of the green line at the 91000 training step?,[],arxiv,['cs.IR cs.CL'],scigraphqa,2006.14806,https://arxiv.org/pdf/2006.14806v1
f216e88e738557d3b921cf768c6a8e7b,yes,dotted black line,Black dotted line,black dotted line,2008.00343v1-Figure2.7-1.png,2008.00343v1-Figure2.7-1,Figure 2.7: MAE of estimates and window size of historical context function per feature set and their combination. The Rules and Combinations perform significantly better as they utilize the previous estimates.,line chart,False,1,closed-ended infinite answer set visual,Which line represents the 'Rules' feature set?,[],arxiv,['cs.CL'],scigraphqa,2008.00343,https://arxiv.org/pdf/2008.00343v1
17dda2b837993b90859df83dbff748c9,yes,-0.05,-0.25,-0.25,1810.12646v1-Figure5-1.png,1810.12646v1-Figure5-1,Figure 5: Interaction plot for authority and support in cooperative (left) and competitive (right) dialogs.,line chart,True,2,closed-ended infinite answer set visual,What is the approximate d value of the dashed line at the end of the left graph?,[],arxiv,['cs.CL'],scigraphqa,1810.12646,https://arxiv.org/pdf/1810.12646v1
241e8faa550fbf8ac62742e7ff295d0f,yes,0.70,0.82,0.82,1910.05389v1-Figure4-1.png,1910.05389v1-Figure4-1,Figure 4: Comparison of probability- and dropoutbased error detection.,line chart,True,4,closed-ended infinite answer set visual,What is the approximate accuracy value of the red line with circles in the second graph from the left at 0.5 number of questions?,[],arxiv,['cs.CL cs.AI'],scigraphqa,1910.05389,https://arxiv.org/pdf/1910.05389v1
3775d0a9e6395295ff43ae6c7c5355c8,yes,87,88,88,1808.03731v2-Figure3-1.png,1808.03731v2-Figure3-1,Figure 3 LAS (F1) scores by dependency distance.,line chart,True,2,closed-ended infinite answer set visual,What is the approximate value of the orange line at the dependency distance of 3 in the left graph?,[],arxiv,['cs.CL'],scigraphqa,1808.03731,https://arxiv.org/pdf/1808.03731v2
006bed68852189cd8ffa2a2da89daa7d,yes,0.92,0.925,0.925,2010.03532v2-Figure2-1.png,2010.03532v2-Figure2-1,Figure 2: The accuracy range of the annotators on the NLI training and hidden unanimous examples as they annotated their first 300 examples.,line chart,False,1,closed-ended infinite answer set visual,What is the approximate accuracy value of the blue line at 250 examples?,[],arxiv,['cs.CL cs.AI cs.LG'],scigraphqa,2010.03532,https://arxiv.org/pdf/2010.03532v2
6d9b35adbb0151216b48f63508e61730,yes,89.0,88.8,88.8,1601.00893v2-Figure3-1.png,1601.00893v2-Figure3-1,"Figure 3: Mean development set results for the tasks PARSE and SENTI. ‘mean’ and ’mean+’ stand for mean results across all single context types and context concatenations, respectively.",line chart,True,2,closed-ended infinite answer set visual,What is the approximate value of the green marker at the highest point of the green line in the top figure?,[],arxiv,['cs.CL'],scigraphqa,1601.00893,https://arxiv.org/pdf/1601.00893v2
d130669337fc9cdc99e4686465ed145f,yes,0.47,0.45,0.45,1705.03389v1-Figure2-1.png,1705.03389v1-Figure2-1,Fig. 2. The percentage of correct logical form returned for training as the number of epoch increases.,line chart,False,1,closed-ended infinite answer set visual,What is the approximate value of the solid blue line at 100 epochs?,[],arxiv,['cs.CL'],scigraphqa,1705.03389,https://arxiv.org/pdf/1705.03389v1
8274573deb04d0adc138f86ccfcc165f,yes,4.0,2.8,2.8,1910.03678v1-Figure17-1.png,1910.03678v1-Figure17-1,Fig. 17: Loss for sequence-to-sequence TextSum Model,line chart,True,2,closed-ended infinite answer set visual,What is the approximate maximum value of the red line in the left plot?,[],arxiv,['cs.CL cs.LG stat.ML'],scigraphqa,1910.03678,https://arxiv.org/pdf/1910.03678v1
1beadf8609b6fcff6ede4f2f51f16ee4,yes,0.7,0.8,0.8,2007.10681v1-Figure3-1.png,2007.10681v1-Figure3-1,Figure 3: Results on IWSLT14 De→En and WMT14 En→De with different λ.,line chart,True,2,closed-ended infinite answer set visual,What is the approximate value of lambda when the blue dashed line in the left graph reaches its peak?,[],arxiv,['cs.CL'],scigraphqa,2007.10681,https://arxiv.org/pdf/2007.10681v1
1adbe00b7e8e07b9975abad048303df0,yes,39,40,40,1110.2215v1-Figure5-1.png,1110.2215v1-Figure5-1,Figure 5: The accuracy of mars when the different animacy filters are applied,line chart,False,1,closed-ended infinite answer set visual,What is the success rate of the pink line with squares when using the 'ML+WSD' method?,[],arxiv,['cs.CL'],scigraphqa,1110.2215,https://arxiv.org/pdf/1110.2215v1
fec5c138dce9916863526cb3a3a80379,yes,-0.1,0.25,0.25,1411.4960v1-Figure5-1.png,1411.4960v1-Figure5-1,Figure 5: Triad significance profile for 5 datasets,line chart,False,1,closed-ended infinite answer set visual,What is the approximate normalised z-score value of the red line at x-axis value of 10??,[],arxiv,['cs.CL'],scigraphqa,1411.4960,https://arxiv.org/pdf/1411.4960v1
9f3057689cb83e07874d845837745e83,yes,0.4,0.42,0.42,1909.01145v2-Figure1-1.png,1909.01145v2-Figure1-1,Fig. 1. Loss curves for training and validation set. The x- and y-axis are training step and reconstruction error. Training curves are orange solid lines and validation curves are blue dashed lines. (a) is the plot for a model trained without MMI and (b) is for one with MMI.,line chart,True,2,closed-ended infinite answer set visual,"What is the approximate value of the reconstruction error of the blue dashed line in the right graph at the 20,000 training step?",[],arxiv,['eess.AS cs.CL cs.LG cs.SD'],scigraphqa,1909.01145,https://arxiv.org/pdf/1909.01145v2
4f1d03c09de7426a3e3c29ab5cc9ce02,yes,0.1,0.5,0.5,1809.01201v2-Figure3-1.png,1809.01201v2-Figure3-1,"FIG. 4. Zipf plots. Frequency of observed symbols, in decreasing order. (a) WCFG (b) PCFG. In both cases N = 40, and labels are as in Fig. 3a.",line chart,True,2,closed-ended infinite answer set visual,At what x-axis value do all the lines intersect in the left graph?,[],arxiv,['cond-mat.dis-nn cs.CL cs.FL'],scigraphqa,1809.01201,https://arxiv.org/pdf/1809.01201v2
840fff2759c7f9202e6378b0f45661b8,yes,14%,14,14,1705.04400v1-Figure4-1.png,1705.04400v1-Figure4-1,"Figure 4. 4a and 4b plot CER and serving latency respectively on a dev-set as a function of lookahead, and the number of LCBGRU layers. The models are trained on a sampled subset (10 %) of the complete training data. The green and blue baselines are the performance of models where all the 3 GRU layers are bidirectional and forward-only correspondingly.",line chart,True,2,closed-ended infinite answer set visual,What is the approximate value of the green dashed line in the plot labelled (a)?,[],arxiv,['cs.CL'],scigraphqa,1705.04400,https://arxiv.org/pdf/1705.04400v1
e83e8db26ff934ab8d27cdf792247860,yes,0.8,0.75,0.75,1909.01187v1-Figure5-1.png,1909.01187v1-Figure5-1,"Figure 5: SARI score as a function of the training-data size for three models. Unless we have tens of thousands of training examples, the tagging approach clearly outperforms the seq2seq baseline.",line chart,True,2,closed-ended infinite answer set visual,"In the left plot, what is the approximate SARI score of the green line when the number of training examples is 450,000?",[],arxiv,['cs.CL'],scigraphqa,1909.01187,https://arxiv.org/pdf/1909.01187v1
f8065ddab5ab28cda25236ac3addf331,yes,78,75,75,2006.13253v1-Figure3-1.png,2006.13253v1-Figure3-1,"Fig. 3. Average retrieval accuracies (with unseen object classes from the held-out object set) of models trained on different data sizes, represented by the solid lines, with vertical bars denoting standard errors. Models trained on larger data sizes usually perform better. All our models significantly outperform a random model, represented by the dashed lines. The dotted line represents the human object retrieval baseline.",line chart,True,2,closed-ended infinite answer set visual,What is the approximate value of the human baseline line in the left graph?,[],arxiv,['cs.RO cs.AI cs.CL cs.CV'],scigraphqa,2006.13253,https://arxiv.org/pdf/2006.13253v1
883f56c45c6c1a37e628332fada53184,yes,420,400,400,1812.10991v1-Figure3-1.png,1812.10991v1-Figure3-1,"FIG. 3: For three English novels two measures, the skew and a cos-measure, are used to compare the word transition matrices of the goSSR model (blue) those of real texts (red) and their associated Bernoulli model (black). The values for the Simon model (green) with varying W0 (from 1 to 10), and the random typewriting model (magenta) for V = 30, are shown.",line chart,True,6,closed-ended infinite answer set visual,What is the approximate value of the green line at x- axis value of 5 in the top left graph?,[],arxiv,['cs.CL physics.soc-ph'],scigraphqa,1812.10991,https://arxiv.org/pdf/1812.10991v1
09936af348026167eef604b9d5a98e84,yes,0.9,0.92,0.92,1901.10265v3-Figure22-1.png,1901.10265v3-Figure22-1,Figure 22: CelebA dataset: Variation of fraction of gender anti-stereotypical images and accuracy vs size of summary for all algorithms.,line chart,True,2,closed-ended infinite answer set visual,What is the approximate value of the blue line at a size of summary of 10 in the right graph?,[],arxiv,['cs.LG cs.CL cs.CV stat.ML'],scigraphqa,1901.10265,https://arxiv.org/pdf/1901.10265v3
847cac5072b38c941864cf2e04dac002,yes,98,95,95,2010.12563v1-Figure7-1.png,2010.12563v1-Figure7-1,Figure 7: The attack success rate when poisoning sentiment analysis models to make the phrase “the despicable Donald J. Trump” positive.,line chart,False,1,closed-ended infinite answer set visual,What is the approximate attack success rate of the green line at 25 poison examples?,[],arxiv,['cs.CL'],scigraphqa,2010.12563,https://arxiv.org/pdf/2010.12563v1
739c280b734f576e58472bb0c1293ed5,yes,0.4,0.15,0.15,1908.07818v1-Figure5-1.png,1908.07818v1-Figure5-1,Figure 5: Performance of frequency and probabilistic features (best viewed in color).,line chart,True,2,closed-ended infinite answer set visual,What is the approximate value of the Precision of 'tf.idf (5-grams)' at Recall 0.2?,[],arxiv,['cs.CL cs.DL cs.IR'],scigraphqa,1908.07818,https://arxiv.org/pdf/1908.07818v1
2ee5744e21dd6c5ea5454506b19bfcea,yes,0.0052,0.0055,0.0055,1612.08504v1-Figure8-1.png,1612.08504v1-Figure8-1,Figure 8: Distribution of relative overlaps between classifications. (Left) Distribution of overlaps at all time steps; (Right) Corresponding mean time-series. The decreasing trend starting around 1996 confirms a qualitative regime shift in that period.,line chart,True,2,closed-ended infinite answer set visual,What is the approximate value of the black line in the right plot for year 1998?,[],arxiv,['physics.soc-ph cs.CL'],scigraphqa,1612.08504,https://arxiv.org/pdf/1612.08504v1
c2a2182a4f8284dbc5e8c4efb3fa1d1b,yes,3,18.5,18.5,1705.02304v1-Figure4-1.png,1705.02304v1-Figure4-1,"Figure 4: The effect of softmax pre-training, trained and measured in Train50k and Eva200 dataset, using ResCNN network architecture. (a) accuracy (ACC) vs epoch trained and (b) equal error rate (EER) vs epoch trained",line chart,True,2,closed-ended infinite answer set visual,What is the approximate value of the red line at the 8th epoch in the bottom graph labeled '(b) EER'?,[],arxiv,['cs.CL'],scigraphqa,1705.02304,https://arxiv.org/pdf/1705.02304v1
140b76132b0b43ccbba0b791e5d4aa54,yes,20,15,15,2003.04073v1-Figure5-1.png,2003.04073v1-Figure5-1,"Figure 5: Time series distribution for sources in the FinLin corpus. The bottom plot shows the distribution for the Company Reports, Investor Reports, and News, using a smaller y-axis.",line chart,True,2,closed-ended infinite answer set visual,What is the approximate maximum value of the yellow line in the bottom plot?,[],arxiv,['cs.CL'],scigraphqa,2003.04073,https://arxiv.org/pdf/2003.04073v1
037fb0a8153467e93a9f6a8c6cb94f69,yes,13.26,13.25,13.25,2005.07920v2-Figure5-1.png,2005.07920v2-Figure5-1,Fig. 5. Performance comparison between CTC and CTCC using different size of beam for LM rescoring,line chart,True,2,closed-ended infinite answer set visual,What is the WER value of the orange line in the left graph at a beam width of 512,[],arxiv,['eess.AS cs.CL cs.SD'],scigraphqa,2005.07920,https://arxiv.org/pdf/2005.07920v2
3da36210052052f3630a0a0e42e30345,yes,34,35,35,1606.04199v3-Figure3-1.png,1606.04199v3-Figure3-1,"Figure 3: BLEU scores vs. source sequence length. Five lines are our Deep-Att single model, Deep-Att ensemble model, our Deep-ED model, previous Enc-Dec model with four layers and SMT model.",line chart,False,1,closed-ended infinite answer set visual,What is the approximate value of the red line at at 7 sentences by length?,[],arxiv,['cs.CL cs.LG'],scigraphqa,1606.04199,https://arxiv.org/pdf/1606.04199v3
25b56066e11f5d24205ac5ba49badffb,yes,0.55,0.45,0.45,1911.04088v1-Figure4-1.png,1911.04088v1-Figure4-1,Figure 4: Top@k performance for utterance prediction task.,line chart,False,1,closed-ended infinite answer set visual,What is the approximate value of the red dotted line at Top@K=5?,[],arxiv,['cs.CL'],scigraphqa,1911.04088,https://arxiv.org/pdf/1911.04088v1
2c83d4b310a2d8a1a1a43edb66c9fc42,yes,0.35,0.25,0.25,2020.acl-main.94.pdf-Figure2.png,2020.acl-main.94.pdf-Figure2,Figure 2: BLI performance for each PoS in the comparable setting.,line chart,True,4,closed-ended infinite answer set visual,What is the value of the green dashed line in the leftmost plot window size of 10?,[],acl,nan,aclfig,2020.acl-main.94,https://aclanthology.org/2020.acl-main.94.pdf
09051ce2a604d35e7c95810d4c044c85,yes,7.6,7.5,7.5,1910.13707v1-Figure3-1.png,1910.13707v1-Figure3-1,Fig. 3: WERs (%) obtained with # of estimation iterations by WPE+MPDR and WPE+wMPDR with joint and separate optimization schemes,line chart,True,2,closed-ended infinite answer set visual,What is the approximate WERs value of the line with diamond shapes in the left graph at first iteration?,[],arxiv,['cs.SD cs.CL eess.AS'],scigraphqa,1910.13707,https://arxiv.org/pdf/1910.13707v1
081a2ff096c15e94ce9b01a8d73e2488,yes,-2.5,-5.5,-5.5,1705.02518v1-Figure2-1.png,1705.02518v1-Figure2-1,Figure 2: Increase in log-likelihood (scaled by 10e+ 07) of the data per-iteration in the five domains.,line chart,True,5,closed-ended infinite answer set visual,What is the approximate log-likelihood of the blue line in the leftmost plot at 18 iterations?,[],arxiv,['cs.AI cs.CL cs.IR cs.SI stat.ML'],scigraphqa,1705.02518,https://arxiv.org/pdf/1705.02518v1
a2048523c2aabfb8a298280b7d7ac739,yes,12.3%,12.4,12.4,1903.02852v1-Figure4-1.png,1903.02852v1-Figure4-1,Figure 4: ASR results with updated LM and vocabulary.,line chart,False,1,closed-ended infinite answer set visual,What is the approximate value of the purple triangle marker at 550 hours of supervised data?,[],arxiv,['cs.CL'],scigraphqa,1903.02852,https://arxiv.org/pdf/1903.02852v1
eea89d11c1e3b5aded3614e0bd434043,yes,0.51,0.465,0.465,2009.08065v4-Figure6-1.png,2009.08065v4-Figure6-1,Figure 6: Reweighted training accuracy of different weight matrix block division on CoLA dataset with DistilBERT model.,line chart,False,1,closed-ended infinite answer set visual,What is the approximate accuracy of the yellow line at 500 steps?,[],arxiv,['cs.CL cs.AI cs.LG'],scigraphqa,2009.08065,https://arxiv.org/pdf/2009.08065v4
6067b05839df67150b490c957c79094e,yes,82%,80,80,1906.04501v1-Figure5-1.png,1906.04501v1-Figure5-1,Fig. 5. Comparisons with different depths of GCN in our model.,line chart,True,2,closed-ended infinite answer set visual,What is the approximate accuracy of the blue line at depth 4 in the top graph?,[],arxiv,['cs.CL cs.LG'],scigraphqa,1906.04501,https://arxiv.org/pdf/1906.04501v1
a44426209549c0cf1f4c60289b407308,yes,84,75,75,1407.7357v1-Figure2-1.png,1407.7357v1-Figure2-1,"Fig. 2. F-1 measure for hyperonymization of orders 1 ≤ N ≤ 12: the average case, class GSPO, class GDIP",line chart,True,3,closed-ended infinite answer set visual,What is the approximate maximum F-1 measure value of the solid red line in the rightmost graph?,[],arxiv,['cs.IR cs.CL'],scigraphqa,1407.7357,https://arxiv.org/pdf/1407.7357v1
be51d25ac5abf42325361a3ad195f447,yes,2005,2010,2010,2003.03014v2-Figure9-1.png,2003.03014v2-Figure9-1,"Figure 9: Predicted valence of our representations of gay, homosexual,all LGBTQ terms, and American directly induced by fitting ridge regression models to the NRC VAD Valence Lexicon with the lexicon’s words’ Word2Vec vectors as features for each year. Results are averaged over 10 Word2Vec models trained over each year’s data. Shaded bands represent 95% confidence intervals and the solid lines are Lowess curves as visual aids. Higher scores represent more positive valence.",line chart,False,1,closed-ended infinite answer set visual,"What is the approximate year that the green line, representing 'gay' terms, has its highest point?",[],arxiv,['cs.CL'],scigraphqa,2003.03014,https://arxiv.org/pdf/2003.03014v2
30820d30560bfb66038e8b93b6eb32b0,yes,0.70,0.7,0.7,1909.01792v2-Figure5-1.png,1909.01792v2-Figure5-1,Figure 5: Average per-word validation cross-entropies for hyperparameter combinations in the neighbourhood of the best solution for a 2-layer LSTM with 24M weights on the Penn Treebank dataset.,Parallel Coordinates Plot,False,1,closed-ended infinite answer set visual,What is the value of the output dropout at the rightmost red curve?,[],arxiv,['cs.CL'],scigraphqa,1909.01792,https://arxiv.org/pdf/1909.01792v2
0358149a29d4080021fdd057dbdb7e94,yes,29,28,28,1603.08594v1-Figure8-1.png,1603.08594v1-Figure8-1,Figure 8: Iterations Vs. Correct PP-attachments,line chart,False,1,closed-ended infinite answer set visual,What is the approximate maximum number of correctly identified PP-attachments achieved by the black line?,[],arxiv,['cs.CL'],scigraphqa,1603.08594,https://arxiv.org/pdf/1603.08594v1
0aa15062de0aae3899552b47716583f1,yes,0.3,0.35,0.35,1712.01238v1-Figure8-1.png,1712.01238v1-Figure8-1,"Figure 8: Top: Accuracy during training (solid lines) and chance level (dashed lines) per answer type. Bottom: Normalized informative scores per answer type, averaged over 10k questions. See Section 5.4 for details.",line chart,True,2,closed-ended infinite answer set visual,What is the approximate value of the orange circle at 384k oracle requests (Budget B) on the bottom graph?,[],arxiv,['cs.CV cs.CL cs.LG'],scigraphqa,1712.01238,https://arxiv.org/pdf/1712.01238v1
b9fec7955b48a55c3158b46e17df7021,yes,0.04,0.035,0.035,1301.1429v1-Figure3-1.png,1301.1429v1-Figure3-1,"Fig. 3. Utterance length distributions of (a) different authors in pg (b) different authors in pgs and (c) 50 randomly selected movies in subs. Distribution of utterance lengths over the entire (d) pg, (e) pgs and (f) subs datasets fitted with Eq. (2).","Line Chart,Heat Map",True,6,closed-ended infinite answer set visual,What is the approximate value of the black line in graph (g) at utterance length 20?,[],arxiv,['physics.soc-ph cs.CL physics.data-an'],scigraphqa,1301.1429,https://arxiv.org/pdf/1301.1429v1
7f19242f27fd6c733285e2914644b91b,yes,0.0015,2.5,2.5,1501.00960v4-Figure16-1.png,1501.00960v4-Figure16-1,"FIG. 16: Normalized frequencies of references to years. The top panel resembles a figure from [1] using unfiltered data from English Version 2. (The cited paper uses Version 1.) Note the characteristic rapid rises and gradual declines, as well as the increasing peaks in yearly references. However, while the characteristic shape is still present in fiction (Version 2, bottom)—at much reduced levels—the peaks do not rise. The rising effect is likely due to citations from scientific texts.",line chart,True,2,closed-ended infinite answer set visual,What is the approximate maximum value of the black line representing the year 1950 in the bottom panel?,[],arxiv,['physics.soc-ph cond-mat.stat-mech cs.CL stat.AP'],scigraphqa,1501.00960,https://arxiv.org/pdf/1501.00960v4
310071e14759525cc2570d3caec22342,yes,95,95%,95%,1910.09302v1-Figure2-1.png,1910.09302v1-Figure2-1,Figure 2: Test accuracy on the dative alternation dataset over the syntactic dimension (left) and average performance on the lexical dimension (right) as a function of number of training examples. The larger gaps on the left graph in comparison to the much smaller gaps on the right graph indicate a limited generalization ability over the syntactic dimension and a better one over different dative verbs,line chart,True,2,closed-ended infinite answer set visual,What is the highest accuracy for the solid teal line with circles in the left graph?,[],arxiv,['cs.CL'],scigraphqa,1910.09302,https://arxiv.org/pdf/1910.09302v1
3894cded9c08e5aa30fd9c20dc26c4ea,yes,46.7%,46.50%,46.50%,2010.10743v2-Figure2-1.png,2010.10743v2-Figure2-1,Figure 2: The effect on the number of units: (a) BLEU scores (%) against number of units used in the MUTE model. (b) Inference speed (tokens per second) on GPU against number of units used in the MUTE model. Experiments are conducted on the valid set of NIST ZhEn with decoding batch size = 30 and beam size = 4.,line chart,True,2,closed-ended infinite answer set visual,What is the approximate value of the red dashed line at 2 units in the left graph?,[],arxiv,['cs.CL'],scigraphqa,2010.10743,https://arxiv.org/pdf/2010.10743v2
90d59695fee9ac4168dc5f0383f5a6e2,yes,0.65,0.7,0.7,1907.11889v1-Figure2-1.png,1907.11889v1-Figure2-1,Figure 2: Precision-Recall curves for the top-3 claim matching configurations (all using HM) on test.,line chart,False,1,closed-ended infinite answer set visual,What is the approximate precision value for the blue curve with K=1 at 0.5 recall?,[],arxiv,['cs.CL cs.AI cs.LG'],scigraphqa,1907.11889,https://arxiv.org/pdf/1907.11889v1
77db5238bb0201d7f24615940abe8f91,yes,hurt,monitor,monitor,D17-1108.pdf-Figure1.png,D17-1108.pdf-Figure1,Figure 1: The desired event temporal graph for Ex1. Reverse TLINKs such as hurt is after ripping are omitted for simplicity.,graph,False,1,closed-ended infinite answer set visual,What is the label of the circle with a double arrow pointing towards it?,[],acl,nan,aclfig,D17-1108,https://aclanthology.org/D17-1108.pdf
4d75012b89f1a6f8706cac8d9ae2186b,yes,2,4,4,C08-1027.pdf-Figure1.png,C08-1027.pdf-Figure1,Figure 1: Example word lattice.,graph,False,1,closed-ended infinite answer set visual,How many circles are to the right of the circle containing 'today'?,[],acl,nan,aclfig,C08-1027,https://aclanthology.org/C08-1027.pdf
aa79d440a7c14887aa902e8bbf7c1c95,yes,2.5,2,2,1608.01403v1-Figure3-1.png,1608.01403v1-Figure3-1,"Figure 3: An Analogy in Space. When the analogue values of thethre dimensions described in Figure 2 are plotted, the analogy itself emerges as a parallelogram situated obliquely in the centre of the positive region of the space.",scatter plot,False,1,closed-ended infinite answer set visual,What is the approximate value of the gray axis where the parallelogram intersects?,[],arxiv,['cs.CL'],scigraphqa,1608.01403,https://arxiv.org/pdf/1608.01403v1
8b19cdc736dae15d777a9e9d4c02b0fa,yes,red,pink,pink,2020.acl-main.574.pdf-Figure3.png,2020.acl-main.574.pdf-Figure3,"Figure 3: Visualization of learned representations on CoNLL-03 test dataset. Entity types are represented in different shapes with red for PER, blue for ORG, green for LOC and orange for MISC. Rare entities are represented using bigger points. The points with X are for the delexicalized entities.",scatter plot,False,1,closed-ended infinite answer set visual,What is the colour of the topmost data point?,[],acl,nan,aclfig,2020.acl-main.574,https://aclanthology.org/2020.acl-main.574.pdf
6e248a6321c4a48b870bb27f7298579c,yes,3,5,5,2020.acl-main.134.pdf-Figure3.png,2020.acl-main.134.pdf-Figure3,"Figure 3: An illustration of the swap model. (1) shows a configuration [1 2 | 3 4 5 6], where the stack contains 1 and 2, and the buffer contains 3, 4, 5 and 6, and the model predicts shift to move 3 from the buffer to the stack; (2) is the resulted configuration, and the model predicts swap, which moves 3 back to the buffer behind 4, as shown in (3). The solid black arrows represent the computation already done in the previous steps, and the dashed red arrows represent the new computation needed for the current step.",neural networks,True,3,closed-ended infinite answer set visual,"In configuration (3), what is the number to the right of the black dot in the swap model?",[],acl,nan,aclfig,2020.acl-main.134,https://aclanthology.org/2020.acl-main.134.pdf
337156d0361d23a92dc8b8a8a1388be5,yes,transw,Linear Layer with matrix output,linear layer with matrix output,N18-1044.pdf-Figure2.png,N18-1044.pdf-Figure2,"Figure 2: Diagram of DiffTime. timevec(t) encodes temporal information as a vector. MW encodes lexical information as a matrix. The target vector for w at time t, useW (w, t), is found by combining Transw and timevec(t). Context version useC(c, t) is the same except that it has its own embedding layer.",neural networks,False,1,closed-ended infinite answer set visual,What does the arrow coming out of embedding in the Word Component point to?,[],acl,nan,aclfig,N18-1044,https://aclanthology.org/N18-1044.pdf
569b221f102944c6987402a809368554,yes,-/a_b,$A,$a,Y95-1034.pdf-Figure1.png,Y95-1034.pdf-Figure1,Figure 1.,tree,False,1,closed-ended infinite answer set visual,"What is the label of the node directly below the node labeled ""(o/a_d)""?",[],acl,nan,aclfig,Y95-1034,https://aclanthology.org/Y95-1034.pdf
d52d5901db6ec74b7bcce68f38f9dd40,yes,marco rubio,Ben Sasse,ben sasse,2020.acl-main.475.pdf-Figure1.png,2020.acl-main.475.pdf-Figure1,"Figure 1. The text-based ideal point model (tbip) separates senators by political party using only speeches. The algorithm does not have access to party information, but senators are coded by their political party for clarity (Democrats in blue circles, Republicans in red xs). The speeches are from the 114th U.S. Senate.",Scatter Plot,False,1,closed-ended infinite answer set visual,Which senator is represented by the rightmost red x?,[],acl,nan,aclfig,2020.acl-main.475,https://aclanthology.org/2020.acl-main.475.pdf
51afd440544083b70c9d5bcfe83abd0a,yes,green,red,red,W12-4625.pdf-Figure9.png,W12-4625.pdf-Figure9,Figure 9: Linguistic application of constraint redirect,tree,False,1,closed-ended infinite answer set visual,What is the color of the arrow pointing to the word 'gens' from the word 'dorment'?,[],acl,nan,aclfig,W12-4625,https://aclanthology.org/W12-4625.pdf
20b73cb6b73af08672f2c2613ad0d5eb,yes,0.4,0.3,0.3,1603.00423v1-Figure6-1.png,1603.00423v1-Figure6-1,Figure 6: Ratios at depth 10 in each epoch of training the RNN (a) and the RLSTM (b).,box plot,True,2,closed-ended infinite answer set visual,What is the approximate value of the red horizontal line in the box plot for epoch 10 of the RNN training?,[],arxiv,['cs.AI cs.CL cs.NE'],scigraphqa,1603.00423,https://arxiv.org/pdf/1603.00423v1
20199c3a31d89166ecba9b37056d3d04,yes,0.25,0.3,0.3,2005.07174v1-Figure6-1.png,2005.07174v1-Figure6-1,Figure 6: Effect of class labels on uncertainty estimates.,box plot,True,3,closed-ended infinite answer set visual,What is the approximate value of the red line in the box plot labeled 'Non-Rumour' in the third plot?,[],arxiv,['cs.CL cs.LG'],scigraphqa,2005.07174,https://arxiv.org/pdf/2005.07174v1
a4d03735384982ab293f06b325a67933,yes,blue,light blue,light blue,W19-5211.pdf-Figure14.png,W19-5211.pdf-Figure14,Figure 14: Frequency-based classification accuracy on states from the ENRU decoder.,Heat Map,False,1,closed-ended infinite answer set visual,What is the colour of the cell corresponding to layer 3 and bin 6?,[],acl,nan,aclfig,W19-5211,https://aclanthology.org/W19-5211.pdf
3fdcf0f013270530dca303a1d10621f3,yes,red,orange,orange,W19-5211.pdf-Figure9.png,W19-5211.pdf-Figure9,Figure 9: Frequency-based classification accuracy on states from the ENDE encoder + lexical shortcuts.,Heat Map,False,1,closed-ended infinite answer set visual,What is the colour of the cell in the heatmap that is in the same row as 'layer 2' and the same column as 'bin 3'?,[],acl,nan,aclfig,W19-5211,https://aclanthology.org/W19-5211.pdf
026436e2ef65e7a7fcbe921ca2d82edd,yes,5.0,5,5,2019.ccnlg-1.1.pdf-Figure12.png,2019.ccnlg-1.1.pdf-Figure12,Figure 12: Originality (novelty) scores for each game. Error bars indicate one standard deviation.,bar chart,False,1,closed-ended infinite answer set visual,What is the approximate value of the tallest bar in the figure?,[],acl,nan,aclfig,2019.ccnlg-1.1,https://aclanthology.org/2019.ccnlg-1.1.pdf
49bdc0551d9e5069f947015f5d70a711,yes,60,50,50,1910.10832v1-Figure6-1.png,1910.10832v1-Figure6-1,Figure 6: Histograms of accuracy scores when selecting individual neurons from the 768-dimensional [CLS] embeddings from finetuned models on individual datasets.,histogram,True,3,closed-ended infinite answer set visual,What is the approximate maximum number of neurons with accuracy scores in the range of 0.55 to 0.60 in the bottom graph?,[],arxiv,['cs.CL cs.LG'],scigraphqa,1910.10832,https://arxiv.org/pdf/1910.10832v1
08e8d564814ad8bbf65d74b603764694,yes,light peach or salmon pink,orange,orange,2020.lrec-1.751.pdf-Figure4.png,2020.lrec-1.751.pdf-Figure4,Figure 4: Most popular subreddits for genders,pie chart,False,1,closed-ended infinite answer set visual,What is the color of the section representing the 'AskReddit' subreddit for females?,[],acl,nan,aclfig,2020.lrec-1.751,https://aclanthology.org/2020.lrec-1.751.pdf
857b6d8a8324baf097c94f079f1f5d4f,yes,blue-green,"blue, green, teal","blue, green, teal",2020.acl-main.174.pdf-Figure4.png,2020.acl-main.174.pdf-Figure4,Figure 4: Average composition of a CSI summary based on different crime-related aspects.,pie chart,False,1,closed-ended infinite answer set visual,What color are the slices of the pie chart different shades of?,[],acl,nan,aclfig,2020.acl-main.174,https://aclanthology.org/2020.acl-main.174.pdf
4a89e177412316a30b0ab6a76575236f,yes,0.85,0.9,0.9,1510.06646v2-Figure13-1.png,1510.06646v2-Figure13-1,"Figure 13: Enron corpus, LDA and LDA-GN spam filtering precision and recall scores using different threshold settings",line chart,True,2,closed-ended infinite answer set visual,What is the value of the blue line at the threshold of 0.7 in the graph on the right?,[],arxiv,['cs.LG cs.CL stat.ML'],scigraphqa,1510.06646,https://arxiv.org/pdf/1510.06646v2
3f2146e582670c0e7e97a07ce9210dda,yes,4.2,4,4,1707.00110v1-Figure4-1.png,1707.00110v1-Figure4-1,Figure 4: Comparing training curves for en-fi and en-tr with sigmoid encoder scoring and softmax decoder scoring and position encoding. Note that en-tr curves converged very quickly.,line chart,True,2,closed-ended infinite answer set visual,What is the approximate value of the green line at the x-axis value of 100 in the rightmost plot?,[],arxiv,['cs.CL'],scigraphqa,1707.00110,https://arxiv.org/pdf/1707.00110v1
a0110718385e4af87bd86dfc33931758,yes,0.65,0.6,0.6,1806.08462v2-Figure3-1.png,1806.08462v2-Figure3-1,"Figure 3: Learning curves of the KL term in the VAE loss function (λ ·KL) for different values of λ, and the variant where λ is annealed.",line chart,False,1,closed-ended infinite answer set visual,What is the approximate value of the y-axis at the point where the orange line reaches its maximum value?,[],arxiv,['cs.CL cs.LG stat.ML'],scigraphqa,1806.08462,https://arxiv.org/pdf/1806.08462v2
22015fed71ba4fcf4b2c717cde6bc4af,yes,0.78,0.75,0.75,2020.acl-main.57.pdf-Figure2.png,2020.acl-main.57.pdf-Figure2,Figure 2: The per-turn accuracy of different methods on the test set during fine-tuning with 1 dialog adaptation where the target domain is restaurant.,line chart,False,1,closed-ended infinite answer set visual,What is the approximate value of the per-turn accuracy for the green line at the 10th fine-tuning iteration?,[],acl,nan,aclfig,2020.acl-main.57,https://aclanthology.org/2020.acl-main.57.pdf
a69c4fdd4bfbdb4df1f1119890f17837,yes,0.08,0.1,0.1,1507.04116v1-Figure12-1.png,1507.04116v1-Figure12-1,"FIG. 12: Neural network learning. Error vs epoch of training. Upper panel: English vs Italian. Lower panel: French vs Swedish. Notice that the error on English (namely the percentage of English sentences that are mistakenly classified as Italian) is higher than the error on Italian. By contrast, the error of French vs Swedish is almost symmetric.",line chart,True,2,closed-ended infinite answer set visual,What is the value of the green line in the graph on the left at the 10th epoch?,[],arxiv,['cond-mat.dis-nn cs.CL cs.NE physics.soc-ph'],scigraphqa,1507.04116,https://arxiv.org/pdf/1507.04116v1
1ce69460f9b3fad074419a495d73d89a,yes,548,325,325,1907.00488v1-Figure4.7-1.png,1907.00488v1-Figure4.7-1,"Figure 4.7: Two-epoch model likelihoods. Fisher maximum-likelihood estimation for a 2-epoch BEE model over the text-to-text and text-to-past k = 80 models of 647 of Darwin’s readings. The darker line indicates the window of the 5-year minimum epoch length. Note the phase transition at the 325th volume in the text-to-past case (bottom) and the 548th volume in the text-to-text case (top). Note also that the text-topast case comes close to transition at the 548th volume as well, indicating the strength of the transition to exploration in the third epoch on both local and global scales.",line chart,True,2,closed-ended infinite answer set visual,What is the volume number where the bold part of the black line in the bottom graph reaches its peak?,[],arxiv,['cs.CL cs.CY cs.DL cs.IR'],scigraphqa,1907.00488,https://arxiv.org/pdf/1907.00488v1
c2b2ce1e296c4aa983ab745931d71621,yes,15,16%,16%,1803.10146v3-Figure4-1.png,1803.10146v3-Figure4-1,Figure 4: CERs (%) for different method combinations.,line chart,False,1,closed-ended infinite answer set visual,What is the CER (%) value for the orange line at 100 adaptation utterances?,[],arxiv,['cs.SD cs.CL eess.AS'],scigraphqa,1803.10146,https://arxiv.org/pdf/1803.10146v3
37ccfbad5e4bb7a79287706337b5dd6a,yes,-1.15,-1.2,-1.2,1807.01855v1-Figure2-1.png,1807.01855v1-Figure2-1,"Figure 2． The relations between exponents 1, 2, 3 and the sample size as found in English sample of Leipzig corpus",line chart,False,1,closed-ended infinite answer set visual,What is the approximate value of the y-axis for the yellow line at a sample size of 2 x 10^7?,[],arxiv,['cs.CL'],scigraphqa,1807.01855,https://arxiv.org/pdf/1807.01855v1
f4e89929801b375481db17985a6f617e,yes,70,70%,70%,1904.02668v4-Figure3-1.png,1904.02668v4-Figure3-1,"Figure 3: Inoculation by fine-tuning results. (a–e): NLI accuracy for the ESIM and decomposable attention (DA) models. (f): Reading comprehension F1 scores for the BiDAF and QANet models. Fine-tuning on a small number of word overlap (a) and negation (b) examples erases the performance gap (Outcome 1). Fine-tuning does not yield significant improvement on spelling errors (c) and length mismatch (d), but does not degrade original performance either (Outcome 2). Fine-tuning on numerical reasoning (e) closes the gap entirely, but also reduces performance on the original dataset (Outcome 3). On Adversarial SQuAD (f), around 60% of the performance gap is closed after fine-tuning, though performance on the original dataset decreases (Outcome 3). On each challenge dataset, we observe similar trends between different models.",line chart,True,6,closed-ended infinite answer set visual,What is the value of the orange circle in the bottom left graph at 1000 fine-tuning examples?,[],arxiv,['cs.CL'],scigraphqa,1904.02668,https://arxiv.org/pdf/1904.02668v4
c36ed368fc67c710f22cf3210655fc58,yes,0.62,0.6,0.6,1609.01962v1-Figure2-1.png,1609.01962v1-Figure2-1,Fig. 2. Micro-F1 and Macro-F1 scores for different methods versus the size of the target rumour used for training in the LPO setting on the PHEME dataset. The test set is fixed to all but the first 50 tweets of the target rumour.,line chart,True,2,closed-ended infinite answer set visual,What is the value of the black square at a training size of 20 in the right graph?,[],arxiv,['cs.CL cs.IR cs.SI'],scigraphqa,1609.01962,https://arxiv.org/pdf/1609.01962v1
4d39249db68f9d2e6373e7713dab8772,yes,86.2%,86%,86%,1808.07733v1-Figure1-1.png,1808.07733v1-Figure1-1,"Figure 1: Variation in models trained on SST-2 (sentenceonly). Accuracies of 100 randomly initialized models are plotted against the number of epochs of training (in gray), along with their average accuracies (in red, with 95% confidence interval error bars). The inset density plot shows the distribution of accuracies when trained with early stopping.",line chart,True,2,closed-ended infinite answer set visual,What is the accuracy of the red line when trained for 10 epochs?,[],arxiv,['cs.CL'],scigraphqa,1808.07733,https://arxiv.org/pdf/1808.07733v1
d122bf5aa2b35157889dbe15dcb8816c,yes,20,40,40,2006.13760v1-Figure3-1.png,2006.13760v1-Figure3-1,Figure 3: Training and test performance when training on restricted sets of seeds.,line chart,True,2,closed-ended infinite answer set visual,What is the value of the blue line at 10 training seeds for the 'staircase' metric?,[],arxiv,['cs.LG cs.AI cs.CL cs.NE stat.ML'],scigraphqa,2006.13760,https://arxiv.org/pdf/2006.13760v1
ffaeffe956869ef0048f87ba90b4cec0,yes,1000,10^4,10^4,1103.0890v2-Figure1-1.png,1103.0890v2-Figure1-1,Figure 1. The average CPU time on PKU dataset by varying C on five randomly sample of training and testing datasets.,line chart,True,2,closed-ended infinite answer set visual,What is the approximate CPU time of the cyan line at C = 10 in the left graph?,[],arxiv,['cs.LG cs.CL'],scigraphqa,1103.0890,https://arxiv.org/pdf/1103.0890v2
3194e058fdf35dcf4d75b15fe66cfffb,yes,90,90%,90%,2003.13003v2-Figure4-1.png,2003.13003v2-Figure4-1,Figure 4: Tuning the hyper-parameter λ.,line chart,True,2,closed-ended infinite answer set visual,What is the accuracy of the line with circle markers in the Amazon dataset when λ is 0.2?,[],arxiv,['cs.CL cs.LG'],scigraphqa,2003.13003,https://arxiv.org/pdf/2003.13003v2
21c85acf080b6a769d10044aeac992f3,yes,0.75,0.8,0.8,2020.acl-demos.21.pdf-Figure6.png,2020.acl-demos.21.pdf-Figure6,"Figure 6: F0.5 at various noise levels, averaged across the five datasets.",line chart,True,2,closed-ended infinite answer set visual,What is the approximate value of F0.5 for the green dashed line representing 'Agreed correction + features' at an error rate of 0.15 in the bottom graph?,[],acl,nan,aclfig,2020.acl-demos.21,https://aclanthology.org/2020.acl-demos.21.pdf
e234beaa0b9b0013486a80ceffae5361,yes,55%,55,55,2005.04245v1-Figure6-1.png,2005.04245v1-Figure6-1,"Figure 6: Mean naive distance, backwards-range (←−σ ), and % of utterances with questions, per segment for riskassessed (orange) and non-risk-assessed (black) conversations; solid circles indicate statistically significant differences (Wilcoxon p < 0.01, comparing conversation types within counselor).",line chart,True,3,closed-ended infinite answer set visual,What is the value of the orange line at the 60% conversation segment in the rightmost graph?,[],arxiv,['cs.CL'],scigraphqa,2005.04245,https://arxiv.org/pdf/2005.04245v1
4576e5766991476030d06dfa46681531,yes,0.72,75%,75%,1904.05542v1-Figure7-1.png,1904.05542v1-Figure7-1,Figure 7: Nearest neighbor translation accuracy as a function of (log) parallel corpus size. The legend shows the average accuracies of each model using 1M parallel sentences.,line chart,False,1,closed-ended infinite answer set visual,What is the nearest neighbor translation accuracy of the solid green line when the parallel corpus size is 20K?,[],arxiv,['cs.CL'],scigraphqa,1904.05542,https://arxiv.org/pdf/1904.05542v1
d7033b2e868a931adb6c581dca5776ba,yes,0.35,0.5,0.5,1404.4714v1-Figure3-1.png,1404.4714v1-Figure3-1,"Figure 3: Accuracy of C&W, word2vec and our radical-enhanced model with K=10.",line chart,False,1,closed-ended infinite answer set visual,What is the accuracy of the line with yellow markers when alpha is 0.6?,[],arxiv,['cs.CL'],scigraphqa,1404.4714,https://arxiv.org/pdf/1404.4714v1
a5fd638421c67f2cb52f11fada7ccc31,yes,75,75%,75%,2007.04686v1-Figure1-1.png,2007.04686v1-Figure1-1,"Figure 1: The impact of number of principal components (k) on parsing accuracy (UAS, LAS); development set.",line chart,False,1,closed-ended infinite answer set visual,What is the value of the red line when k is 40?,[],arxiv,['cs.CL'],scigraphqa,2007.04686,https://arxiv.org/pdf/2007.04686v1
620c7614389ff5c71c567b08e79d1c6c,yes,82,85%,85%,2010.11230v1-Figure4-1.png,2010.11230v1-Figure4-1,"Figure 4: Comparison of the supervised training baseline and the proposed self-supervised pretraining methods for the in-domain test set using different number of training samples (top: AUC-PR, bottom: AUC-ROC).",line chart,True,2,closed-ended infinite answer set visual,What is the value of the AUC-PR for the orange line when the number of training samples is approximately 10^3?,[],arxiv,['cs.LG cs.CL'],scigraphqa,2010.11230,https://arxiv.org/pdf/2010.11230v1
e25700a221facf601883cf42aece0ae2,yes,0.90,0.91,0.91,1711.07908v3-Figure6-1.png,1711.07908v3-Figure6-1,Figure 6: Smoothed precision-recall curves for models with BiLM pretraining and no pretraining. Best viewed in color.,line chart,True,2,closed-ended infinite answer set visual,What is the approximate value of the precision for the red curve in the right graph when the recall is 0.775?,[],arxiv,['cs.CL'],scigraphqa,1711.07908,https://arxiv.org/pdf/1711.07908v3
e9b9f85179c1fc4c556d01a335563a4c,yes,-0.35,-0.4,-0.4,1605.03261v1-Figure12-1.png,1605.03261v1-Figure12-1,Fig. 12: Principle Component Analysis on the Cs neurons (with different object locations),line chart,False,1,closed-ended infinite answer set visual,What is the approximate value of the x-axis where the arrow labeled 'pos 3' is pointing on the main line?,[],arxiv,['cs.RO cs.CL'],scigraphqa,1605.03261,https://arxiv.org/pdf/1605.03261v1
35d6fc1099eeb4f3d7de867a6c39f60d,yes,77.5,77,77,2010.01694v1-Figure2-1.png,2010.01694v1-Figure2-1,"Figure 2: Average results on a) all GLUE tasks, b) only inference tasks (MNLI, QNLI, RTE), and c) non-inference tasks (QQP, SST-2, CoLA, STS-B, MRPC) for models trained on MLM, MLM + NSP, and MLM with NSP’s split context but no NSP loss (Split) throughout training over 10 billion tokens.",line chart,True,3,closed-ended infinite answer set visual,What is the average score on all GLUE tasks for the blue line when 4 billion tokens are used for training?,[],arxiv,['cs.CL cs.LG'],scigraphqa,2010.01694,https://arxiv.org/pdf/2010.01694v1
bd27b7aa0867bf59745a8230e4f9289f,yes,1650,1600,1600,1709.05227v1-Figure4-1.png,1709.05227v1-Figure4-1,"Figure 4: Errors corrected for dynamic-proposed and several other settings (see Table 7.2), plotted against update frequency (first 3 methods) or enrollment time (following 2 methods) as described in the text.",line chart,False,1,closed-ended infinite answer set visual,What is the approximate value of corrected errors for the blue line at an update frequency of 100 minutes?,[],arxiv,['cs.CL'],scigraphqa,1709.05227,https://arxiv.org/pdf/1709.05227v1
d099838eed9d2ddeff243e21d925a683,yes,0.67,0.65,0.65,1705.03261v2-Figure5-1.png,1705.03261v2-Figure5-1,Fig. 5. The F1 scores on the whole testing set,line chart,False,1,closed-ended infinite answer set visual,What is the value of the F1 score of the green dashed line at step 1000?,[],arxiv,['cs.CL'],scigraphqa,1705.03261,https://arxiv.org/pdf/1705.03261v2
e02ddc06acaf0a41e1014d69fd3695e1,yes,95,100,100,2005.01320v1-Figure1-1.png,2005.01320v1-Figure1-1,Figure 1: Statistics of “FinTech” in Google Trends.,line chart,False,1,closed-ended infinite answer set visual,What is the approximate value of the blue line at the end of the x-axis?,[],arxiv,['cs.CL'],scigraphqa,2005.01320,https://arxiv.org/pdf/2005.01320v1
fc51afedf7bb5dc75e9ed0e061433294,yes,35,34,34,1907.08922v1-Figure1-1.png,1907.08922v1-Figure1-1,Figure 1: Female Employment Numbers,line chart,False,1,closed-ended infinite answer set visual,What is the approximate percentage of female employment in 1990?,[],arxiv,['cs.CL cs.CY cs.LG stat.ML'],scigraphqa,1907.08922,https://arxiv.org/pdf/1907.08922v1
fec134d89a2bdd52a0ec13698a68bde8,yes,25,25%,25%,1905.13418v1-Figure2-1.png,1905.13418v1-Figure2-1,Figure 2: Percentage of types and sentences covered as a function of type frequency. The vast majority of types (80%) are rare (have less than 10 occurrences). At least one such type is present in a non-negligible part of the corpus (12% of the overall sentences). A significant portion of types (45%) appears just once throughout the corpus.,line chart,False,1,closed-ended infinite answer set visual,What is the percentage of green line when the threshold type frequency is 10^3?,[],arxiv,['cs.CL cs.LG'],scigraphqa,1905.13418,https://arxiv.org/pdf/1905.13418v1
6fbb0a6da553320dcbe85fe322d769e7,yes,0.59,0.6,0.6,2002.00838v1-Figure1-1.png,2002.00838v1-Figure1-1,"Figure 1: We developed a fake news classification model and trained it on PolitiFact. We evaluated the model on GossipCop. Clearly, our PSM-based method performs better than the baseline method (higher AUROC).",line chart,False,1,closed-ended infinite answer set visual,What is the approximate value of the red line at x = 60?,[],arxiv,['cs.SI cs.CL cs.LG stat.ML'],scigraphqa,2002.00838,https://arxiv.org/pdf/2002.00838v1
a25f385ea4a6d186835deba13c478dc4,yes,30,28%,28%,1908.07181v5-Figure3-1.png,1908.07181v5-Figure3-1,Figure 3: ELBO and BLEU scores measured with the target predictions obtained at each inference step for ASPEC Ja-En and WMT’14 En-De datasets.,line chart,False,1,closed-ended infinite answer set visual,What is the approximate BLEU value of the blue dashed line at the 4th iterative step?,[],arxiv,['cs.CL cs.LG'],scigraphqa,1908.07181,https://arxiv.org/pdf/1908.07181v5
d53ca4495b2f1d0de468aa7323111deb,yes,86.8,87.4,87.4,1905.11658v3-Figure3-1.png,1905.11658v3-Figure3-1,Figure 3: Effect of L2 and L3.,line chart,True,2,closed-ended infinite answer set visual,What is the value of the red line at lambda equal to 0.2?,[],arxiv,['cs.CL'],scigraphqa,1905.11658,https://arxiv.org/pdf/1905.11658v3
ea1d117670254430c7bbc6d2debb6ed3,yes,87,85%,85%,2006.00838v1-Figure8-1.png,2006.00838v1-Figure8-1,"Figure 8: UAS for different models for Arabic, Dutch, Finnish, and Russian development treebanks.",line chart,True,4,closed-ended infinite answer set visual,What is the UAS value of the blue dotted line in the bottom right graph at 12K number of trees?,[],arxiv,['cs.CL'],scigraphqa,2006.00838,https://arxiv.org/pdf/2006.00838v1
4e6e272700d17f9925d1d7aecd4149dc,yes,0.76,0.75,0.75,1810.00664v1-Figure2-1.png,1810.00664v1-Figure2-1,Fig. 2. Hyper-parameter tuning of D2V for each testing scenario.,line chart,True,9,closed-ended infinite answer set visual,"What is the maximum value reached by the blue line in the plots labeled ""Abstract""?",[],arxiv,['cs.CL cs.LG stat.ML'],scigraphqa,1810.00664,https://arxiv.org/pdf/1810.00664v1
c71b11d7c278d995b4b4215089922c4c,yes,30,35,35,2002.02353v1-Figure3-1.png,2002.02353v1-Figure3-1,"Figure 3. Distributions of popularity scores calculated by arithmetic, geometric and harmonic progressions on the same datasets.",line chart,False,1,closed-ended infinite answer set visual,What is the highest value on the y-axis for the green line representing the Harmonic Progression?,[],arxiv,['cs.CL'],scigraphqa,2002.02353,https://arxiv.org/pdf/2002.02353v1
2d27b47cb0d2ff9fd7f585390f8ad411,yes,90,80,80,2008.09049v1-Figure2-1.png,2008.09049v1-Figure2-1,Figure 2: Plot of sentence length vs. BLEU score on LRC for experiment IV with error regions of ±σ.,line chart,False,1,closed-ended infinite answer set visual,What is the approximate BLEU score of the purple line at a sentence length of 25?,[],arxiv,['cs.CL cs.LG'],scigraphqa,2008.09049,https://arxiv.org/pdf/2008.09049v1
9d02a078f1061f6f25045432b1f8cd06,yes,0.10,0.12,0.12,1805.00471v1-Figure3-1.png,1805.00471v1-Figure3-1,"Figure 3. For the Arkansas dataset, the average topic distance between the “training” half and “validation” half the black interviewer dataset (the “baseline”) compared to the average topic distance between the “training” half of the black interviewer dataset and the white interviewer dataset (the “dist”).",line chart,False,1,closed-ended infinite answer set visual,What is the approximate value of the dashed red line at 45 Num of Topics?,[],arxiv,['cs.CL'],scigraphqa,1805.00471,https://arxiv.org/pdf/1805.00471v1
05c2d80ba09cb165644fed634009431f,yes,8.5,12,12,1508.01211v2-Figure3-1.png,1508.01211v2-Figure3-1,"Figure 3: The effect of the decode beam width on WER for the clean Google voice search task. The reported WERs are without a dictionary or language model, with language model rescoring and the oracle WER for different beam widths. The figure shows that good results can be obtained even with a relatively small beam size.",line chart,False,1,closed-ended infinite answer set visual,What is the approximate value for the red line at the beam width of 4?,[],arxiv,['cs.CL cs.LG cs.NE stat.ML'],scigraphqa,1508.01211,https://arxiv.org/pdf/1508.01211v2
268aecbdaedd1f29192affbe3c3e5ea5,yes,0.0275,0.028,0.028,2010.06396v2-Figure4-1.png,2010.06396v2-Figure4-1,"Figure 4: In this Figure we show the KL divergence to human attention of CNN and the LSTM models (cf. Figure 4a as well as of CNN and the XLNet models (cf. Figure 4b) to point out the differences between models. The CNN model divergences are highlighted in the large blue dots, and LSTM and XLNet models are indicated in smaller orange dots. The correctness (in red) indicated on the right y-axis, shows the number correct CNN models per document.",Scatter Plot,True,2,closed-ended infinite answer set visual,What is the approximate maximum value of the KL Divergence for the blue dots in Figure 4b?,[],arxiv,['cs.CL'],scigraphqa,2010.06396,https://arxiv.org/pdf/2010.06396v2
e8aa357291b9ac97d700f63ebda141d2,yes,1,2,2,1612.00866v1-Figure5-1.png,1612.00866v1-Figure5-1,Figure 5: Total Phoenix Events Over Time,line chart,False,1,closed-ended infinite answer set visual,How many peaks are higher than 5500?,[],arxiv,['cs.CL'],scigraphqa,1612.00866,https://arxiv.org/pdf/1612.00866v1
6fc9c6780bf5098ec1376e1cea91a2d7,yes,r12,R32,r32,C02-1151.pdf-Figure1.png,C02-1151.pdf-Figure1,Figure 1: Conceptual view of entities and relations,graph,True,1,closed-ended infinite answer set visual,What is the label of the arrow pointing from E1 to E2?,[],acl,nan,aclfig,C02-1151,https://aclanthology.org/C02-1151.pdf
8c582ce2e44c6580ba790b3eac66c283,yes,0.05,1,1,1310.7782v2-Figure5-1.png,1310.7782v2-Figure5-1,"Figure 5. Numerical World Color Survey with human JNDs: weakness of the bias. The histogram of the squared distance d = ∑14 i=1(xi − xi) 2 between the position of the i-th centroid and its average (“typical”) value. Black data represent the statistics of those populations displaying 14 linguistic categories at the end of Category Game simulations with the human JND, which were roughly ∼ 1300 of the total 5000 considered populations. The inset displays the actual values of d for each population. Green and red data come from a “Random” model where each “language” is produced by a uniform random distribution of 14 category centroids. A random case with a very large number of languages (red curve) represents the “ideal” statistics of such a model. The distances d from the average pattern (shown in the inset) appear to have a larger average drand than the Category Game model dCG (where by d we refer to the mean value of the random and the CG cases, respectively), but since we are interested in the fluctuations we have rescaled the random model data, dividing them by drand/dCG, in order to compare the histograms. A power law fit ∼ x−3 is also shown as a guide for the eye.",Line Chart,True,1,closed-ended infinite answer set visual,What is the approximate value of d (squared distance from typical pattern) where the green dashed line intersects the y-axis?,[],arxiv,['physics.soc-ph cs.CL cs.MA q-bio.PE'],scigraphqa,1310.7782,https://arxiv.org/pdf/1310.7782v2
d30f2e235b3b0e74928f95d7370e9eb5,yes,0.9593,0.96,0.96,1302.4619v1-Figure3-1.png,1302.4619v1-Figure3-1,"Figure 3. Node degree distribution (log-log scale) of CHVG constructed from “The Master and Margarita” (a) and “Moby-Dick; or, The Whale” (b). Horizontal axis contains node degrees k, vertical axis shows the values 1 – F(k), where F(k) is a distribution function of node degrees",Line Chart,True,2,closed-ended infinite answer set visual,What is the value of R² for the straight horizontal line in (b)?,[],arxiv,['cs.CL cs.DS'],scigraphqa,1302.4619,https://arxiv.org/pdf/1302.4619v1
f9a6565e779a3043ce48860c0a16941a,yes,light blue,blue,blue,2020.acl-main.165.pdf-Figure4.png,2020.acl-main.165.pdf-Figure4,"Figure 4: Illustration of Our Multi-domain NMT Model: Normalization and residual connection are omitted for simplicity. For all other detail, please refer to Vaswani et al. (2017).",neural networks,False,1,closed-ended infinite answer set visual,What is the color of the rectangle labeled 'Softmax'?,[],acl,nan,aclfig,2020.acl-main.165,https://aclanthology.org/2020.acl-main.165.pdf
d3abd7cb85fa8874d86054ab156e418b,yes,0.035,0.03,0.03,W12-0703.pdf-Figure5.png,W12-0703.pdf-Figure5,"Figure 5: Figure of box plots for different inference iterations i and m = 1000, T = 100,  = 50/T ,  = 0.1, r = 1 .",box plot,False,1,closed-ended infinite answer set visual,What is the approximate median value of the leftmost box?,[],acl,nan,aclfig,W12-0703,https://aclanthology.org/W12-0703.pdf
6a021f4b2fec3f7d445f4dfdab9ad071,yes,dark blue,black,black,W16-4821.pdf-Figure1.png,W16-4821.pdf-Figure1,Figure 1: The confusion matrix of the system as in run1 (Table 1).,confusion matrix,False,1,closed-ended infinite answer set visual,What is the color of the cell representing the system's accuracy for predicting 'fr-ca' when the true label is 'fr-fr'?,[],acl,nan,aclfig,W16-4821,https://aclanthology.org/W16-4821.pdf
96ed06e1765ad5965d200c2d1aad99fc,yes,0.75,0.7,0.7,2020.acl-main.158.pdf-Figure5.png,2020.acl-main.158.pdf-Figure5,"Figure 5: Evaluation results on all models, split across test suite circuits.",bar chart,False,1,closed-ended infinite answer set visual,What is the approximate SG score of the yellow bar representing 'Transformer-XL*' model in the 'Center Embedding' circuit?,[],acl,nan,aclfig,2020.acl-main.158,https://aclanthology.org/2020.acl-main.158.pdf
d514ba3c0e970021a00d3950396587b7,yes,1000000,10^6,10^6,2020.lrec-1.399.pdf-Figure1.png,2020.lrec-1.399.pdf-Figure1,Figure 1: Distribution of names with a certain length in characters,Histogram,False,1,closed-ended infinite answer set visual,What is the approximate maximum height of the highest bar?,[],acl,nan,aclfig,2020.lrec-1.399,https://aclanthology.org/2020.lrec-1.399.pdf
4200f3c0cd0cec6694df165e25e2691d,yes,65,60,60,2009.08065v4-Figure5-1.png,2009.08065v4-Figure5-1,Figure 5: Layer sensitivity with DistilBERT model.,line chart,False,1,closed-ended infinite answer set visual,What is the approximate maximum retraining accuracy of the green line?,[],arxiv,['cs.CL cs.AI cs.LG'],scigraphqa,2009.08065,https://arxiv.org/pdf/2009.08065v4
45cafa3ef57e09f8ba936ec2e5db93a5,yes,6.5,4.5,4.5,2009.00429v1-Figure2-1.png,2009.00429v1-Figure2-1,"Fig. 2. Plots of ln gm,k (upper panel) and of ln gm (lower panel) against prefix length m for model parameters corresponding to English (see Table 1) and ε = 1/20. In the upper panel, the number k = 0, . . . , m of mishearings is denoted by the symbol colours (black, red, green, blue, etc. denote k = 0, 1, 2, 3, . . . ). In the lower panel, colours denote values of the mishearing probability q (see legend). The thick purple curve corresponds to the threshold value qth = 0.1805.",line chart,True,2,closed-ended infinite answer set visual,"What is the approximate value of ln^(gm,k) when m is 15 for the black line?",[],arxiv,['cs.CL cond-mat.stat-mech'],scigraphqa,2009.00429,https://arxiv.org/pdf/2009.00429v1
a06d6c70dcf220baef925e2ef4e0b6b3,yes,96.2%,96%,96%,1908.08419v3-Figure5-1.png,1908.08419v3-Figure5-1,Fig. 5 Comparisons between different sampling strategies when the ratio of initial labeled set and unlabeled set is 3:7.,line chart,True,2,closed-ended infinite answer set visual,What is the approximate F1-score of the red line at the 3rd iteration in the first chart?,[],arxiv,['cs.CL'],scigraphqa,1908.08419,https://arxiv.org/pdf/1908.08419v3
bde146fbba163c37876f0c3ad9be2113,yes,0.55,0.5,0.5,1611.00457v1-Figure6-1.png,1611.00457v1-Figure6-1,Figure 6. Proportion of balanced triangles with different proportions of positive edges in traditional balance theory,line chart,False,1,closed-ended infinite answer set visual,What is the approximate value of the red line at a positive edge of 40%?,[],arxiv,['cs.SI cs.CL'],scigraphqa,1611.00457,https://arxiv.org/pdf/1611.00457v1
745ac75e7a80aac7daedf41a2e29e6e0,yes,85,20,20,1906.03656v1-Figure5-1.png,1906.03656v1-Figure5-1,Figure 5: Pre-training performance vs. downstream accuracy on Yelp. Performance measured on validation data. There is no apparent correlation between BLEU and downstream accuracy.,line chart,False,1,closed-ended infinite answer set visual,What is the approximate BLEU value of the blue dashed line at 10 pre-training epochs?,[],arxiv,['cs.CL'],scigraphqa,1906.03656,https://arxiv.org/pdf/1906.03656v1
36f78902494408c9aa169ac5bfb236ef,yes,0.75,0.7,0.7,1311.5427v2-Figure6-1.png,1311.5427v2-Figure6-1,"Figure 6. Emergence (left), self-organization (center) and complexity (right) for English, Spanish and Computer Code. Vertical axis are dimensionless [0-1]. . These plots are based on Equations (4), (5) and (6) combined with Equations (15a), (15b), (15c), (11a), (11b) and (11c).",line chart,True,3,closed-ended infinite answer set visual,What is the approximate value of the black dashed line at the length of 8.19 thousands of words on the emergence plot?,[],arxiv,['cs.CL cs.IT math.IT nlin.AO physics.soc-ph'],scigraphqa,1311.5427,https://arxiv.org/pdf/1311.5427v2
f9f79970c9601e3e5cbd68fe9fe6c82e,yes,75,80,80,2010.02693v2-Figure3-1.png,2010.02693v2-Figure3-1,"Figure 3: The number of uncoordinated slots of our joint model (One Pass), joint model with CRF (One Pass+CRF) and SlotRefine (Two Pass) during training.",line chart,False,1,closed-ended infinite answer set visual,What is the approximate value of uncoordinated slots for the blue line at 10 training epochs?,[],arxiv,['cs.CL cs.AI cs.LG'],scigraphqa,2010.02693,https://arxiv.org/pdf/2010.02693v2
fde0b74e1040643807deb767b2314e44,yes,75,80,80,1908.10090v1-Figure4-1.png,1908.10090v1-Figure4-1,Figure 4: Number of search errors under Beam-10 and empty global bests over the source sentence length.,line chart,False,1,closed-ended infinite answer set visual,What is the percentage of the blue line for source sentence lengths between 30 and 40 words?,[],arxiv,['cs.CL'],scigraphqa,1908.10090,https://arxiv.org/pdf/1908.10090v1
437bcf075dcf75277eb7788c1170f9e3,yes,-0.5,-1.5,-1.5,2004.13195v1-Figure4-1.png,2004.13195v1-Figure4-1,"Figure 4: Mean target probability of ω using CD with α in focus, out-domain test set. Solid lines are trained in the unfamiliar-conduit set, dashed lines on familiarconduit.",line chart,False,1,closed-ended infinite answer set visual,What is the value of the green dashed line at epoch 20?,[],arxiv,['cs.CL cs.LG stat.ML'],scigraphqa,2004.13195,https://arxiv.org/pdf/2004.13195v1
60550fa26b0430ebfecfbb1f0b7a3f2e,yes,0.0002,0.002,0.002,2010.06786v1-Figure3-1.png,2010.06786v1-Figure3-1,Fig. 3. The training and validation loss and accuracy over 50 epochs of training,line chart,True,2,closed-ended infinite answer set visual,"In the first graph, what is the value of the red line at epoch 50?",[],arxiv,['cs.CL'],scigraphqa,2010.06786,https://arxiv.org/pdf/2010.06786v1
391d27968818de6f0e60dae631923bc5,yes,0.85,0.9,0.9,1907.05333v1-Figure4-1.png,1907.05333v1-Figure4-1,Fig. 4. The Precicion-Recall curve of different algorithms on NYT and GDS datasets,line chart,True,2,closed-ended infinite answer set visual,What is the precision value of the red line at a recall value of approximately 0.9?,[],arxiv,['cs.CL cs.IR'],scigraphqa,1907.05333,https://arxiv.org/pdf/1907.05333v1
00072075c91d220bbf1f5639d99ce005,yes,0.17,0.18,0.18,2010.03574v1-Figure5-1.png,2010.03574v1-Figure5-1,"Figure 5: Performance comparison for discharge summaries of different lengths in readmission prediction. Selecting valuable information is most useful for the fourth quartile, the longest discharge summaries.",line chart,True,4,closed-ended infinite answer set visual,"In the fourth quartile, what is approximately the value of the red line at 40% token length?",[],arxiv,['cs.CL cs.AI cs.CY cs.LG'],scigraphqa,2010.03574,https://arxiv.org/pdf/2010.03574v1
fa6e20852d803c641dfbc2c698ec1608,yes,10,12%,12%,1803.06535v2-Figure2-1.png,1803.06535v2-Figure2-1,Figure 2: Percentage of sentences binned according to formality score in train set of E&M,line chart,False,1,closed-ended infinite answer set visual,What is the approximate percentage of sentences in the train set of E&M with a formality score between -0.5 and -0.25 for the solid black line?,[],arxiv,['cs.CL'],scigraphqa,1803.06535,https://arxiv.org/pdf/1803.06535v2
434be2a466001635e5fd8335ed4cfca7,yes,75%,75,75,1506.00839v2-Figure3-1.png,1506.00839v2-Figure3-1,Figure 3 Accuracy (%) results obtained on the Switchboard corpus using context information extracted from the n preceding segments in different forms.,line chart,False,1,closed-ended infinite answer set visual,What is the approximate value of the green line when the number of preceding segments is 2 and the number of labels is 42?,[],arxiv,['cs.CL'],scigraphqa,1506.00839,https://arxiv.org/pdf/1506.00839v2
4477bc2c337a17f395d1a3fb815973a6,yes,450,500,500,1810.04839v1-Figure2-1.png,1810.04839v1-Figure2-1,"Figure 2: Relation between some of the different gaze features and the score. The gaze features are (a) RD, (b) SFD, (c) FC and (d) RC. For figures (a) and (b), the units on the y-axis are milliseconds. For figures (c) and (d) the numbers are a ratio to the number of interest areas in the text. The x-axis in all 4 graphs is the score given by the annotators.",line chart,True,4,closed-ended infinite answer set visual,What is the value of the orange line at the score of 2 in figure (a)?,[],arxiv,['cs.CL'],scigraphqa,1810.04839,https://arxiv.org/pdf/1810.04839v1
ecf35121c146590cf0bdac5890112c9f,yes,98%,98,98,1909.09814v2-Figure5-1.png,1909.09814v2-Figure5-1,Figure 5: Performance of CoNLL-2005 models after performing corrections from He et al. (2017).,line chart,False,1,closed-ended infinite answer set visual,What is the approximate performance of the orange line at the 'fix both boundaries' point?,[],arxiv,['cs.CL cs.LG'],scigraphqa,1909.09814,https://arxiv.org/pdf/1909.09814v2
7b9018f276744f9755f8d34ebe48f040,yes,0.95,0.8,0.8,1812.02354v1-Figure4-1.png,1812.02354v1-Figure4-1,Figure 4: Case Study of Multi-View Attention,line chart,True,4,closed-ended infinite answer set visual,What is the approximate attention weight of the red line at the word 'guidebook' in the bottom right graph?,[],arxiv,['cs.CL'],scigraphqa,1812.02354,https://arxiv.org/pdf/1812.02354v1
a254ba7e0ed5b0faae2bdb1325e14162,yes,2.0,3,3,2008.09676v3-Figure4-1.png,2008.09676v3-Figure4-1,Figure 4: Cross Entropy: Training vs Validation,line chart,False,1,closed-ended infinite answer set visual,"What is the approximate value of the green line at the step 150,000?",[],arxiv,['cs.CL cs.AI'],scigraphqa,2008.09676,https://arxiv.org/pdf/2008.09676v3
215d85b8bdfceb5d1253acdb342fa975,yes,82.5,82%,82%,2006.05676v1-Figure9-1.png,2006.05676v1-Figure9-1,Figure 9: Phase 2 exact match improvement Figure 10: Phase 2 F1 score improvement,line chart,True,4,closed-ended infinite answer set visual,What is the approximate value of the orange line at 0.35 epochs in the top-left graph?,[],arxiv,['cs.CL cs.LG stat.ML'],scigraphqa,2006.05676,https://arxiv.org/pdf/2006.05676v1
1a3e0da13b2773754b839b7ac9d0238a,yes,80.34,80,80,2004.14769v2-Figure3-1.png,2004.14769v2-Figure3-1,"Figure 3: Performances of DE-CNN and BERT-FTC on different-sized augmentation datasets, where 1 means the original datasets without augmentation. All the results are based on the average scores of five runs.",line chart,True,2,closed-ended infinite answer set visual,"What is the value of the orange line at the augmentation size of 5 in the ""Laptop"" graph?",[],arxiv,['cs.CL'],scigraphqa,2004.14769,https://arxiv.org/pdf/2004.14769v2
a68a0eb1b55867cdbdcf645785613a84,yes,545,540,540,1607.01274v1-Figure1-1.png,1607.01274v1-Figure1-1,Figure 1: Perplexity results for the job advertisements from February to September in 2014.,line chart,False,1,closed-ended infinite answer set visual,What is the approximate perplexity value for the line with circles in June?,[],arxiv,['cs.CL cs.IR cs.LG'],scigraphqa,1607.01274,https://arxiv.org/pdf/1607.01274v1
c60b6d737c762d89aa9037eb8eecc7b9,yes,3000,-10,-10,2008.07605v1-Figure2-1.png,2008.07605v1-Figure2-1,"Figure 2: The change of the polarity-over-time (POT) score of “coronavirus”, “lockdown”, and “pandemic” early in 2020.",line chart,False,1,closed-ended infinite answer set visual,What is the approximate value of the red line on the date labelled as 2020-04-13?,[],arxiv,['cs.CL'],scigraphqa,2008.07605,https://arxiv.org/pdf/2008.07605v1
4aed9416c58fbb36361ae884889808fb,yes,4.4,5,5,1811.02549v6-Figure4-1.png,1811.02549v6-Figure4-1,Figure 4: Results on the EMNLP 2017 News dataset. (lower is better for all metrics). MLE under a temperature sweep achieves better quality-diversity trade-off compared to the GAN approaches.,line chart,True,2,closed-ended infinite answer set visual,What is the value of the red line at the LM score of 2?,[],arxiv,['cs.CL cs.LG'],scigraphqa,1811.02549,https://arxiv.org/pdf/1811.02549v6
ac54a61510bdc9c8214e51c163089186,yes,82,80%,80%,1909.09292v1-Figure3-1.png,1909.09292v1-Figure3-1,Fig. 3. Ablation study of BERT fine-tuning on only the first/embedding layer.,line chart,True,2,closed-ended infinite answer set visual,"What is the approximate maximum value of the blue dashed line in the graph labeled ""Performance on PKU""?",[],arxiv,['cs.CL cs.LG stat.ML'],scigraphqa,1909.09292,https://arxiv.org/pdf/1909.09292v1
a63f8b9609b0ab947228822b524eba38,yes,0.5,0.9,0.9,2018.lilt-16.1.pdf-Figure2.png,2018.lilt-16.1.pdf-Figure2,FIGURE 2 Results for a single RUSS layer.,line chart,False,1,closed-ended infinite answer set visual,What is the approximate value of the green line at a depth of 16?,[],acl,nan,aclfig,2018.lilt-16.1,https://aclanthology.org/2018.lilt-16.1.pdf
8c01eadfd55e0c151433b7633174fb92,yes,6,5,5,1702.04615v1-Figure4-1.png,1702.04615v1-Figure4-1,Fig. 4: Lasso Classifier with word counts validation/dev sensitivity-specificity curve,line chart,False,1,closed-ended infinite answer set visual,How many dots are there in y=1?,[],arxiv,['cs.CL'],scigraphqa,1702.04615,https://arxiv.org/pdf/1702.04615v1
4b5a1abb6d2f6ea1c1edc30728ae2b35,yes,37.5,37,37,1809.02992v1-Figure4-1.png,1809.02992v1-Figure4-1,"Figure 4: Comparison among the decoding results of the MT03 test dataset on the single GeForce GTX TITAN X GPU server under the three different searching settings. y-axis represents the BLEU score of translations, x-axis indicates that how long it will take for translating one word on average.",line chart,True,2,closed-ended infinite answer set visual,What is the approximate BLEU score of the red line at 10 ms/word in the left graph?,[],arxiv,['cs.CL cs.AI'],scigraphqa,1809.02992,https://arxiv.org/pdf/1809.02992v1
764b6dcccf2778247af2f78c87d1c24a,yes,0.02,0.05,0.05,1907.04954v1-Figure3-1.png,1907.04954v1-Figure3-1,Figure 3: PINC when comparing to the master,line chart,False,1,closed-ended infinite answer set visual,What is the approximate value of PINC for the green line at iteration 20?,[],arxiv,['cs.CL'],scigraphqa,1907.04954,https://arxiv.org/pdf/1907.04954v1
273f53c5e9c1303ba785c3ff978ff8c3,yes,0.45,0.5,0.5,2009.10847v1-Figure4-1.png,2009.10847v1-Figure4-1,"Figure 4: Statement length experiment. STARE (H) + Transformer (H) saturates after two qualifiers with slightly increase, whereas Transformer (H) is unstable in handling qualifiers.",line chart,True,4,closed-ended infinite answer set visual,What is the approximate value of the dashed green line at the fourth qualifier pair in the second panel?,[],arxiv,['cs.LG cs.AI cs.CL stat.ML'],scigraphqa,2009.10847,https://arxiv.org/pdf/2009.10847v1
5e21aa73cd7837b324d93a71b071f3b0,yes,96,96%,96%,1704.07047v1-Figure3-1.png,1704.07047v1-Figure3-1,Figure 3: The effect of different beam sizes.,line chart,False,1,closed-ended infinite answer set visual,What is the approximate F1-score of the red line at a beam size of 2?,[],arxiv,['cs.CL'],scigraphqa,1704.07047,https://arxiv.org/pdf/1704.07047v1
bd08900ee4c2ef374177c27e5637e761,yes,0.7,0.95,0.95,2020.acl-main.66.pdf-Figure5.png,2020.acl-main.66.pdf-Figure5,"Figure 5: HUSE-D vs HUSE-Q for loss truncation, truncation + rejection sampling, and baselines. The red line shows the best achievable frontier via ensembling. Truncation and rejection outperform all baselines.",line chart,False,1,closed-ended infinite answer set visual,What is the approximate HUSE-Q value of the red point located at the highest HUSE-D value on the red line?,[],acl,nan,aclfig,2020.acl-main.66,https://aclanthology.org/2020.acl-main.66.pdf
112d20b95cc570f43ae04c8fd3449231,yes,75,65,65,2004.02363v1-Figure3-1.png,2004.02363v1-Figure3-1,Figure 3: Performance for various approaches by varying the fraction of events seen by the model. We present results on Accuracy±10 for different product categories.,line chart,True,5,closed-ended infinite answer set visual,What is the approximate value of the green line in the Phone category when the fraction of events seen is 0.8?,[],arxiv,['cs.CL cs.HC'],scigraphqa,2004.02363,https://arxiv.org/pdf/2004.02363v1
31260262c8f197fb45ac620a09f5b0f8,yes,0.85,0.8,0.8,1904.02099v3-Figure6-1.png,1904.02099v3-Figure6-1,Figure 6: A plot of LAS between with respect to the number of training sentences in each treebank.,line chart,False,1,closed-ended infinite answer set visual,What is the approximate LAS value of the blue line at 1000 training sentences?,[],arxiv,['cs.CL cs.LG'],scigraphqa,1904.02099,https://arxiv.org/pdf/1904.02099v3
e70265d58f4ff74c5f1a33e6fed6bb0a,yes,0.88,0.9,0.9,2004.13783v1-Figure8-1.png,2004.13783v1-Figure8-1,"Figure 8: Scores of (a) Homogeneity, (b) Completeness, (c) Coverage and (d) V-Measure are provided to compare News based communities with Social Media communities. Here we used Ypred and Ygr derived in algorithm 2 as our cluster label and classes. Completeness measures how members of a given class are assigned to the same cluster, while homogeneity measures how each cluster contains only members of a single class. Their harmonic mean is the V-Measure [64].",line chart,True,4,closed-ended infinite answer set visual,What is the maximum value on the Y-axis of the graph in the bottom-right part?,[],arxiv,['cs.CL cs.SI'],scigraphqa,2004.13783,https://arxiv.org/pdf/2004.13783v1
6d19923e643b935c443a49a2c6a0e025,yes,150,250,250,1006.5827v1-Figure1-1.png,1006.5827v1-Figure1-1,Figure 1: Distance labels Figure 2: Times labels,line chart,True,2,closed-ended infinite answer set visual,What is the distance value at which the dashed green line reaches a value of 0?,[],arxiv,['cs.RO cs.CL'],scigraphqa,1006.5827,https://arxiv.org/pdf/1006.5827v1
0d32592efb80dc7c010441ce9165a8f1,yes,98%,95%,95%,1106.4571v1-Figure16-1.png,1106.4571v1-Figure16-1,Figure 16: Baseline Artificial Corpus,line chart,False,1,closed-ended infinite answer set visual,What is the approximate accuracy of the metric represented by a circle and a solid line?,[],arxiv,['cs.CL cs.AI'],scigraphqa,1106.4571,https://arxiv.org/pdf/1106.4571v1
b8637d3578f062fc620e36ed25383bae,yes,20.5,19.5,19.5,2005.12086v2-Figure2-1.png,2005.12086v2-Figure2-1,Figure 2: (a) Trade-off curve of G-BLEU and Style accuracy according to α (at β = 0.5) in Yelp (b) Trade-off curve of G-BLEU and Style accuracy according to β (at α = 0.7) in Yelp.,line chart,True,2,closed-ended infinite answer set visual,What is the approximate value of the blue line at β = 0.5 in the first plot?,[],arxiv,['cs.CL'],scigraphqa,2005.12086,https://arxiv.org/pdf/2005.12086v2
acf150071aa09e344a729617f4315067,yes,24.7,24,24,2020.acl-main.34.pdf-Figure5.png,2020.acl-main.34.pdf-Figure5,Figure 5: BLEU scores of Trans.base+SCWAContLoss on the EN-DE and ZH-EN test sets with different number of function words T .,line chart,False,1,closed-ended infinite answer set visual,What is the approximate BLEU score of the red line at T= 256?,[],acl,nan,aclfig,2020.acl-main.34,https://aclanthology.org/2020.acl-main.34.pdf
622060e631e4cafb1e0c9b12960c5ec8,yes,2,4,4,2010.01683v1-Figure5-1.png,2010.01683v1-Figure5-1,Figure 5: Learning curve of 10-fold cross validation,line chart,False,1,closed-ended infinite answer set visual,How many dots are there before 30% of all annotated data?,[],arxiv,['cs.CL'],scigraphqa,2010.01683,https://arxiv.org/pdf/2010.01683v1
88c55184549a9da12bee52d33b6d7b1c,yes,50%,40%,40%,1911.01102v1-Figure2-1.png,1911.01102v1-Figure2-1,Fig. 2: Evaluation on robust VGG-LSTM ASR,line chart,True,2,closed-ended infinite answer set visual,What is the value of the green line at the 'rnn5' layer?,[],arxiv,['cs.CL cs.NE cs.SD eess.AS'],scigraphqa,1911.01102,https://arxiv.org/pdf/1911.01102v1
feac505759f697dafcb25abd1f8ce7ee,yes,0,2,2,D11-1122.pdf-Figure2.png,D11-1122.pdf-Figure2,"Figure 2: The update rule (Equation 2) can be understood as choosing a minimal edge-cut, thereby greedily maximizing intra-cluster similarity and minimizing intercluster similarity. Assuming equal weight for all edges above, label 3 is chosen for the vertex being updated such that the sum of weights of edges crossing the cut is minimal.",graph,False,1,closed-ended infinite answer set visual,How many circles are formed with a solid black line?,[],acl,nan,aclfig,D11-1122,https://aclanthology.org/D11-1122.pdf
5d760e368cf8e68f24378c7ebec6279b,yes,"x, y, and τ","x,y,τ\{x,y}","x,y,τ\{x,y}",2020.scil-1.21.pdf-Figure4.png,2020.scil-1.21.pdf-Figure4,Figure 4: The factor oxy under C .,graph,False,1,closed-ended infinite answer set visual,What is inside the third circle?,[],acl,nan,aclfig,2020.scil-1.21,https://aclanthology.org/2020.scil-1.21.pdf
37d150111fbcb17fb02f0650754ab50c,yes,4,6,6,2020.scil-1.56.pdf-Figure1.png,2020.scil-1.56.pdf-Figure1,Figure 1: A 2-I-2-TISL SFST for LHOR (top) and a 2-ISL SFST for its tier projection (bottom).,graph,True,2,closed-ended infinite answer set visual,"In the first diagram, how many circles are there??",[],acl,nan,aclfig,2020.scil-1.56,https://aclanthology.org/2020.scil-1.56.pdf
41cf905097ada72b2d0b7533b30b322a,yes,3.5,4,4,2010.00363v1-Figure6-1.png,2010.00363v1-Figure6-1,"Figure 6: (a),(b): Distribution of values for each principal component on c and u. Vertical axis represents a standard deviation. (c),(d): PCA and re-PCA (see text) results of u vectors in learned LSTM. From left, VB, VBZ, NN, NNS, and CD, respectively. Characteristic dimensions of each POS can be distinguished. Note that LSTM is learned from raw text in this scenario.",Line Chart,True,4,closed-ended infinite answer set visual,What is the approximate value of the red line at the 10th component in (b) u?,[],arxiv,['cs.CL'],scigraphqa,2010.00363,https://arxiv.org/pdf/2010.00363v1
dcb5fb746e20930002b1e760610af31d,yes,3,three,three,1405.2048v1-Figure5-1.png,1405.2048v1-Figure5-1,"Figure 5: Confidence bands for Moses produced 5-gram MT method. Green lines show 10 folds and small red circles indicate ranking position for a given curve on the precision/recall chart. For each position there are as many points as there are folds and the coordinates for these positions, according to our assumption, are normally distributed for both precision and recall. After computing elliptical density contours, shown in light blue, we connected the endpoints of the longest principle axis of the neighboring ellipses to produce confidence bands (indicated by dashed light blue lines).",scatter plot,True,2,closed-ended infinite answer set visual,How many ellipses are there in the second graph?,[],arxiv,['cs.IR cs.CL'],scigraphqa,1405.2048,https://arxiv.org/pdf/1405.2048v1
4a6b2fb0de69782b9679f869ced04971,yes,0.0001,0.001,0.001,1310.6775v1-Figure1-1.png,1310.6775v1-Figure1-1,Figure 1: Word Rank Distribution,Line Chart,False,1,closed-ended infinite answer set visual,What is the value of the normalized word count for the red plus sign at a word rank of 1000?,[],arxiv,['cs.AI cs.CL cs.LG'],scigraphqa,1310.6775,https://arxiv.org/pdf/1310.6775v1
3a860a986baaae0f201d2b996d35c568,yes,22.3,22.4,22.4,2020.acl-main.428.pdf-Figure3.png,2020.acl-main.428.pdf-Figure3,Figure 3: ELI5: Perplexity vs. context repeats as a function of  in the context unlikelihood objective.,scatter plot,False,1,closed-ended infinite answer set visual,What is the approximate PPL value of the darkest blue point located furthest to the left on the scatter plot?,[],acl,nan,aclfig,2020.acl-main.428,https://aclanthology.org/2020.acl-main.428.pdf
28312512f49d6d36b2db21899e421e4a,yes,orange and blue,yellow and blue,yellow and blue,2020.acl-main.21.pdf-Figure2.png,2020.acl-main.21.pdf-Figure2,Figure 2: Illustration of answer embeddings and an answer-attention head for the forth sentence in Table 1.,neural networks,True,2,closed-ended infinite answer set visual,What color are the answer embeddings for the words 'If' and 'He'?,[],acl,nan,aclfig,2020.acl-main.21,https://aclanthology.org/2020.acl-main.21.pdf
9e310156fd673ef0ad5abf9fc46714d1,yes,black,Red,red,Y15-2010.pdf-Figure2.png,Y15-2010.pdf-Figure2,"Figure 2: For tree-to-tree system, it searches the case watashi katta (I buy) because it is a dependency pair in source parse tree and target parse tree. It does not search the case watashi akai (I red) because it is not a dependency pair in source parse tree neither in target parse tree. Unlike Fig.1, it does not search akai honwo (red book) because although it is a dependency pair in source side, it is disconnected in target side",tree,False,1,closed-ended infinite answer set visual,"What is the color of the arrow connecting the word ""red"" in Japanese to the word ""buy"" in English?",[],acl,nan,aclfig,Y15-2010,https://aclanthology.org/Y15-2010.pdf
2cb85a663cc48f46bdcf2dc1cca679c0,yes,overcrowded,WITH,with,2004.13481v1-Figure2-1.png,2004.13481v1-Figure2-1,"Figure 2 Parser Output for Query “Coping with overcrowded prisons""",tree,False,1,closed-ended infinite answer set visual,What is the label of the node connected to the left of the node labeled 'PRISONS'?,[],arxiv,['cs.IR cs.CL'],scigraphqa,2004.13481,https://arxiv.org/pdf/2004.13481v1
a6875597f4161269614366152df6a543,yes,"conjunction, 2","Conjunction, two","conjunction, two",W12-4626.pdf-Figure13.png,W12-4626.pdf-Figure13,"Figure 13: This figure shows trees that with the atomic proposition trees construct (from left to right) negation, conjunction, and disjunction.",tree,True,3,closed-ended infinite answer set visual,"What logical operation does the tree structure in the middle of Figure 13 represent, and how many branches does the top node have?",[],acl,nan,aclfig,W12-4626,https://aclanthology.org/W12-4626.pdf
92ba04a1eaf4d116599b818d4c713899,yes,new,price,price,W16-1616.pdf-Figure4.png,W16-1616.pdf-Figure4,Figure 4: Example of a pair of questions that is incorrectly predicted as similar by the first bidirectional LSTM (top) and correctly predicted by the the second bidirectional LSTM (bottom). The dark blue squares represent areas of high similarity.,confusion matrix,True,2,closed-ended infinite answer set visual,"In the first matrix, to what word does the square in the bottom-right corner corresponds?",[],acl,nan,aclfig,W16-1616,https://aclanthology.org/W16-1616.pdf
00948e37540b93b30792ac2176b29b41,yes,dots,Shaded cells,shaded cells,W14-3627.pdf-Figure2.png,W14-3627.pdf-Figure2,"Figure 2: METEOR X-ray alignment of the sentence in table 6. The left side is the output of the one-step system, the right side is the output of the two-step system, and the top is the reference. The shaded cells represent matches between the reference and the one-step system, and the dots represent matches between the reference and the twostep system.",confusion matrix,False,1,closed-ended infinite answer set visual,"In the figure, are there more shaded cells representing matches between the reference and the one-step system or more dots representing matches between the reference and the two-step system?",[],acl,nan,aclfig,W14-3627,https://aclanthology.org/W14-3627.pdf
5e623c82854ef599b1b49b436112a171,yes,60%,0.6,0.6,2020.acl-main.222.pdf-Figure1.png,2020.acl-main.222.pdf-Figure1,"Figure 1: Human evaluations on Image Chat and Wizard of Wikipedia (WoW), comparing existing state of the art models with our All Tasks MT conversational agent. Engagingness win rates are statistically significant in all three matchups (binomial test, p < .05).",bar chart,False,1,closed-ended infinite answer set visual,What is the approximate win percentage of the blue bar corresponding to the task 'WoW (Unseen)'?,[],acl,nan,aclfig,2020.acl-main.222,https://aclanthology.org/2020.acl-main.222.pdf
2d1719d801b04142db63653f561410d1,yes,55,50%,50%,2020.acl-main.375.pdf-Figure4.png,2020.acl-main.375.pdf-Figure4,"Figure 4: UAS accuracy for the average models (BERT 13, ELMo 3) on incoming dependencies of different part-of-speech categories.",bar chart,False,1,closed-ended infinite answer set visual,What is the approximate UAS value for the red chart for the 'VERB' part-of-speech category?,[],acl,nan,aclfig,2020.acl-main.375,https://aclanthology.org/2020.acl-main.375.pdf
acce9c0f12302c4cea65d051ce1e8285,yes,52,52%,52%,2020.acl-main.402.pdf-Figure3.png,2020.acl-main.402.pdf-Figure3,"Figure 3: Statistics : (a) Source across the dataset, (b) Overall speaker distribution.",pie chart,True,2,closed-ended infinite answer set visual,What is the percentage value of the blue slice of the pie chart labeled (a)?,[],acl,nan,aclfig,2020.acl-main.402,https://aclanthology.org/2020.acl-main.402.pdf
af2938b49ad950bccfe12c1b46725442,yes,outside,bottom,bottom,2020.lrec-1.678.pdf-Figure1.png,2020.lrec-1.678.pdf-Figure1,"Figure 1: Distribution of verbs in the VQA dataset (Antol et al., 2015a), to be versus other verbs.",pie chart,False,1,closed-ended infinite answer set visual,"Where, relative to the pie chart, are the section name labels placed?",[],acl,nan,aclfig,2020.lrec-1.678,https://aclanthology.org/2020.lrec-1.678.pdf
912d27752302ba169a18ea50f622fa4d,yes,72,70%,70%,1802.00768v1-Figure5-1.png,1802.00768v1-Figure5-1,"Figure. 5. Trajectory of semantic classification task performance, measured using balanced accuracy, with error bars (std) in grey.",line chart,False,1,closed-ended infinite answer set visual,What is the approximate value of the top turquoise line at a mini batch size of 1.6M?,[],arxiv,['cs.CL'],scigraphqa,1802.00768,https://arxiv.org/pdf/1802.00768v1
1cb466acae0cff2d85b75fea09d14d66,yes,1.0,1,1,2006.02295v1-Figure6-1.png,2006.02295v1-Figure6-1,"Fig. 6. Average cosine distances between pairs of embedded Hausa words as a function of their phone edit distance (development data, multilingual models).",line chart,False,1,closed-ended infinite answer set visual,What is the average cosine distance for the green line at phone edit distance 4?,[],arxiv,['cs.CL cs.SD eess.AS'],scigraphqa,2006.02295,https://arxiv.org/pdf/2006.02295v1
ccee5c39f8d0c4d8ee3b58f483603484,yes,0.867,0.87,0.87,1703.04247v1-Figure9-1.png,1703.04247v1-Figure9-1,Figure 9: AUC and Logloss comparison of number of neurons.,line chart,True,2,closed-ended infinite answer set visual,What is the value of the red line at 200 neurons on the left graph?,[],arxiv,['cs.IR cs.CL'],scigraphqa,1703.04247,https://arxiv.org/pdf/1703.04247v1
46a224c1f3a758539c3eda48b3feceb5,yes,0.90,0.95,0.95,1904.03670v2-Figure3-1.png,1904.03670v2-Figure3-1,Figure 3: Accuracy on the validation set over time for models trained on (a) the full SLU dataset or (b) 10% of the dataset.,line chart,True,2,closed-ended infinite answer set visual,What is the highest value of any line on the right graph?,[],arxiv,['eess.AS cs.CL cs.LG cs.SD'],scigraphqa,1904.03670,https://arxiv.org/pdf/1904.03670v2
cdf5f5530e52f19df1f4cabc2b83c327,yes,157,160,160,1610.04658v2-Figure2-1.png,1610.04658v2-Figure2-1,Figure 2. Test perplexity per epoch.,line chart,False,1,closed-ended infinite answer set visual,What is the perplexity value of the green line at 2 epochs?,[],arxiv,['stat.ML cs.CL cs.LG'],scigraphqa,1610.04658,https://arxiv.org/pdf/1610.04658v2
50a6bbd79ae8f2c4c4c33bc725d0571f,yes,0.27,0.28,0.28,1809.05283v2-Figure6-1.png,1809.05283v2-Figure6-1,Figure 6: Reinforcement Learning model trained for batch 1. The reward (y axis) is ROUGE-L.,line chart,False,1,closed-ended infinite answer set visual,What is the approximate maximum value of the red line?,[],arxiv,['cs.CL'],scigraphqa,1809.05283,https://arxiv.org/pdf/1809.05283v2
9453f7d6d05578feca394a416effcc78,yes,66.5,67%,67%,1505.07184v1-Figure2-1.png,1505.07184v1-Figure2-1,Figure 2: Accuracy vs. dimensionality of the representation.,line chart,False,1,closed-ended infinite answer set visual,What is the approximate accuracy of the green line at 500 dimensions?,[],arxiv,['cs.CL'],scigraphqa,1505.07184,https://arxiv.org/pdf/1505.07184v1
f17e74ed5ce0bb0989001a6d041a10e4,yes,-0.2,0,0,1709.00071v1-Figure1-1.png,1709.00071v1-Figure1-1,Figure 1: Twitter user-level analyses for all message types. Panels (a) and (b) replicate the main text analyses for Twitter user-level data. Shaded error bounds represent 95% confidence intervals.,line chart,True,2,closed-ended infinite answer set visual,What is the approximate value of the red line at 35 degrees Celsius on the left panel?,[],arxiv,['stat.AP cs.CL'],scigraphqa,1709.00071,https://arxiv.org/pdf/1709.00071v1
f9498b1a5b3c1894fb4435daedf0e31f,yes,85,80,80,2010.12794v1-Figure7-1.png,2010.12794v1-Figure7-1,"Figure 7: Hyper-parameter Sensitivity in X-Class. For T and P , we report the performance of X-Class-Align to explore their direct effects.",line chart,True,3,closed-ended infinite answer set visual,What is the value of micro-F1 for the green line in the second plot when the value of P is 64?,[],arxiv,['cs.CL cs.IR cs.LG'],scigraphqa,2010.12794,https://arxiv.org/pdf/2010.12794v1
ad93738271ba7f37a92bf57c6229a4bf,yes,0.55,0.7,0.7,1706.07206v2-Figure3-1.png,1706.07206v2-Figure3-1,"Figure 3: Impact of word deleting on initially correctly (left) and falsely (right) classified test sentences, using either SA or LRP as relevance decomposition method (LRPcons is a variant of LRP with relevance conservation). The relevance target class is the true sentence class, and words are deleted in decreasing (left) and increasing (right) order of their relevance. Random deletion is averaged over 10 runs (std < 0.016). A steep decline (left) and incline (right) indicate informative word relevance.",line chart,True,2,closed-ended infinite answer set visual,What is the accuracy of the green line at 2 words deleted in the left plot?,[],arxiv,['cs.CL cs.AI cs.NE stat.ML'],scigraphqa,1706.07206,https://arxiv.org/pdf/1706.07206v2
94f3e83b407c57d0811d0bda474ef41d,yes,0.6,0.8,0.8,1911.01098v1-Figure4.5-1.png,1911.01098v1-Figure4.5-1,Figure 4.5: Learning curves of different languages for speakers in both games. Numbers in the parentheses are length of messages in a language.,line chart,True,3,closed-ended infinite answer set visual,What is the approximate value of the green line at the x-axis value of 100 in the rightmost figure?,[],arxiv,['cs.CL'],scigraphqa,1911.01098,https://arxiv.org/pdf/1911.01098v1
3e4d6e3ed237c21ff842497603faca98,yes,0.65,0.6,0.6,2009.14722v1-Figure2-1.png,2009.14722v1-Figure2-1,Figure 2: Comparison of PR curves between our proposed model and baselines on the NYT dataset,line chart,False,1,closed-ended infinite answer set visual,What is the precision value of the red line at a recall value of 0.35?,[],arxiv,['cs.CL cs.LG'],scigraphqa,2009.14722,https://arxiv.org/pdf/2009.14722v1
67d9002fa34c6214f970346023882654,yes,15%,20,20,2004.14507v2-Figure4-1.png,2004.14507v2-Figure4-1,"Figure 4: Reward distribution and the average reward of the counterfactual response (w/ COPT) and the standard response (w/o COPT). The y-axis in (a) and (b) is the percentage, and the x-axis corresponds to three reward intervals in different epochs, including: Low reward interval [0.00, 0.33], Middle reward interval (0.33, 0.66], and High reward interval (0.66, 1.00]. The y-axis in (c) and (d) is the reward, and the x-axis corresponds to epochs.","Line Chart,Bar Chart",True,4,closed-ended infinite answer set visual,What is the percentage of the gray bar representing 'w/o COPT' in the 'High' reward interval of Epoch-7 in the reward distribution of REGS?,[],arxiv,['cs.LG cs.AI cs.CL'],scigraphqa,2004.14507,https://arxiv.org/pdf/2004.14507v2
241c29928d1c83f8683943b484f86ded,yes,37.45,0.037,0.037,1209.4277v2-Figure8-1.png,1209.4277v2-Figure8-1,"Fig. 8. Micro and Macro mutation rates according to the sub-family total number of mentions, along with their fitted model. ρM (n) = 0.225n−0.763 and ρµ(n) = 0.057n−0.739. The figure is obtained by creating 15 equally populated quantiles and averaging the mutation rate values corresponding to each quantile. Error bars stand for confidence interval (5%).",line chart,False,1,closed-ended infinite answer set visual,What is the approximate mutation rate of the blue dashed line at n=670?,[],arxiv,['cs.CY cs.CL cs.SI physics.soc-ph'],scigraphqa,1209.4277,https://arxiv.org/pdf/1209.4277v2
e2fd2a23afedd42ac92f3fa107525fd5,yes,0.98,1,1,1708.08572v1-Figure3-1.png,1708.08572v1-Figure3-1,Figure 3: Interannotator Agreement for sarcasm trigrams,line chart,False,1,closed-ended infinite answer set visual,What is the approximate value of the blue line at 40 annotators?,[],arxiv,['cs.CL'],scigraphqa,1708.08572,https://arxiv.org/pdf/1708.08572v1
8dd1c5d358196ab18103db5e657dd5ed,yes,0.6,0.7,0.7,1609.06530v1-Figure2-1.png,1609.06530v1-Figure2-1,"Fig. 2. Precision/Recall curves for the 50, FA configuration, with α = 0 (baseline UTD) and α = 0.4 (our system). AP is computed as the area under the respective curves.",line chart,False,1,closed-ended infinite answer set visual,What is the approximate value of the precision at the recall of 0.6 for the green line?,[],arxiv,['cs.CL'],scigraphqa,1609.06530,https://arxiv.org/pdf/1609.06530v1
a61799a7beb2641e8ad9ccecf1f9ee22,yes,32.5,25,25,1802.03606v1-Figure7-1.png,1802.03606v1-Figure7-1,Figure 7. Hadoop vs console test,line chart,False,1,closed-ended infinite answer set visual,What is the approximate value of the blue line when the total size is 16 GB?,[],arxiv,['cs.DC cs.CL'],scigraphqa,1802.03606,https://arxiv.org/pdf/1802.03606v1
1d967825c7b2a7be824241fe77efccce,yes,1.5,2.5,2.5,1906.02564v1-Figure6-1.png,1906.02564v1-Figure6-1,Figure 6: Training time (in minutes) for each adjustment using different methods and bundle sizes in MeD.,line chart,False,1,closed-ended infinite answer set visual,What is the training time (in minutes) for the red line with squares at 100 texts available?,[],arxiv,['cs.CL cs.AI'],scigraphqa,1906.02564,https://arxiv.org/pdf/1906.02564v1
afb8fb915f7bfffb3b0912c4b6f5830d,yes,380,360,360,1807.10311v1-Figure2-1.png,1807.10311v1-Figure2-1,"Figure 2: Growth of the English, German and Dutch Spoken Wikipedia resources over time. English and German both grow with about 33h of additional audio per year.",line chart,False,1,closed-ended infinite answer set visual,What is the approximate value of the blue line in the year 2017?,[],arxiv,['cs.CL'],scigraphqa,1807.10311,https://arxiv.org/pdf/1807.10311v1
6950f2d05c8aa7ca364d8f1a822c3f4b,yes,64.5,64,64,1912.12068v1-Figure3-1.png,1912.12068v1-Figure3-1,"Figure 3: Performance of our model with transitive extensions of order K = 1,K = 2,K = 3, and K = ∗ on SemEval dataset; (a) learned features, (b) learned + linguistic features",line chart,True,2,closed-ended infinite answer set visual,What is the F1-score of the blue line at K=3?,[],arxiv,['cs.CL'],scigraphqa,1912.12068,https://arxiv.org/pdf/1912.12068v1
e1d478b933899d02dd66eed2ed01501e,yes,87.5,85,85,1109.6341v1-Figure4-1.png,1109.6341v1-Figure4-1,Figure 4: Learning curves for Prior and MegaM models.,line chart,True,2,closed-ended infinite answer set visual,What is the value of the black dashed line at 10^3 in the plot on the left?,[],arxiv,['cs.LG cs.CL'],scigraphqa,1109.6341,https://arxiv.org/pdf/1109.6341v1
e4d7b08ae1c249e5b743fac275b257d7,yes,89.5,90,90,1910.08350v2-Figure1-1.png,1910.08350v2-Figure1-1,Figure 1: The left plot shows F1 scores of BERT-NCE and INFOWORD as we increase the percentage of training examples on SQuAD (dev). The right plot shows F1 scores of INFOWORD on SQuAD (dev) as a function of λDIM.,line chart,True,2,closed-ended infinite answer set visual,What is the approximate value of the yellow line at 80% of training examples in the left plot?,[],arxiv,['cs.CL cs.LG'],scigraphqa,1910.08350,https://arxiv.org/pdf/1910.08350v2
2398466c1621c115cf8bf95ce6745fca,yes,25.6,25,25,1902.07282v1-Figure5-1.png,1902.07282v1-Figure5-1,Figure 5: Test BLEU score of various sentence lengths,line chart,False,1,closed-ended infinite answer set visual,What is the value of the red dashed line at the sentence length range of 11-20?,[],arxiv,['cs.CL cs.AI'],scigraphqa,1902.07282,https://arxiv.org/pdf/1902.07282v1
ff0e7c82c450bb3252e7e295fab3a0b3,yes,270000,"208,744","208,744",1906.10910v2-Figure1-1.png,1906.10910v2-Figure1-1,Figure 1: Changes in the number of users and questions.,line chart,False,1,closed-ended infinite answer set visual,What is the approximate value of the red line in July-18?,[],arxiv,['cs.LG cs.CL stat.ML'],scigraphqa,1906.10910,https://arxiv.org/pdf/1906.10910v2
122a9889b86adffb677558076872a434,yes,250,300,300,1607.00570v1-Figure2-1.png,1607.00570v1-Figure2-1,"Figure 2. Example distributions of distances between non-related pairs (light grey) and related pairs (dark grey) on Twitter data, using a simple mean of word embeddings.",line chart,False,1,closed-ended infinite answer set visual,What is the approximate value of the peak of the dark grey distribution?,[],arxiv,['cs.IR cs.CL'],scigraphqa,1607.00570,https://arxiv.org/pdf/1607.00570v1
63d5f96d1f5538e783f645daac242b79,yes,0.6,0.5,0.5,1810.08641v1-Figure5-1.png,1810.08641v1-Figure5-1,"Figure 5: F1 of Rare Words Appearing 1, 2, 5×",line chart,False,1,closed-ended infinite answer set visual,What is the approximate value of the green dashed line at 14 epochs?,[],arxiv,['cs.CL'],scigraphqa,1810.08641,https://arxiv.org/pdf/1810.08641v1
2f7dc9bf28c42372ca2671f40339bf20,yes,0.115,0.12,0.12,1309.1501v3-Figure1-1.png,1309.1501v3-Figure1-1,Fig. 1. Held-out Loss With Dropout Techniques,line chart,False,1,closed-ended infinite answer set visual,What is the value of the dashed red line at 10 HF iterations?,[],arxiv,['cs.LG cs.CL cs.NE math.OC stat.ML'],scigraphqa,1309.1501,https://arxiv.org/pdf/1309.1501v3
b361439a5da75c307b8c1eca669e91b6,yes,1,3,3,1803.10916v1-Figure6-1.png,1803.10916v1-Figure6-1,Figure 6: ROCs for CRNN Attention-based model with soft attention.,line chart,False,1,closed-ended infinite answer set visual,What is the value of 'False Rejects (%)' for the red dashdotted line when 'False Alarms Per Hour' is 1?,[],arxiv,['cs.SD cs.CL eess.AS'],scigraphqa,1803.10916,https://arxiv.org/pdf/1803.10916v1
d31e7ba13876d4ba5f804c133e4e5845,yes,15.5,16,16,1610.00072v1-Figure2-1.png,1610.00072v1-Figure2-1,Figure 2: BLEU vs. vocabulary size for different selection strategies.,line chart,False,1,closed-ended infinite answer set visual,What is the BLEU score of the brown line when the vocabulary size is 5000?,[],arxiv,['cs.CL'],scigraphqa,1610.00072,https://arxiv.org/pdf/1610.00072v1
41d7507fea7a20d8f501e475033da266,yes,68,70,70,2009.00914v1-Figure3-1.png,2009.00914v1-Figure3-1,Figure 3: Retriever and ranker recall. The x-axis is logscale.,line chart,False,1,closed-ended infinite answer set visual,What is the value of 'Metric' where the orange line intersects the grey line?,[],arxiv,['cs.CL cs.AI'],scigraphqa,2009.00914,https://arxiv.org/pdf/2009.00914v1
e594406a584433fc7fb25d625dfab8ee,yes,-0.015,-0.01,-0.01,1002.0773v1-Figure7-1.png,1002.0773v1-Figure7-1,"Figure 7: MMI criterion on the training data during 100 iterations of extended Baum-Welch with lattice regeneration. The x-axis gives the extended Baum-Welch iteration, with x=0 being the mle.",line chart,False,1,closed-ended infinite answer set visual,What is the approximate value of the green line at x=50?,[],arxiv,['cs.CL'],scigraphqa,1002.0773,https://arxiv.org/pdf/1002.0773v1
3f415a90f988fc5d7aaf60b7fc5a292f,yes,75,85,85,2006.06402v2-Figure4-1.png,2006.06402v2-Figure4-1,"Figure 4: Comparison between our model (solid lines) and Attention-Informed Mixed Training (Att.) model (dashed lines). Results with different β in (a) and (b) and different subset size of training data in (c) and (d). In (c) and (d), it’s worth that the dashline denotes Att. performance with 100% training data and the solid line represents our model performance by varying the proportion training data size.",line chart,True,4,closed-ended infinite answer set visual,What is the value of the blue solid line for Spanish in the bottom right graph at the x-axis value of 0.1?,[],arxiv,['cs.CL'],scigraphqa,2006.06402,https://arxiv.org/pdf/2006.06402v2
13cac1f3b65ea08121de73ec5343adc3,yes,0.68,0.6,0.6,1611.09921v2-Figure3-1.png,1611.09921v2-Figure3-1,Figure 3: Performances on the 20NG dataset.,"Line Chart,table",True,3,closed-ended infinite answer set visual,What is the value of the red circle at TopK = 10 in the left subplot?,[],arxiv,['cs.LG cs.CL cs.IR'],scigraphqa,1611.09921,https://arxiv.org/pdf/1611.09921v2
8c32493f22a28a65acee3f26533eacd6,yes,42,45,45,2002.11296v1-Figure4-1.png,2002.11296v1-Figure4-1,Figure 4. Effect of sorting iterations k on perplexity scores (LM1B).,line chart,False,1,closed-ended infinite answer set visual,What is the approximate value of the red line at 10 sort iterations?,[],arxiv,['cs.LG cs.CL'],scigraphqa,2002.11296,https://arxiv.org/pdf/2002.11296v1
4214502a5497ba98f00f2f13bfcfe040,yes,1.0,1,1,1002.0773v1-Figure13-1.png,1002.0773v1-Figure13-1,Figure 13: Densities of the scaled standard deviations before (blue) and after (black) 100 iterations of extended Baum-Welch.,line chart,False,1,closed-ended infinite answer set visual,At approximately what standard deviation does the blue line reach a peak?,[],arxiv,['cs.CL'],scigraphqa,1002.0773,https://arxiv.org/pdf/1002.0773v1
f45e2a1d0d7968f246b148d51f89e831,yes,5,1,1,C00-1054.pdf-Figure9.png,C00-1054.pdf-Figure9,Figure 9: Projection of Output tape of GestLang Transducer,graph,False,1,closed-ended infinite answer set visual,What is the number inside the double-ringed circle?,[],acl,nan,aclfig,C00-1054,https://aclanthology.org/C00-1054.pdf
07647e65070ed626b49692679ad6e7d3,yes,θ,Observation,observation,D11-1135.pdf-Figure1.png,D11-1135.pdf-Figure1,"Figure 1: Rel-LDA model. Shaded circles are observations, and unshaded ones are hidden variables. A document consists of N tuples. Each tuple has a set of features. Each feature of a tuple is generated independently from a hidden relation variable r.",graph,False,1,closed-ended infinite answer set visual,What is the label of the top right circle in the figure?,[],acl,nan,aclfig,D11-1135,https://aclanthology.org/D11-1135.pdf
2f2eed066c8c38ce04a29eae50d9313b,yes,circular,circles,circles,1605.08889v2-Figure4-1.png,1605.08889v2-Figure4-1,Figure 4: Plot of total correct answers vs. IRT scores.,scatter plot,False,1,closed-ended infinite answer set visual,What shape are the markers in the scatter plot?,[],arxiv,['cs.CL'],scigraphqa,1605.08889,https://arxiv.org/pdf/1605.08889v2
6f76248dec91a50a35c44bab2b3a983c,yes,rectangular with rounded corners,rectangle,rectangle,2020.acl-main.78.pdf-Figure1.png,2020.acl-main.78.pdf-Figure1,"Figure 1: The framework of the proposed SemiORC. denotes the matrix multiplication. In the training process, the predicted labels yi and observed labels yi are used to compute the classification loss for labeled data.",neural networks,False,1,closed-ended infinite answer set visual,"What is the shape of the box labeled ""Classifier""?",[],acl,nan,aclfig,2020.acl-main.78,https://aclanthology.org/2020.acl-main.78.pdf
f5e2f711828f57802a25394c27c44a80,yes,3,36,36,N18-1121.pdf-Figure3.png,N18-1121.pdf-Figure3,Figure 3: Illustration of our proposed model. The context network is a differentiable network that computes context vector ct for word xt taking the whole sequence as input.  represents the operation that combines original word embedding xt with corresponding context vector ct to form context-aware word embeddings.,neural networks,False,1,closed-ended infinite answer set visual,How many circles are in the leftmost column of the context network?,[],acl,nan,aclfig,N18-1121,https://aclanthology.org/N18-1121.pdf
3ceb7cec9703e36e4ce7de3caa56992c,yes,samānakālikatvam,bālakah,bālakah,W12-4701.pdf-Figure8.png,W12-4701.pdf-Figure8,Figure 8: Samanakalkatvam,tree,False,1,closed-ended infinite answer set visual,What is the word associated with the arrow pointing from the rightmost circle to the top circle left of it?,[],acl,nan,aclfig,W12-4701,https://aclanthology.org/W12-4701.pdf
dfb2dbae564ea87be967012d6787e7ff,yes,t[2],t2,t2,W12-4627.pdf-Figure1.png,W12-4627.pdf-Figure1,Figure 1: Tree Set for some fundraiser,tree,False,1,closed-ended infinite answer set visual,What is the label of the node directly below the topmost node with label 't'?,[],acl,nan,aclfig,W12-4627,https://aclanthology.org/W12-4627.pdf
80aebbd3edfa5c5c9d98f83cf4debe10,yes,c,B,b,W12-4705.pdf-Figure1.png,W12-4705.pdf-Figure1,Figure 1: Abstract example tree.,tree,False,1,closed-ended infinite answer set visual,What is the name of the node below and to the right of A?,[],acl,nan,aclfig,W12-4705,https://aclanthology.org/W12-4705.pdf
3888e2d6e3628c0a4387d98559b83e8f,yes,2,1,1,Y15-2011.pdf-Figure2.png,Y15-2011.pdf-Figure2,Figure 2. Realignment from finer-grained to coarser-grained,Graph,False,1,closed-ended infinite answer set visual,How many lines connect the Mongolian word at position 1 to the Chinese characters?,[],acl,nan,aclfig,Y15-2011,https://aclanthology.org/Y15-2011.pdf
e00aa5dc9a9756a7cf40a1385309b124,yes,0.05,0.2,0.2,W13-4011.pdf-Figure4.png,W13-4011.pdf-Figure4,Figure 4: Distribution of the lexical items,Bar Chart,False,1,closed-ended infinite answer set visual,"What is the value of lower end of the longest bar in the stacked bar chart labelled ""CID_LL""?",[],acl,nan,aclfig,W13-4011,https://aclanthology.org/W13-4011.pdf
65badbeddb0a474c521eecfcc63fa83f,yes,rectangle,square,square,W17-2401.pdf-Figure3.png,W17-2401.pdf-Figure3,Figure 3: Accuracy rate (from 0 to 1) in the pairwise classification using network features extracted from mesoscopic networks.,Heat Map,False,1,closed-ended infinite answer set visual,What geometric shape does the overall chart in figure 3 resemble?,[],acl,nan,aclfig,W17-2401,https://aclanthology.org/W17-2401.pdf
4a6b4afd9f6a7071e3b5e2fa3b50cb03,yes,3,0,0,S19-2111.pdf-Figure5.png,S19-2111.pdf-Figure5,"Figure 5: Sub-task B, HAD-Tubingen LSTM + Preprocessing.",confusion matrix,False,1,closed-ended infinite answer set visual,What is the value represented by the darkest-colored cell in the confusion matrix shown in Figure 5?,[],acl,nan,aclfig,S19-2111,https://aclanthology.org/S19-2111.pdf
3d7ee91f16399797ab9c7fa9fc35f4f0,yes,0.25,0.3,0.3,2020.acl-main.591.pdf-Figure4.png,2020.acl-main.591.pdf-Figure4,"Figure 4: Accuracy breakdown w.r.t. constituent height in unbiased trees derived from the syntactic task distances in our model (top) and the language modeling distances (bottom). A constituent is considered as correct if its boundaries correspond to a true constituent. The constituents heights are those in the predicted tree. Since constituents that represent the whole sentence always have correct boundaries, they are excluded from the calculation.",bar chart,True,2,closed-ended infinite answer set visual,What is the approximate accuracy of the blue bar at constituent height 2 in the bottom graph?,[],acl,nan,aclfig,2020.acl-main.591,https://aclanthology.org/2020.acl-main.591.pdf
65de7f6786f0c9d5528e5384bd92aa05,yes,0.48,0.5,0.5,2020.acl-main.219.pdf-Figure4.png,2020.acl-main.219.pdf-Figure4,"Figure 4: Human evaluations on IMAGE-CHAT. Engagingness win rates of pairwise comparisons between human utterances and TRANSRESNETRET (ResNet152 or ResNeXt-IG-3.5B) or TRANSRESNETGEN , comparing over the rounds of dialogue.",bar chart,False,1,closed-ended infinite answer set visual,What is the height of the red bar at the second round of comparison position?,[],acl,nan,aclfig,2020.acl-main.219,https://aclanthology.org/2020.acl-main.219.pdf
